=== ANTIGRAVITY / VS CODE TERMINAL LOG ===
Initializing distributed training pipeline...

======================================
Training Model: MiniRocket on Dataset: PhysionetMI
======================================
{"type": "progress", "message": "Extracting data for 10-Class Master..."}
NOTE: pick_channels() is a legacy function. New code should use inst.pick(...).
NOTE: pick_channels() is a legacy function. New code should use inst.pick(...).
NOTE: pick_channels() is a legacy function. New code should use inst.pick(...).
NOTE: pick_channels() is a legacy function. New code should use inst.pick(...).
NOTE: pick_channels() is a legacy function. New code should use inst.pick(...).
NOTE: pick_channels() is a legacy function. New code should use inst.pick(...).
NOTE: pick_channels() is a legacy function. New code should use inst.pick(...).
NOTE: pick_channels() is a legacy function. New code should use inst.pick(...).
NOTE: pick_channels() is a legacy function. New code should use inst.pick(...).
NOTE: pick_channels() is a legacy function. New code should use inst.pick(...).
NOTE: pick_channels() is a legacy function. New code should use inst.pick(...).
NOTE: pick_channels() is a legacy function. New code should use inst.pick(...).
NOTE: pick_channels() is a legacy function. New code should use inst.pick(...).
NOTE: pick_channels() is a legacy function. New code should use inst.pick(...).
EEG channel type selected for re-referencing
Applying average reference.
Applying a custom ('EEG',) reference.
EEG channel type selected for re-referencing
Applying average reference.
Applying a custom ('EEG',) reference.
EEG channel type selected for re-referencing
Applying average reference.
Applying a custom ('EEG',) reference.
EEG channel type selected for re-referencing
Applying average reference.
Applying a custom ('EEG',) reference.
EEG channel type selected for re-referencing
Applying average reference.
Applying a custom ('EEG',) reference.
EEG channel type selected for re-referencing
Applying average reference.
Applying a custom ('EEG',) reference.
EEG channel type selected for re-referencing
Applying average reference.
Applying a custom ('EEG',) reference.
EEG channel type selected for re-referencing
Applying average reference.
Applying a custom ('EEG',) reference.
EEG channel type selected for re-referencing
Applying average reference.
Applying a custom ('EEG',) reference.
EEG channel type selected for re-referencing
Applying average reference.
Applying a custom ('EEG',) reference.
EEG channel type selected for re-referencing
Applying average reference.
Applying a custom ('EEG',) reference.
EEG channel type selected for re-referencing
Applying average reference.
Applying a custom ('EEG',) reference.
EEG channel type selected for re-referencing
Applying average reference.
Applying a custom ('EEG',) reference.
EEG channel type selected for re-referencing
Applying average reference.
Applying a custom ('EEG',) reference.
NOTE: pick_channels() is a legacy function. New code should use inst.pick(...).
NOTE: pick_channels() is a legacy function. New code should use inst.pick(...).
NOTE: pick_channels() is a legacy function. New code should use inst.pick(...).
NOTE: pick_channels() is a legacy function. New code should use inst.pick(...).
NOTE: pick_channels() is a legacy function. New code should use inst.pick(...).
NOTE: pick_channels() is a legacy function. New code should use inst.pick(...).
NOTE: pick_channels() is a legacy function. New code should use inst.pick(...).
NOTE: pick_channels() is a legacy function. New code should use inst.pick(...).
NOTE: pick_channels() is a legacy function. New code should use inst.pick(...).
NOTE: pick_channels() is a legacy function. New code should use inst.pick(...).
NOTE: pick_channels() is a legacy function. New code should use inst.pick(...).
NOTE: pick_channels() is a legacy function. New code should use inst.pick(...).
NOTE: pick_channels() is a legacy function. New code should use inst.pick(...).
NOTE: pick_channels() is a legacy function. New code should use inst.pick(...).
EEG channel type selected for re-referencing
Applying average reference.
Applying a custom ('EEG',) reference.
EEG channel type selected for re-referencing
Applying average reference.
Applying a custom ('EEG',) reference.
EEG channel type selected for re-referencing
Applying average reference.
Applying a custom ('EEG',) reference.
EEG channel type selected for re-referencing
Applying average reference.
Applying a custom ('EEG',) reference.
EEG channel type selected for re-referencing
Applying average reference.
Applying a custom ('EEG',) reference.
EEG channel type selected for re-referencing
Applying average reference.
Applying a custom ('EEG',) reference.
EEG channel type selected for re-referencing
Applying average reference.
Applying a custom ('EEG',) reference.
EEG channel type selected for re-referencing
Applying average reference.
Applying a custom ('EEG',) reference.
EEG channel type selected for re-referencing
Applying average reference.
Applying a custom ('EEG',) reference.
EEG channel type selected for re-referencing
Applying average reference.
Applying a custom ('EEG',) reference.
EEG channel type selected for re-referencing
Applying average reference.
Applying a custom ('EEG',) reference.
EEG channel type selected for re-referencing
Applying average reference.
Applying a custom ('EEG',) reference.
EEG channel type selected for re-referencing
Applying average reference.
Applying a custom ('EEG',) reference.
EEG channel type selected for re-referencing
Applying average reference.
Applying a custom ('EEG',) reference.
NOTE: pick_channels() is a legacy function. New code should use inst.pick(...).
NOTE: pick_channels() is a legacy function. New code should use inst.pick(...).
NOTE: pick_channels() is a legacy function. New code should use inst.pick(...).
NOTE: pick_channels() is a legacy function. New code should use inst.pick(...).
NOTE: pick_channels() is a legacy function. New code should use inst.pick(...).
NOTE: pick_channels() is a legacy function. New code should use inst.pick(...).
NOTE: pick_channels() is a legacy function. New code should use inst.pick(...).
NOTE: pick_channels() is a legacy function. New code should use inst.pick(...).
NOTE: pick_channels() is a legacy function. New code should use inst.pick(...).
NOTE: pick_channels() is a legacy function. New code should use inst.pick(...).
NOTE: pick_channels() is a legacy function. New code should use inst.pick(...).
NOTE: pick_channels() is a legacy function. New code should use inst.pick(...).
NOTE: pick_channels() is a legacy function. New code should use inst.pick(...).
NOTE: pick_channels() is a legacy function. New code should use inst.pick(...).
EEG channel type selected for re-referencing
Applying average reference.
Applying a custom ('EEG',) reference.
EEG channel type selected for re-referencing
Applying average reference.
Applying a custom ('EEG',) reference.
EEG channel type selected for re-referencing
Applying average reference.
Applying a custom ('EEG',) reference.
EEG channel type selected for re-referencing
Applying average reference.
Applying a custom ('EEG',) reference.
EEG channel type selected for re-referencing
Applying average reference.
Applying a custom ('EEG',) reference.
EEG channel type selected for re-referencing
Applying average reference.
Applying a custom ('EEG',) reference.
EEG channel type selected for re-referencing
Applying average reference.
Applying a custom ('EEG',) reference.
EEG channel type selected for re-referencing
Applying average reference.
Applying a custom ('EEG',) reference.
EEG channel type selected for re-referencing
Applying average reference.
Applying a custom ('EEG',) reference.
EEG channel type selected for re-referencing
Applying average reference.
Applying a custom ('EEG',) reference.
EEG channel type selected for re-referencing
Applying average reference.
Applying a custom ('EEG',) reference.
EEG channel type selected for re-referencing
Applying average reference.
Applying a custom ('EEG',) reference.
EEG channel type selected for re-referencing
Applying average reference.
Applying a custom ('EEG',) reference.
EEG channel type selected for re-referencing
Applying average reference.
Applying a custom ('EEG',) reference.
NOTE: pick_channels() is a legacy function. New code should use inst.pick(...).
NOTE: pick_channels() is a legacy function. New code should use inst.pick(...).
NOTE: pick_channels() is a legacy function. New code should use inst.pick(...).
NOTE: pick_channels() is a legacy function. New code should use inst.pick(...).
NOTE: pick_channels() is a legacy function. New code should use inst.pick(...).
NOTE: pick_channels() is a legacy function. New code should use inst.pick(...).
NOTE: pick_channels() is a legacy function. New code should use inst.pick(...).
NOTE: pick_channels() is a legacy function. New code should use inst.pick(...).
NOTE: pick_channels() is a legacy function. New code should use inst.pick(...).
NOTE: pick_channels() is a legacy function. New code should use inst.pick(...).
NOTE: pick_channels() is a legacy function. New code should use inst.pick(...).
NOTE: pick_channels() is a legacy function. New code should use inst.pick(...).
NOTE: pick_channels() is a legacy function. New code should use inst.pick(...).
NOTE: pick_channels() is a legacy function. New code should use inst.pick(...).
EEG channel type selected for re-referencing
Applying average reference.
Applying a custom ('EEG',) reference.
EEG channel type selected for re-referencing
Applying average reference.
Applying a custom ('EEG',) reference.
EEG channel type selected for re-referencing
Applying average reference.
Applying a custom ('EEG',) reference.
EEG channel type selected for re-referencing
Applying average reference.
Applying a custom ('EEG',) reference.
EEG channel type selected for re-referencing
Applying average reference.
Applying a custom ('EEG',) reference.
EEG channel type selected for re-referencing
Applying average reference.
Applying a custom ('EEG',) reference.
EEG channel type selected for re-referencing
Applying average reference.
Applying a custom ('EEG',) reference.
EEG channel type selected for re-referencing
Applying average reference.
Applying a custom ('EEG',) reference.
EEG channel type selected for re-referencing
Applying average reference.
Applying a custom ('EEG',) reference.
EEG channel type selected for re-referencing
Applying average reference.
Applying a custom ('EEG',) reference.
EEG channel type selected for re-referencing
Applying average reference.
Applying a custom ('EEG',) reference.
EEG channel type selected for re-referencing
Applying average reference.
Applying a custom ('EEG',) reference.
EEG channel type selected for re-referencing
Applying average reference.
Applying a custom ('EEG',) reference.
EEG channel type selected for re-referencing
Applying average reference.
Applying a custom ('EEG',) reference.
NOTE: pick_channels() is a legacy function. New code should use inst.pick(...).
NOTE: pick_channels() is a legacy function. New code should use inst.pick(...).
NOTE: pick_channels() is a legacy function. New code should use inst.pick(...).
NOTE: pick_channels() is a legacy function. New code should use inst.pick(...).
NOTE: pick_channels() is a legacy function. New code should use inst.pick(...).
NOTE: pick_channels() is a legacy function. New code should use inst.pick(...).
NOTE: pick_channels() is a legacy function. New code should use inst.pick(...).
NOTE: pick_channels() is a legacy function. New code should use inst.pick(...).
NOTE: pick_channels() is a legacy function. New code should use inst.pick(...).
NOTE: pick_channels() is a legacy function. New code should use inst.pick(...).
NOTE: pick_channels() is a legacy function. New code should use inst.pick(...).
NOTE: pick_channels() is a legacy function. New code should use inst.pick(...).
NOTE: pick_channels() is a legacy function. New code should use inst.pick(...).
NOTE: pick_channels() is a legacy function. New code should use inst.pick(...).
EEG channel type selected for re-referencing
Applying average reference.
Applying a custom ('EEG',) reference.
EEG channel type selected for re-referencing
Applying average reference.
Applying a custom ('EEG',) reference.
EEG channel type selected for re-referencing
Applying average reference.
Applying a custom ('EEG',) reference.
EEG channel type selected for re-referencing
Applying average reference.
Applying a custom ('EEG',) reference.
EEG channel type selected for re-referencing
Applying average reference.
Applying a custom ('EEG',) reference.
EEG channel type selected for re-referencing
Applying average reference.
Applying a custom ('EEG',) reference.
EEG channel type selected for re-referencing
Applying average reference.
Applying a custom ('EEG',) reference.
EEG channel type selected for re-referencing
Applying average reference.
Applying a custom ('EEG',) reference.
EEG channel type selected for re-referencing
Applying average reference.
Applying a custom ('EEG',) reference.
EEG channel type selected for re-referencing
Applying average reference.
Applying a custom ('EEG',) reference.
EEG channel type selected for re-referencing
Applying average reference.
Applying a custom ('EEG',) reference.
EEG channel type selected for re-referencing
Applying average reference.
Applying a custom ('EEG',) reference.
EEG channel type selected for re-referencing
Applying average reference.
Applying a custom ('EEG',) reference.
EEG channel type selected for re-referencing
Applying average reference.
Applying a custom ('EEG',) reference.
{"type": "info", "message": "No metadata found. Using temporal slice..."}
{"type": "info", "message": "Augmenting training data... Original shape: (718, 20, 656)"}
{"type": "info", "message": "Augmented shape: (2154, 20, 656)"}
{"type": "progress", "message": "Training GPU-Accelerated MiniRocket..."}
[MiniRocketPipeline] Using device: cuda
[MiniRocketPipeline] Extracting PPV features on GPU...
[MiniRocketPipeline] Training GPU MLP Head...
[MiniRocketPipeline] Done in 53.51s
{"type": "chart_update", "epoch": 100, "train_loss": 0.0, "train_acc": 1.0, "val_loss": 0.0, "val_acc": 0.25555555555555554}
{"type": "complete", "message": "Training completed successfully for MiniRocket on master_physionet!", "final_val_acc": 0.2717391304347826, "latency_ms": 176.00321769714355}

======================================
Training Model: CNN-LSTM on Dataset: PhysionetMI
======================================
{"type": "info", "message": "No metadata found. Using temporal slice..."}
{"type": "info", "message": "Augmenting training data... Original shape: (718, 20, 656)"}
{"type": "info", "message": "Augmented shape: (2154, 20, 656)"}
{"type": "progress", "message": "Training CNN-LSTM Baseline..."}
{"type": "reset_chart"}
{"type": "epoch", "epoch": "1/100", "train_loss": 1.3750924092260022, "train_acc": 0.2901578458681523, "val_loss": 1.3913010358810425, "val_acc": 0.25555555555555554}
{"type": "epoch", "epoch": "2/100", "train_loss": 1.2873277837962271, "train_acc": 0.3467966573816156, "val_loss": 1.4234001636505127, "val_acc": 0.24444444444444444}
{"type": "epoch", "epoch": "3/100", "train_loss": 1.2296721044246421, "train_acc": 0.37047353760445684, "val_loss": 1.4266265630722046, "val_acc": 0.26666666666666666}
{"type": "epoch", "epoch": "4/100", "train_loss": 1.170250585373619, "train_acc": 0.415041782729805, "val_loss": 1.4178054332733154, "val_acc": 0.24444444444444444}
{"type": "epoch", "epoch": "5/100", "train_loss": 1.107166322160896, "train_acc": 0.41736304549675024, "val_loss": 1.4091594219207764, "val_acc": 0.17777777777777778}
{"type": "epoch", "epoch": "6/100", "train_loss": 1.0527083930198862, "train_acc": 0.4558960074280409, "val_loss": 1.3986353874206543, "val_acc": 0.1}
{"type": "epoch", "epoch": "7/100", "train_loss": 1.0026560669268516, "train_acc": 0.479108635097493, "val_loss": 1.4255492687225342, "val_acc": 0.2222222222222222}
{"type": "epoch", "epoch": "8/100", "train_loss": 0.966692421761728, "train_acc": 0.5190343546889508, "val_loss": 1.5695675611495972, "val_acc": 0.25555555555555554}
{"type": "epoch", "epoch": "9/100", "train_loss": 0.9442915386254852, "train_acc": 0.5566388115134633, "val_loss": 1.5850704908370972, "val_acc": 0.3111111111111111}
{"type": "epoch", "epoch": "10/100", "train_loss": 0.8464325353185004, "train_acc": 0.6012070566388115, "val_loss": 1.5478808879852295, "val_acc": 0.26666666666666666}
{"type": "epoch", "epoch": "11/100", "train_loss": 0.7974657901703702, "train_acc": 0.6142061281337048, "val_loss": 1.6153305768966675, "val_acc": 0.3333333333333333}
{"type": "epoch", "epoch": "12/100", "train_loss": 0.7795206869545089, "train_acc": 0.6462395543175488, "val_loss": 1.6780383586883545, "val_acc": 0.24444444444444444}
{"type": "epoch", "epoch": "13/100", "train_loss": 0.7269071656017251, "train_acc": 0.6666666666666666, "val_loss": 1.7500457763671875, "val_acc": 0.28888888888888886}
{"type": "epoch", "epoch": "14/100", "train_loss": 0.6552972071903551, "train_acc": 0.6880222841225627, "val_loss": 1.6108708381652832, "val_acc": 0.3}
{"type": "epoch", "epoch": "15/100", "train_loss": 0.6719373720823446, "train_acc": 0.6908077994428969, "val_loss": 2.2020654678344727, "val_acc": 0.2777777777777778}
{"type": "epoch", "epoch": "16/100", "train_loss": 0.6144951406516957, "train_acc": 0.733983286908078, "val_loss": 2.7506086826324463, "val_acc": 0.24444444444444444}
{"type": "epoch", "epoch": "17/100", "train_loss": 0.6041127813006288, "train_acc": 0.7390900649953575, "val_loss": 2.2084152698516846, "val_acc": 0.23333333333333334}
{"type": "epoch", "epoch": "18/100", "train_loss": 0.575482900400569, "train_acc": 0.7539461467038069, "val_loss": 2.368406295776367, "val_acc": 0.25555555555555554}
{"type": "epoch", "epoch": "19/100", "train_loss": 0.5005855731866707, "train_acc": 0.7794800371402043, "val_loss": 2.0955915451049805, "val_acc": 0.3}
{"type": "epoch", "epoch": "20/100", "train_loss": 0.4573913202755077, "train_acc": 0.8022284122562674, "val_loss": 2.451646566390991, "val_acc": 0.26666666666666666}
{"type": "epoch", "epoch": "21/100", "train_loss": 0.4931229412445008, "train_acc": 0.7892293407613742, "val_loss": 2.5753121376037598, "val_acc": 0.28888888888888886}
{"type": "epoch", "epoch": "22/100", "train_loss": 0.4231495221898638, "train_acc": 0.8328690807799443, "val_loss": 2.5390923023223877, "val_acc": 0.2777777777777778}
{"type": "epoch", "epoch": "23/100", "train_loss": 0.3778076405700092, "train_acc": 0.8454038997214485, "val_loss": 3.3926711082458496, "val_acc": 0.2777777777777778}
{"type": "epoch", "epoch": "24/100", "train_loss": 0.371601864764728, "train_acc": 0.8389043639740018, "val_loss": 3.6363086700439453, "val_acc": 0.28888888888888886}
{"type": "epoch", "epoch": "25/100", "train_loss": 0.3580431227011047, "train_acc": 0.8467966573816156, "val_loss": 2.6820731163024902, "val_acc": 0.3111111111111111}
{"type": "epoch", "epoch": "26/100", "train_loss": 0.2896519020794715, "train_acc": 0.8922934076137419, "val_loss": 3.324326276779175, "val_acc": 0.3111111111111111}
{"type": "epoch", "epoch": "27/100", "train_loss": 0.29096649140257913, "train_acc": 0.8853296193129062, "val_loss": 3.603442430496216, "val_acc": 0.24444444444444444}
{"type": "epoch", "epoch": "28/100", "train_loss": 0.27132250298032523, "train_acc": 0.8950789229340761, "val_loss": 3.3777506351470947, "val_acc": 0.28888888888888886}
{"type": "epoch", "epoch": "29/100", "train_loss": 0.23799100883491855, "train_acc": 0.9066852367688022, "val_loss": 3.6110434532165527, "val_acc": 0.26666666666666666}
{"type": "epoch", "epoch": "30/100", "train_loss": 0.24416803811419974, "train_acc": 0.9052924791086351, "val_loss": 4.994369983673096, "val_acc": 0.24444444444444444}
{"type": "epoch", "epoch": "31/100", "train_loss": 0.25581857243841627, "train_acc": 0.8992571959145775, "val_loss": 3.7410356998443604, "val_acc": 0.23333333333333334}
{"type": "epoch", "epoch": "32/100", "train_loss": 0.22439920863511945, "train_acc": 0.914113277623027, "val_loss": 4.45543098449707, "val_acc": 0.23333333333333334}
{"type": "epoch", "epoch": "33/100", "train_loss": 0.203889831167299, "train_acc": 0.9266480965645311, "val_loss": 4.972516059875488, "val_acc": 0.28888888888888886}
{"type": "epoch", "epoch": "34/100", "train_loss": 0.24265905582417796, "train_acc": 0.9182915506035283, "val_loss": 4.787900447845459, "val_acc": 0.28888888888888886}
{"type": "epoch", "epoch": "35/100", "train_loss": 0.18844694953442948, "train_acc": 0.9271123491179202, "val_loss": 4.648411750793457, "val_acc": 0.3111111111111111}
{"type": "epoch", "epoch": "36/100", "train_loss": 0.14785898366844422, "train_acc": 0.9442896935933147, "val_loss": 4.455173015594482, "val_acc": 0.28888888888888886}
{"type": "epoch", "epoch": "37/100", "train_loss": 0.19645222545555596, "train_acc": 0.9312906220984215, "val_loss": 4.212521553039551, "val_acc": 0.28888888888888886}
{"type": "epoch", "epoch": "38/100", "train_loss": 0.17133254009258336, "train_acc": 0.9368616527390901, "val_loss": 5.5605010986328125, "val_acc": 0.2777777777777778}
{"type": "epoch", "epoch": "39/100", "train_loss": 0.20065926929923705, "train_acc": 0.935468895078923, "val_loss": 4.786952972412109, "val_acc": 0.25555555555555554}
{"type": "epoch", "epoch": "40/100", "train_loss": 0.11408750567595606, "train_acc": 0.9610027855153204, "val_loss": 6.226143836975098, "val_acc": 0.24444444444444444}
{"type": "epoch", "epoch": "41/100", "train_loss": 0.1168964256566215, "train_acc": 0.9596100278551533, "val_loss": 4.130508899688721, "val_acc": 0.3}
{"type": "epoch", "epoch": "42/100", "train_loss": 0.1163396373488002, "train_acc": 0.9633240482822656, "val_loss": 5.6666741371154785, "val_acc": 0.25555555555555554}
{"type": "epoch", "epoch": "43/100", "train_loss": 0.07077977673160112, "train_acc": 0.9781801299907149, "val_loss": 6.054404258728027, "val_acc": 0.25555555555555554}
{"type": "epoch", "epoch": "44/100", "train_loss": 0.08652660198087701, "train_acc": 0.968895078922934, "val_loss": 4.435241222381592, "val_acc": 0.3}
{"type": "epoch", "epoch": "45/100", "train_loss": 0.0870121860100145, "train_acc": 0.9726090993500465, "val_loss": 6.383121013641357, "val_acc": 0.2777777777777778}
{"type": "epoch", "epoch": "46/100", "train_loss": 0.11283050936075167, "train_acc": 0.9656453110492108, "val_loss": 6.717698097229004, "val_acc": 0.26666666666666666}
{"type": "epoch", "epoch": "47/100", "train_loss": 0.09657699433168329, "train_acc": 0.967966573816156, "val_loss": 6.162583827972412, "val_acc": 0.25555555555555554}
{"type": "epoch", "epoch": "48/100", "train_loss": 0.07260332218334148, "train_acc": 0.9805013927576601, "val_loss": 7.063643932342529, "val_acc": 0.2777777777777778}
{"type": "epoch", "epoch": "49/100", "train_loss": 0.050599047316181214, "train_acc": 0.9870009285051068, "val_loss": 7.77076530456543, "val_acc": 0.26666666666666666}
{"type": "epoch", "epoch": "50/100", "train_loss": 0.08247001050429258, "train_acc": 0.9740018570102136, "val_loss": 7.542835235595703, "val_acc": 0.2777777777777778}
{"type": "epoch", "epoch": "51/100", "train_loss": 0.037639897887421184, "train_acc": 0.989322191272052, "val_loss": 7.362008094787598, "val_acc": 0.25555555555555554}
{"type": "epoch", "epoch": "52/100", "train_loss": 0.03669292404175414, "train_acc": 0.9907149489322191, "val_loss": 7.4207844734191895, "val_acc": 0.28888888888888886}
{"type": "epoch", "epoch": "53/100", "train_loss": 0.022161818182955435, "train_acc": 0.9935004642525533, "val_loss": 7.678006649017334, "val_acc": 0.25555555555555554}
{"type": "epoch", "epoch": "54/100", "train_loss": 0.04356845544033728, "train_acc": 0.9902506963788301, "val_loss": 7.765353202819824, "val_acc": 0.28888888888888886}
{"type": "epoch", "epoch": "55/100", "train_loss": 0.030538509268669918, "train_acc": 0.9883936861652739, "val_loss": 7.731991291046143, "val_acc": 0.28888888888888886}
{"type": "epoch", "epoch": "56/100", "train_loss": 0.01440035984976807, "train_acc": 0.9972144846796658, "val_loss": 7.044132709503174, "val_acc": 0.23333333333333334}
{"type": "epoch", "epoch": "57/100", "train_loss": 0.037611464308505614, "train_acc": 0.9916434540389972, "val_loss": 7.506922721862793, "val_acc": 0.25555555555555554}
{"type": "epoch", "epoch": "58/100", "train_loss": 0.01954843512517482, "train_acc": 0.9958217270194986, "val_loss": 8.793139457702637, "val_acc": 0.25555555555555554}
{"type": "epoch", "epoch": "59/100", "train_loss": 0.03257343080154203, "train_acc": 0.9925719591457753, "val_loss": 9.410749435424805, "val_acc": 0.26666666666666666}
{"type": "epoch", "epoch": "60/100", "train_loss": 0.03266623744026809, "train_acc": 0.9930362116991643, "val_loss": 8.411968231201172, "val_acc": 0.24444444444444444}
{"type": "epoch", "epoch": "61/100", "train_loss": 0.026906411069252477, "train_acc": 0.9921077065923862, "val_loss": 8.79880142211914, "val_acc": 0.23333333333333334}
{"type": "complete", "message": "Training completed successfully for CNN-LSTM on master_physionet!", "final_val_acc": 0.2391304347826087, "latency_ms": 41.41736030578613}

======================================
Training Model: Advanced Transformer on Dataset: PhysionetMI
======================================
{"type": "info", "message": "No metadata found. Using temporal slice..."}
{"type": "info", "message": "Augmenting training data... Original shape: (718, 20, 656)"}
{"type": "info", "message": "Augmented shape: (2154, 20, 656)"}
{"type": "progress", "message": "Training Advanced Transformer (Conformer)..."}
{"type": "reset_chart"}
[AdvancedEEGPipeline] Using device: cuda
D:\pip_packages\torch\nn\modules\conv.py:549: UserWarning: Using padding='same' with even kernel lengths and odd dilation may require a zero-padded copy of the input be created (Triggered internally at C:\actions-runner\_work\pytorch\pytorch\pytorch\aten\src\ATen\native\Convolution.cpp:1037.)
  return F.conv2d(
{"type": "epoch", "epoch": "1/100", "train_loss": 1.3927156364216524, "train_acc": 0.2720519962859796, "val_loss": 1.4015317519505819, "val_acc": 0.25555555555555554}
{"type": "epoch", "epoch": "2/100", "train_loss": 1.3647669238202713, "train_acc": 0.3050139275766017, "val_loss": 1.4361072248882718, "val_acc": 0.24444444444444444}
{"type": "epoch", "epoch": "3/100", "train_loss": 1.3485759391504175, "train_acc": 0.308727948003714, "val_loss": 1.5284581343332926, "val_acc": 0.23333333333333334}
{"type": "epoch", "epoch": "4/100", "train_loss": 1.3158742469899796, "train_acc": 0.3746518105849582, "val_loss": 1.5412670665317112, "val_acc": 0.23333333333333334}
{"type": "epoch", "epoch": "5/100", "train_loss": 1.2838576856781454, "train_acc": 0.3895078922934076, "val_loss": 1.4846420208613078, "val_acc": 0.2}
{"type": "epoch", "epoch": "6/100", "train_loss": 1.243857692269718, "train_acc": 0.4103992571959146, "val_loss": 1.605719468328688, "val_acc": 0.26666666666666666}
{"type": "epoch", "epoch": "7/100", "train_loss": 1.2022822288905872, "train_acc": 0.4387186629526462, "val_loss": 1.575551822450426, "val_acc": 0.25555555555555554}
{"type": "epoch", "epoch": "8/100", "train_loss": 1.1425763158237232, "train_acc": 0.49025069637883006, "val_loss": 1.668572367562188, "val_acc": 0.25555555555555554}
{"type": "epoch", "epoch": "9/100", "train_loss": 1.1064994528013117, "train_acc": 0.510213556174559, "val_loss": 2.082605081134372, "val_acc": 0.3333333333333333}
{"type": "epoch", "epoch": "10/100", "train_loss": 1.0685139333500582, "train_acc": 0.5334261838440112, "val_loss": 2.3810660574171276, "val_acc": 0.24444444444444444}
{"type": "epoch", "epoch": "11/100", "train_loss": 1.0063536745660446, "train_acc": 0.5793871866295265, "val_loss": 1.7555102321836684, "val_acc": 0.25555555555555554}
{"type": "epoch", "epoch": "12/100", "train_loss": 0.9447684743825127, "train_acc": 0.6179201485608171, "val_loss": 2.418608480029636, "val_acc": 0.24444444444444444}
{"type": "epoch", "epoch": "13/100", "train_loss": 0.9268641612109016, "train_acc": 0.6183844011142061, "val_loss": 2.439460727903578, "val_acc": 0.26666666666666666}
{"type": "epoch", "epoch": "14/100", "train_loss": 0.8552905847044552, "train_acc": 0.6620241411327762, "val_loss": 2.1488453918033175, "val_acc": 0.2777777777777778}
{"type": "epoch", "epoch": "15/100", "train_loss": 0.7948684727444368, "train_acc": 0.7200557103064067, "val_loss": 3.383943706088596, "val_acc": 0.25555555555555554}
{"type": "epoch", "epoch": "16/100", "train_loss": 0.8207993174300474, "train_acc": 0.6996285979572887, "val_loss": 3.1654558181762695, "val_acc": 0.2777777777777778}
{"type": "epoch", "epoch": "17/100", "train_loss": 0.7177247650483075, "train_acc": 0.755803156917363, "val_loss": 3.1328201240963405, "val_acc": 0.2222222222222222}
{"type": "epoch", "epoch": "18/100", "train_loss": 0.6908351182937622, "train_acc": 0.7650882079851439, "val_loss": 3.405348788367377, "val_acc": 0.2222222222222222}
{"type": "epoch", "epoch": "19/100", "train_loss": 0.635611800586476, "train_acc": 0.7920148560817084, "val_loss": 2.950559552510579, "val_acc": 0.3111111111111111}
{"type": "epoch", "epoch": "20/100", "train_loss": 0.6047607327208799, "train_acc": 0.8105849582172702, "val_loss": 1.9036982032987806, "val_acc": 0.3111111111111111}
{"type": "epoch", "epoch": "21/100", "train_loss": 0.5640506481423098, "train_acc": 0.83008356545961, "val_loss": 4.461342578464084, "val_acc": 0.25555555555555554}
{"type": "epoch", "epoch": "22/100", "train_loss": 0.5035093242631239, "train_acc": 0.8672237697307336, "val_loss": 3.8210712644788956, "val_acc": 0.2777777777777778}
{"type": "epoch", "epoch": "23/100", "train_loss": 0.4943881823736079, "train_acc": 0.8676880222841226, "val_loss": 3.654785876803928, "val_acc": 0.26666666666666666}
{"type": "epoch", "epoch": "24/100", "train_loss": 0.47542985747842226, "train_acc": 0.882544103992572, "val_loss": 3.3461250570085315, "val_acc": 0.2777777777777778}
{"type": "epoch", "epoch": "25/100", "train_loss": 0.42800650263533874, "train_acc": 0.9029712163416899, "val_loss": 3.030214802424113, "val_acc": 0.3111111111111111}
{"type": "epoch", "epoch": "26/100", "train_loss": 0.42165442512315865, "train_acc": 0.9048282265552461, "val_loss": 2.6812688403659397, "val_acc": 0.3111111111111111}
{"type": "epoch", "epoch": "27/100", "train_loss": 0.39602479163338156, "train_acc": 0.9215413184772516, "val_loss": 2.804938618342082, "val_acc": 0.2777777777777778}
{"type": "epoch", "epoch": "28/100", "train_loss": 0.3729979378335616, "train_acc": 0.9303621169916435, "val_loss": 3.1334455649058026, "val_acc": 0.35555555555555557}
{"type": "epoch", "epoch": "29/100", "train_loss": 0.36352388297810273, "train_acc": 0.9401114206128134, "val_loss": 2.762920888264974, "val_acc": 0.34444444444444444}
{"type": "epoch", "epoch": "30/100", "train_loss": 0.37808427389930277, "train_acc": 0.9298978644382544, "val_loss": 3.820678726832072, "val_acc": 0.28888888888888886}
{"type": "epoch", "epoch": "31/100", "train_loss": 0.32349906423512625, "train_acc": 0.9554317548746518, "val_loss": 3.0247160752614337, "val_acc": 0.3}
{"type": "epoch", "epoch": "32/100", "train_loss": 0.31493867670788483, "train_acc": 0.957288765088208, "val_loss": 3.8748948838975696, "val_acc": 0.2777777777777778}
{"type": "epoch", "epoch": "33/100", "train_loss": 0.3069920408375123, "train_acc": 0.9633240482822656, "val_loss": 2.8626236703660752, "val_acc": 0.3333333333333333}
{"type": "epoch", "epoch": "34/100", "train_loss": 0.32883120459668774, "train_acc": 0.9540389972144847, "val_loss": 2.8457472377353246, "val_acc": 0.35555555555555557}
{"type": "epoch", "epoch": "35/100", "train_loss": 0.3101453579523984, "train_acc": 0.9623955431754875, "val_loss": 2.6219761636522083, "val_acc": 0.3}
{"type": "epoch", "epoch": "36/100", "train_loss": 0.30225594166447134, "train_acc": 0.9600742804085423, "val_loss": 3.192460823059082, "val_acc": 0.32222222222222224}
{"type": "epoch", "epoch": "37/100", "train_loss": 0.2816764905172236, "train_acc": 0.9767873723305478, "val_loss": 2.8945100784301756, "val_acc": 0.34444444444444444}
{"type": "epoch", "epoch": "38/100", "train_loss": 0.27978042250170426, "train_acc": 0.9763231197771588, "val_loss": 2.748481930626763, "val_acc": 0.26666666666666666}
{"type": "epoch", "epoch": "39/100", "train_loss": 0.262974013300503, "train_acc": 0.9818941504178273, "val_loss": 2.999656338161892, "val_acc": 0.32222222222222224}
{"type": "epoch", "epoch": "40/100", "train_loss": 0.26238244202207117, "train_acc": 0.9823584029712163, "val_loss": 2.9733132203420003, "val_acc": 0.32222222222222224}
{"type": "epoch", "epoch": "41/100", "train_loss": 0.275792250300155, "train_acc": 0.9744661095636026, "val_loss": 3.00266760720147, "val_acc": 0.28888888888888886}
{"type": "epoch", "epoch": "42/100", "train_loss": 0.2869718210662113, "train_acc": 0.9693593314763231, "val_loss": 2.9814967102474634, "val_acc": 0.32222222222222224}
{"type": "epoch", "epoch": "43/100", "train_loss": 0.2561791026416947, "train_acc": 0.9865366759517178, "val_loss": 2.818717686335246, "val_acc": 0.35555555555555557}
{"type": "epoch", "epoch": "44/100", "train_loss": 0.25680821169825163, "train_acc": 0.9832869080779945, "val_loss": 2.908542611863878, "val_acc": 0.2777777777777778}
{"type": "epoch", "epoch": "45/100", "train_loss": 0.24619572083739674, "train_acc": 0.9888579387186629, "val_loss": 2.8444427331288655, "val_acc": 0.32222222222222224}
{"type": "epoch", "epoch": "46/100", "train_loss": 0.24407249689102173, "train_acc": 0.9879294336118849, "val_loss": 2.7871893458896215, "val_acc": 0.3111111111111111}
{"type": "epoch", "epoch": "47/100", "train_loss": 0.25861922783010144, "train_acc": 0.9837511606313835, "val_loss": 2.734476481543647, "val_acc": 0.34444444444444444}
{"type": "epoch", "epoch": "48/100", "train_loss": 0.24140562117099762, "train_acc": 0.9888579387186629, "val_loss": 2.7923969003889297, "val_acc": 0.3111111111111111}
{"type": "epoch", "epoch": "49/100", "train_loss": 0.2453494575970313, "train_acc": 0.9860724233983287, "val_loss": 2.975793139139811, "val_acc": 0.3111111111111111}
{"type": "epoch", "epoch": "50/100", "train_loss": 0.24770600611672683, "train_acc": 0.9870009285051068, "val_loss": 2.3655543274349635, "val_acc": 0.3888888888888889}
{"type": "epoch", "epoch": "51/100", "train_loss": 0.2425859171678038, "train_acc": 0.9888579387186629, "val_loss": 2.438136672973633, "val_acc": 0.4}
{"type": "epoch", "epoch": "52/100", "train_loss": 0.24478541533736622, "train_acc": 0.9865366759517178, "val_loss": 2.759291336271498, "val_acc": 0.35555555555555557}
{"type": "epoch", "epoch": "53/100", "train_loss": 0.23854106401695924, "train_acc": 0.9916434540389972, "val_loss": 2.6856018437279596, "val_acc": 0.3333333333333333}
{"type": "epoch", "epoch": "54/100", "train_loss": 0.2380052642787204, "train_acc": 0.989322191272052, "val_loss": 2.395394934548272, "val_acc": 0.34444444444444444}
{"type": "epoch", "epoch": "55/100", "train_loss": 0.23526610521709218, "train_acc": 0.9907149489322191, "val_loss": 2.4038268354203964, "val_acc": 0.35555555555555557}
{"type": "epoch", "epoch": "56/100", "train_loss": 0.24062795148176305, "train_acc": 0.9856081708449397, "val_loss": 2.925604544745551, "val_acc": 0.28888888888888886}
{"type": "epoch", "epoch": "57/100", "train_loss": 0.22872302856515436, "train_acc": 0.9930362116991643, "val_loss": 2.604417027367486, "val_acc": 0.34444444444444444}
{"type": "epoch", "epoch": "58/100", "train_loss": 0.22372781572973027, "train_acc": 0.9976787372330548, "val_loss": 2.6494183169470893, "val_acc": 0.32222222222222224}
{"type": "epoch", "epoch": "59/100", "train_loss": 0.22647379514049082, "train_acc": 0.9939647168059424, "val_loss": 2.58353476524353, "val_acc": 0.3333333333333333}
{"type": "epoch", "epoch": "60/100", "train_loss": 0.2328048050403595, "train_acc": 0.9916434540389972, "val_loss": 2.620681545469496, "val_acc": 0.32222222222222224}
{"type": "epoch", "epoch": "61/100", "train_loss": 0.2310946211218834, "train_acc": 0.9902506963788301, "val_loss": 3.1623133235507543, "val_acc": 0.2777777777777778}
{"type": "epoch", "epoch": "62/100", "train_loss": 0.22722280639059403, "train_acc": 0.9935004642525533, "val_loss": 2.7604707188076443, "val_acc": 0.32222222222222224}
{"type": "epoch", "epoch": "63/100", "train_loss": 0.22484438208972707, "train_acc": 0.9962859795728877, "val_loss": 2.56335154109531, "val_acc": 0.37777777777777777}
{"type": "epoch", "epoch": "64/100", "train_loss": 0.22065611797220566, "train_acc": 0.9967502321262767, "val_loss": 2.5612349245283337, "val_acc": 0.3333333333333333}
{"type": "epoch", "epoch": "65/100", "train_loss": 0.22168930137858672, "train_acc": 0.9958217270194986, "val_loss": 2.7190940433078343, "val_acc": 0.32222222222222224}
{"type": "epoch", "epoch": "66/100", "train_loss": 0.21893768889062545, "train_acc": 0.9962859795728877, "val_loss": 2.6652388360765245, "val_acc": 0.35555555555555557}
{"type": "epoch", "epoch": "67/100", "train_loss": 0.22472087556824966, "train_acc": 0.9953574744661096, "val_loss": 2.5951402452256946, "val_acc": 0.28888888888888886}
{"type": "epoch", "epoch": "68/100", "train_loss": 0.2270622845081722, "train_acc": 0.9930362116991643, "val_loss": 2.6333837032318117, "val_acc": 0.34444444444444444}
{"type": "epoch", "epoch": "69/100", "train_loss": 0.22061852935482473, "train_acc": 0.9948932219127206, "val_loss": 2.6378346920013427, "val_acc": 0.35555555555555557}
{"type": "epoch", "epoch": "70/100", "train_loss": 0.21464704941300786, "train_acc": 0.999535747446611, "val_loss": 2.494385004043579, "val_acc": 0.35555555555555557}
{"type": "epoch", "epoch": "71/100", "train_loss": 0.21849224146674662, "train_acc": 0.9944289693593314, "val_loss": 2.5558805995517306, "val_acc": 0.35555555555555557}
{"type": "epoch", "epoch": "72/100", "train_loss": 0.21591749349061182, "train_acc": 0.9958217270194986, "val_loss": 2.9447051260206436, "val_acc": 0.28888888888888886}
{"type": "epoch", "epoch": "73/100", "train_loss": 0.2152339171837358, "train_acc": 0.9972144846796658, "val_loss": 2.685927470525106, "val_acc": 0.3111111111111111}
{"type": "epoch", "epoch": "74/100", "train_loss": 0.21511517771903207, "train_acc": 0.9967502321262767, "val_loss": 2.6162584092881946, "val_acc": 0.3111111111111111}
{"type": "epoch", "epoch": "75/100", "train_loss": 0.2166513318524641, "train_acc": 0.9976787372330548, "val_loss": 2.6538114388783773, "val_acc": 0.2777777777777778}
{"type": "epoch", "epoch": "76/100", "train_loss": 0.22006898943115683, "train_acc": 0.9948932219127206, "val_loss": 2.74759947458903, "val_acc": 0.32222222222222224}
{"type": "epoch", "epoch": "77/100", "train_loss": 0.21410342262071722, "train_acc": 0.9986072423398329, "val_loss": 2.68307556576199, "val_acc": 0.3}
{"type": "epoch", "epoch": "78/100", "train_loss": 0.2155290500206106, "train_acc": 0.9976787372330548, "val_loss": 2.7817478126949733, "val_acc": 0.3111111111111111}
{"type": "epoch", "epoch": "79/100", "train_loss": 0.2126995408359696, "train_acc": 0.9981429897864438, "val_loss": 2.5152955267164443, "val_acc": 0.3111111111111111}
{"type": "epoch", "epoch": "80/100", "train_loss": 0.21653749180190704, "train_acc": 0.9962859795728877, "val_loss": 2.8001845253838433, "val_acc": 0.3}
{"type": "epoch", "epoch": "81/100", "train_loss": 0.2177053269217996, "train_acc": 0.9958217270194986, "val_loss": 2.668399429321289, "val_acc": 0.3111111111111111}
{"type": "epoch", "epoch": "82/100", "train_loss": 0.21331135139745824, "train_acc": 0.9972144846796658, "val_loss": 2.7116396956973605, "val_acc": 0.32222222222222224}
{"type": "epoch", "epoch": "83/100", "train_loss": 0.21148738703306982, "train_acc": 0.999535747446611, "val_loss": 2.7344061215718587, "val_acc": 0.32222222222222224}
{"type": "epoch", "epoch": "84/100", "train_loss": 0.21494991682908116, "train_acc": 0.9976787372330548, "val_loss": 2.616488684548272, "val_acc": 0.35555555555555557}
{"type": "epoch", "epoch": "85/100", "train_loss": 0.2100158197914853, "train_acc": 1.0, "val_loss": 2.7293221526675753, "val_acc": 0.32222222222222224}
{"type": "epoch", "epoch": "86/100", "train_loss": 0.2108139777008225, "train_acc": 0.9986072423398329, "val_loss": 2.8063701735602486, "val_acc": 0.3}
{"type": "epoch", "epoch": "87/100", "train_loss": 0.21254662424325943, "train_acc": 0.9986072423398329, "val_loss": 2.7286891725328233, "val_acc": 0.3111111111111111}
{"type": "epoch", "epoch": "88/100", "train_loss": 0.2114616277463296, "train_acc": 0.9976787372330548, "val_loss": 2.6243732346428765, "val_acc": 0.3333333333333333}
{"type": "epoch", "epoch": "89/100", "train_loss": 0.2090600658865536, "train_acc": 0.999535747446611, "val_loss": 2.652076694700453, "val_acc": 0.3333333333333333}
{"type": "epoch", "epoch": "90/100", "train_loss": 0.2118229642510414, "train_acc": 0.9976787372330548, "val_loss": 2.6368851396772595, "val_acc": 0.34444444444444444}
{"type": "epoch", "epoch": "91/100", "train_loss": 0.21269621217952056, "train_acc": 0.9981429897864438, "val_loss": 2.6592198583814834, "val_acc": 0.3333333333333333}
{"type": "epoch", "epoch": "92/100", "train_loss": 0.2138113896636402, "train_acc": 0.9967502321262767, "val_loss": 2.6209438694847953, "val_acc": 0.35555555555555557}
{"type": "epoch", "epoch": "93/100", "train_loss": 0.2119859755039215, "train_acc": 0.9986072423398329, "val_loss": 2.652325020896064, "val_acc": 0.34444444444444444}
{"type": "epoch", "epoch": "94/100", "train_loss": 0.209836986135034, "train_acc": 0.999535747446611, "val_loss": 2.6557260831197103, "val_acc": 0.34444444444444444}
{"type": "epoch", "epoch": "95/100", "train_loss": 0.2087750057963764, "train_acc": 1.0, "val_loss": 2.6486097123887804, "val_acc": 0.34444444444444444}
{"type": "epoch", "epoch": "96/100", "train_loss": 0.2109200432896614, "train_acc": 0.999535747446611, "val_loss": 2.6604758686489527, "val_acc": 0.34444444444444444}
{"type": "epoch", "epoch": "97/100", "train_loss": 0.21182751085828333, "train_acc": 0.9976787372330548, "val_loss": 2.658645698759291, "val_acc": 0.3333333333333333}
{"type": "epoch", "epoch": "98/100", "train_loss": 0.20993371439330719, "train_acc": 0.9986072423398329, "val_loss": 2.6706279860602486, "val_acc": 0.3333333333333333}
{"type": "epoch", "epoch": "99/100", "train_loss": 0.21142074947848039, "train_acc": 0.9986072423398329, "val_loss": 2.6618384626176623, "val_acc": 0.34444444444444444}
{"type": "epoch", "epoch": "100/100", "train_loss": 0.21187263858668945, "train_acc": 0.9986072423398329, "val_loss": 2.6717328866322836, "val_acc": 0.34444444444444444}
[AdvancedEEGPipeline] Done in 446.70s
{"type": "complete", "message": "Training completed successfully for Advanced Transformer on master_physionet!", "final_val_acc": 0.32608695652173914, "latency_ms": 121.86431884765625}

======================================
Training Model: EEGNet on Dataset: PhysionetMI
======================================
{"type": "info", "message": "No metadata found. Using temporal slice..."}
{"type": "info", "message": "Augmenting training data... Original shape: (718, 20, 656)"}
{"type": "info", "message": "Augmented shape: (2154, 20, 656)"}
{"type": "progress", "message": "Training EEGNet..."}
{"type": "reset_chart"}
D:\pip_packages\torch\nn\modules\conv.py:549: UserWarning: Using padding='same' with even kernel lengths and odd dilation may require a zero-padded copy of the input be created (Triggered internally at C:\actions-runner\_work\pytorch\pytorch\pytorch\aten\src\ATen\native\Convolution.cpp:1037.)
  return F.conv2d(
{"type": "epoch", "epoch": 1, "total_epochs": 100, "train_loss": 1.3031114483720856, "train_acc": 0.3449396471680594, "val_loss": 1.404613733291626, "val_acc": 0.18888888888888888}
{"type": "epoch", "epoch": "1/100", "train_loss": 1.3031114483720856, "train_acc": 0.3449396471680594, "val_loss": 1.404613733291626, "val_acc": 0.18888888888888888}
{"type": "epoch", "epoch": 2, "total_epochs": 100, "train_loss": 1.0729970955250987, "train_acc": 0.5292479108635098, "val_loss": 1.4733730554580688, "val_acc": 0.2}
{"type": "epoch", "epoch": "2/100", "train_loss": 1.0729970955250987, "train_acc": 0.5292479108635098, "val_loss": 1.4733730554580688, "val_acc": 0.2}
{"type": "epoch", "epoch": 3, "total_epochs": 100, "train_loss": 0.9168937652888072, "train_acc": 0.6142061281337048, "val_loss": 1.6887478828430176, "val_acc": 0.23333333333333334}
{"type": "epoch", "epoch": "3/100", "train_loss": 0.9168937652888072, "train_acc": 0.6142061281337048, "val_loss": 1.6887478828430176, "val_acc": 0.23333333333333334}
{"type": "epoch", "epoch": 4, "total_epochs": 100, "train_loss": 0.8129712052664053, "train_acc": 0.6569173630454967, "val_loss": 1.8403514623641968, "val_acc": 0.2777777777777778}
{"type": "epoch", "epoch": "4/100", "train_loss": 0.8129712052664053, "train_acc": 0.6569173630454967, "val_loss": 1.8403514623641968, "val_acc": 0.2777777777777778}
{"type": "epoch", "epoch": 5, "total_epochs": 100, "train_loss": 0.7149817126707114, "train_acc": 0.6987000928505107, "val_loss": 2.084136486053467, "val_acc": 0.26666666666666666}
{"type": "epoch", "epoch": "5/100", "train_loss": 0.7149817126707114, "train_acc": 0.6987000928505107, "val_loss": 2.084136486053467, "val_acc": 0.26666666666666666}
{"type": "epoch", "epoch": 6, "total_epochs": 100, "train_loss": 0.5964069433973803, "train_acc": 0.7627669452181987, "val_loss": 2.5129215717315674, "val_acc": 0.25555555555555554}
{"type": "epoch", "epoch": "6/100", "train_loss": 0.5964069433973803, "train_acc": 0.7627669452181987, "val_loss": 2.5129215717315674, "val_acc": 0.25555555555555554}
{"type": "epoch", "epoch": 7, "total_epochs": 100, "train_loss": 0.545137346787041, "train_acc": 0.7822655524605385, "val_loss": 2.668440818786621, "val_acc": 0.2777777777777778}
{"type": "epoch", "epoch": "7/100", "train_loss": 0.545137346787041, "train_acc": 0.7822655524605385, "val_loss": 2.668440818786621, "val_acc": 0.2777777777777778}
{"type": "epoch", "epoch": 8, "total_epochs": 100, "train_loss": 0.4688960079695189, "train_acc": 0.8221912720519963, "val_loss": 3.3787338733673096, "val_acc": 0.26666666666666666}
{"type": "epoch", "epoch": "8/100", "train_loss": 0.4688960079695189, "train_acc": 0.8221912720519963, "val_loss": 3.3787338733673096, "val_acc": 0.26666666666666666}
{"type": "epoch", "epoch": 9, "total_epochs": 100, "train_loss": 0.4746845292901152, "train_acc": 0.8152274837511606, "val_loss": 3.8908541202545166, "val_acc": 0.26666666666666666}
{"type": "epoch", "epoch": "9/100", "train_loss": 0.4746845292901152, "train_acc": 0.8152274837511606, "val_loss": 3.8908541202545166, "val_acc": 0.26666666666666666}
{"type": "epoch", "epoch": 10, "total_epochs": 100, "train_loss": 0.47252510948765575, "train_acc": 0.8170844939647168, "val_loss": 3.325963020324707, "val_acc": 0.25555555555555554}
{"type": "epoch", "epoch": "10/100", "train_loss": 0.47252510948765575, "train_acc": 0.8170844939647168, "val_loss": 3.325963020324707, "val_acc": 0.25555555555555554}
{"type": "epoch", "epoch": 11, "total_epochs": 100, "train_loss": 0.3513362181330568, "train_acc": 0.8788300835654597, "val_loss": 3.499561071395874, "val_acc": 0.26666666666666666}
{"type": "epoch", "epoch": "11/100", "train_loss": 0.3513362181330568, "train_acc": 0.8788300835654597, "val_loss": 3.499561071395874, "val_acc": 0.26666666666666666}
{"type": "epoch", "epoch": 12, "total_epochs": 100, "train_loss": 0.28792003452943893, "train_acc": 0.9015784586815228, "val_loss": 3.4102885723114014, "val_acc": 0.23333333333333334}
{"type": "epoch", "epoch": "12/100", "train_loss": 0.28792003452943893, "train_acc": 0.9015784586815228, "val_loss": 3.4102885723114014, "val_acc": 0.23333333333333334}
{"type": "epoch", "epoch": 13, "total_epochs": 100, "train_loss": 0.29447702384150015, "train_acc": 0.8969359331476323, "val_loss": 3.7344284057617188, "val_acc": 0.23333333333333334}
{"type": "epoch", "epoch": "13/100", "train_loss": 0.29447702384150015, "train_acc": 0.8969359331476323, "val_loss": 3.7344284057617188, "val_acc": 0.23333333333333334}
{"type": "epoch", "epoch": 14, "total_epochs": 100, "train_loss": 0.20850399955622886, "train_acc": 0.9280408542246983, "val_loss": 4.087670803070068, "val_acc": 0.23333333333333334}
{"type": "epoch", "epoch": "14/100", "train_loss": 0.20850399955622886, "train_acc": 0.9280408542246983, "val_loss": 4.087670803070068, "val_acc": 0.23333333333333334}
{"type": "epoch", "epoch": 15, "total_epochs": 100, "train_loss": 0.22770457899504054, "train_acc": 0.9238625812441968, "val_loss": 4.489871025085449, "val_acc": 0.24444444444444444}
{"type": "epoch", "epoch": "15/100", "train_loss": 0.22770457899504054, "train_acc": 0.9238625812441968, "val_loss": 4.489871025085449, "val_acc": 0.24444444444444444}
{"type": "epoch", "epoch": 16, "total_epochs": 100, "train_loss": 0.27510878171152614, "train_acc": 0.9025069637883009, "val_loss": 4.205080509185791, "val_acc": 0.24444444444444444}
{"type": "epoch", "epoch": "16/100", "train_loss": 0.27510878171152614, "train_acc": 0.9025069637883009, "val_loss": 4.205080509185791, "val_acc": 0.24444444444444444}
{"type": "epoch", "epoch": 17, "total_epochs": 100, "train_loss": 0.17325441338668404, "train_acc": 0.9419684308263695, "val_loss": 4.315215110778809, "val_acc": 0.25555555555555554}
{"type": "epoch", "epoch": "17/100", "train_loss": 0.17325441338668404, "train_acc": 0.9419684308263695, "val_loss": 4.315215110778809, "val_acc": 0.25555555555555554}
{"type": "epoch", "epoch": 18, "total_epochs": 100, "train_loss": 0.16697570173797943, "train_acc": 0.9433611884865367, "val_loss": 5.13079833984375, "val_acc": 0.26666666666666666}
{"type": "epoch", "epoch": "18/100", "train_loss": 0.16697570173797943, "train_acc": 0.9433611884865367, "val_loss": 5.13079833984375, "val_acc": 0.26666666666666666}
{"type": "epoch", "epoch": 19, "total_epochs": 100, "train_loss": 0.16613715333637533, "train_acc": 0.9415041782729805, "val_loss": 4.596774101257324, "val_acc": 0.25555555555555554}
{"type": "epoch", "epoch": "19/100", "train_loss": 0.16613715333637533, "train_acc": 0.9415041782729805, "val_loss": 4.596774101257324, "val_acc": 0.25555555555555554}
{"type": "epoch", "epoch": 20, "total_epochs": 100, "train_loss": 0.11932391192532293, "train_acc": 0.957288765088208, "val_loss": 4.988865375518799, "val_acc": 0.25555555555555554}
{"type": "epoch", "epoch": "20/100", "train_loss": 0.11932391192532293, "train_acc": 0.957288765088208, "val_loss": 4.988865375518799, "val_acc": 0.25555555555555554}
{"type": "epoch", "epoch": 21, "total_epochs": 100, "train_loss": 0.08521777239931659, "train_acc": 0.9707520891364902, "val_loss": 5.402919292449951, "val_acc": 0.25555555555555554}
{"type": "epoch", "epoch": "21/100", "train_loss": 0.08521777239931659, "train_acc": 0.9707520891364902, "val_loss": 5.402919292449951, "val_acc": 0.25555555555555554}
{"type": "epoch", "epoch": 22, "total_epochs": 100, "train_loss": 0.095381610586672, "train_acc": 0.967966573816156, "val_loss": 5.6675591468811035, "val_acc": 0.25555555555555554}
{"type": "epoch", "epoch": "22/100", "train_loss": 0.095381610586672, "train_acc": 0.967966573816156, "val_loss": 5.6675591468811035, "val_acc": 0.25555555555555554}
{"type": "epoch", "epoch": 23, "total_epochs": 100, "train_loss": 0.10504642478298455, "train_acc": 0.9628597957288765, "val_loss": 5.231565952301025, "val_acc": 0.24444444444444444}
{"type": "epoch", "epoch": "23/100", "train_loss": 0.10504642478298455, "train_acc": 0.9628597957288765, "val_loss": 5.231565952301025, "val_acc": 0.24444444444444444}
{"type": "epoch", "epoch": 24, "total_epochs": 100, "train_loss": 0.07003453297120282, "train_acc": 0.979108635097493, "val_loss": 6.189004898071289, "val_acc": 0.24444444444444444}
{"type": "epoch", "epoch": "24/100", "train_loss": 0.07003453297120282, "train_acc": 0.979108635097493, "val_loss": 6.189004898071289, "val_acc": 0.24444444444444444}
{"type": "epoch", "epoch": 25, "total_epochs": 100, "train_loss": 0.1251765146761607, "train_acc": 0.9600742804085423, "val_loss": 5.976869106292725, "val_acc": 0.24444444444444444}
{"type": "epoch", "epoch": "25/100", "train_loss": 0.1251765146761607, "train_acc": 0.9600742804085423, "val_loss": 5.976869106292725, "val_acc": 0.24444444444444444}
{"type": "epoch", "epoch": 26, "total_epochs": 100, "train_loss": 0.09169344400283133, "train_acc": 0.9665738161559888, "val_loss": 6.073989391326904, "val_acc": 0.24444444444444444}
{"type": "epoch", "epoch": "26/100", "train_loss": 0.09169344400283133, "train_acc": 0.9665738161559888, "val_loss": 6.073989391326904, "val_acc": 0.24444444444444444}
{"type": "epoch", "epoch": 27, "total_epochs": 100, "train_loss": 0.05597966092404327, "train_acc": 0.9823584029712163, "val_loss": 5.290578365325928, "val_acc": 0.25555555555555554}
{"type": "epoch", "epoch": "27/100", "train_loss": 0.05597966092404327, "train_acc": 0.9823584029712163, "val_loss": 5.290578365325928, "val_acc": 0.25555555555555554}
{"type": "epoch", "epoch": 28, "total_epochs": 100, "train_loss": 0.04821910453872096, "train_acc": 0.9837511606313835, "val_loss": 6.001203536987305, "val_acc": 0.26666666666666666}
{"type": "epoch", "epoch": "28/100", "train_loss": 0.04821910453872096, "train_acc": 0.9837511606313835, "val_loss": 6.001203536987305, "val_acc": 0.26666666666666666}
{"type": "epoch", "epoch": 29, "total_epochs": 100, "train_loss": 0.0388706495895456, "train_acc": 0.989322191272052, "val_loss": 6.405303001403809, "val_acc": 0.25555555555555554}
{"type": "epoch", "epoch": "29/100", "train_loss": 0.0388706495895456, "train_acc": 0.989322191272052, "val_loss": 6.405303001403809, "val_acc": 0.25555555555555554}
{"type": "epoch", "epoch": 30, "total_epochs": 100, "train_loss": 0.05078263249085695, "train_acc": 0.979108635097493, "val_loss": 5.408133506774902, "val_acc": 0.25555555555555554}
{"type": "epoch", "epoch": "30/100", "train_loss": 0.05078263249085695, "train_acc": 0.979108635097493, "val_loss": 5.408133506774902, "val_acc": 0.25555555555555554}
{"type": "epoch", "epoch": 31, "total_epochs": 100, "train_loss": 0.03670292765337943, "train_acc": 0.9902506963788301, "val_loss": 6.845845699310303, "val_acc": 0.23333333333333334}
{"type": "epoch", "epoch": "31/100", "train_loss": 0.03670292765337943, "train_acc": 0.9902506963788301, "val_loss": 6.845845699310303, "val_acc": 0.23333333333333334}
{"type": "epoch", "epoch": 32, "total_epochs": 100, "train_loss": 0.02096760372165158, "train_acc": 0.9944289693593314, "val_loss": 6.9569902420043945, "val_acc": 0.23333333333333334}
{"type": "epoch", "epoch": "32/100", "train_loss": 0.02096760372165158, "train_acc": 0.9944289693593314, "val_loss": 6.9569902420043945, "val_acc": 0.23333333333333334}
{"type": "epoch", "epoch": 33, "total_epochs": 100, "train_loss": 0.009631419106418597, "train_acc": 0.9976787372330548, "val_loss": 6.691037178039551, "val_acc": 0.2222222222222222}
{"type": "epoch", "epoch": "33/100", "train_loss": 0.009631419106418597, "train_acc": 0.9976787372330548, "val_loss": 6.691037178039551, "val_acc": 0.2222222222222222}
{"type": "epoch", "epoch": 34, "total_epochs": 100, "train_loss": 0.015047954908202894, "train_acc": 0.9962859795728877, "val_loss": 6.794243812561035, "val_acc": 0.2111111111111111}
{"type": "epoch", "epoch": "34/100", "train_loss": 0.015047954908202894, "train_acc": 0.9962859795728877, "val_loss": 6.794243812561035, "val_acc": 0.2111111111111111}
{"type": "epoch", "epoch": 35, "total_epochs": 100, "train_loss": 0.025446207579502018, "train_acc": 0.9907149489322191, "val_loss": 6.321159839630127, "val_acc": 0.25555555555555554}
{"type": "epoch", "epoch": "35/100", "train_loss": 0.025446207579502018, "train_acc": 0.9907149489322191, "val_loss": 6.321159839630127, "val_acc": 0.25555555555555554}
{"type": "epoch", "epoch": 36, "total_epochs": 100, "train_loss": 0.0234642770857366, "train_acc": 0.9925719591457753, "val_loss": 7.290513515472412, "val_acc": 0.2222222222222222}
{"type": "epoch", "epoch": "36/100", "train_loss": 0.0234642770857366, "train_acc": 0.9925719591457753, "val_loss": 7.290513515472412, "val_acc": 0.2222222222222222}
{"type": "epoch", "epoch": 37, "total_epochs": 100, "train_loss": 0.03896691168666218, "train_acc": 0.9870009285051068, "val_loss": 7.868432998657227, "val_acc": 0.23333333333333334}
{"type": "epoch", "epoch": "37/100", "train_loss": 0.03896691168666218, "train_acc": 0.9870009285051068, "val_loss": 7.868432998657227, "val_acc": 0.23333333333333334}
{"type": "epoch", "epoch": 38, "total_epochs": 100, "train_loss": 0.010333684746183788, "train_acc": 0.9967502321262767, "val_loss": 8.126679420471191, "val_acc": 0.23333333333333334}
{"type": "epoch", "epoch": "38/100", "train_loss": 0.010333684746183788, "train_acc": 0.9967502321262767, "val_loss": 8.126679420471191, "val_acc": 0.23333333333333334}
{"type": "epoch", "epoch": 39, "total_epochs": 100, "train_loss": 0.010810775811176059, "train_acc": 0.9962859795728877, "val_loss": 7.807030200958252, "val_acc": 0.24444444444444444}
{"type": "epoch", "epoch": "39/100", "train_loss": 0.010810775811176059, "train_acc": 0.9962859795728877, "val_loss": 7.807030200958252, "val_acc": 0.24444444444444444}
{"type": "epoch", "epoch": 40, "total_epochs": 100, "train_loss": 0.033740639821483565, "train_acc": 0.989322191272052, "val_loss": 6.146398067474365, "val_acc": 0.25555555555555554}
{"type": "epoch", "epoch": "40/100", "train_loss": 0.033740639821483565, "train_acc": 0.989322191272052, "val_loss": 6.146398067474365, "val_acc": 0.25555555555555554}
{"type": "epoch", "epoch": 41, "total_epochs": 100, "train_loss": 0.021992404626106486, "train_acc": 0.9911792014856081, "val_loss": 8.292619705200195, "val_acc": 0.23333333333333334}
{"type": "epoch", "epoch": "41/100", "train_loss": 0.021992404626106486, "train_acc": 0.9911792014856081, "val_loss": 8.292619705200195, "val_acc": 0.23333333333333334}
{"type": "epoch", "epoch": 42, "total_epochs": 100, "train_loss": 0.004285423367862748, "train_acc": 0.999535747446611, "val_loss": 8.252595901489258, "val_acc": 0.24444444444444444}
{"type": "epoch", "epoch": "42/100", "train_loss": 0.004285423367862748, "train_acc": 0.999535747446611, "val_loss": 8.252595901489258, "val_acc": 0.24444444444444444}
{"type": "epoch", "epoch": 43, "total_epochs": 100, "train_loss": 0.006685066018180062, "train_acc": 0.9986072423398329, "val_loss": 6.143163204193115, "val_acc": 0.24444444444444444}
{"type": "epoch", "epoch": "43/100", "train_loss": 0.006685066018180062, "train_acc": 0.9986072423398329, "val_loss": 6.143163204193115, "val_acc": 0.24444444444444444}
{"type": "epoch", "epoch": 44, "total_epochs": 100, "train_loss": 0.00438538951042736, "train_acc": 0.9981429897864438, "val_loss": 6.7309465408325195, "val_acc": 0.24444444444444444}
{"type": "epoch", "epoch": "44/100", "train_loss": 0.00438538951042736, "train_acc": 0.9981429897864438, "val_loss": 6.7309465408325195, "val_acc": 0.24444444444444444}
{"type": "epoch", "epoch": 45, "total_epochs": 100, "train_loss": 0.00395487727075919, "train_acc": 0.9990714948932219, "val_loss": 7.955807685852051, "val_acc": 0.23333333333333334}
{"type": "epoch", "epoch": "45/100", "train_loss": 0.00395487727075919, "train_acc": 0.9990714948932219, "val_loss": 7.955807685852051, "val_acc": 0.23333333333333334}
{"type": "epoch", "epoch": 46, "total_epochs": 100, "train_loss": 0.0038611157681618298, "train_acc": 0.9990714948932219, "val_loss": 7.583017826080322, "val_acc": 0.25555555555555554}
{"type": "epoch", "epoch": "46/100", "train_loss": 0.0038611157681618298, "train_acc": 0.9990714948932219, "val_loss": 7.583017826080322, "val_acc": 0.25555555555555554}
{"type": "epoch", "epoch": 47, "total_epochs": 100, "train_loss": 0.001982593658456307, "train_acc": 0.999535747446611, "val_loss": 6.785315990447998, "val_acc": 0.25555555555555554}
{"type": "epoch", "epoch": "47/100", "train_loss": 0.001982593658456307, "train_acc": 0.999535747446611, "val_loss": 6.785315990447998, "val_acc": 0.25555555555555554}
{"type": "epoch", "epoch": 48, "total_epochs": 100, "train_loss": 0.005318956838368037, "train_acc": 0.9986072423398329, "val_loss": 7.547736167907715, "val_acc": 0.24444444444444444}
{"type": "epoch", "epoch": "48/100", "train_loss": 0.005318956838368037, "train_acc": 0.9986072423398329, "val_loss": 7.547736167907715, "val_acc": 0.24444444444444444}
{"type": "epoch", "epoch": 49, "total_epochs": 100, "train_loss": 0.003978087826214295, "train_acc": 0.9990714948932219, "val_loss": 7.378918170928955, "val_acc": 0.25555555555555554}
{"type": "epoch", "epoch": "49/100", "train_loss": 0.003978087826214295, "train_acc": 0.9990714948932219, "val_loss": 7.378918170928955, "val_acc": 0.25555555555555554}
{"type": "epoch", "epoch": 50, "total_epochs": 100, "train_loss": 0.0037022974995417155, "train_acc": 0.9986072423398329, "val_loss": 8.54935359954834, "val_acc": 0.24444444444444444}
{"type": "epoch", "epoch": "50/100", "train_loss": 0.0037022974995417155, "train_acc": 0.9986072423398329, "val_loss": 8.54935359954834, "val_acc": 0.24444444444444444}
{"type": "epoch", "epoch": 51, "total_epochs": 100, "train_loss": 0.009293102702494933, "train_acc": 0.9972144846796658, "val_loss": 7.507277965545654, "val_acc": 0.26666666666666666}
{"type": "epoch", "epoch": "51/100", "train_loss": 0.009293102702494933, "train_acc": 0.9972144846796658, "val_loss": 7.507277965545654, "val_acc": 0.26666666666666666}
{"type": "epoch", "epoch": 52, "total_epochs": 100, "train_loss": 0.0008234148976949071, "train_acc": 1.0, "val_loss": 6.9398040771484375, "val_acc": 0.25555555555555554}
{"type": "epoch", "epoch": "52/100", "train_loss": 0.0008234148976949071, "train_acc": 1.0, "val_loss": 6.9398040771484375, "val_acc": 0.25555555555555554}
{"type": "epoch", "epoch": 53, "total_epochs": 100, "train_loss": 0.00107397361980196, "train_acc": 1.0, "val_loss": 8.029377937316895, "val_acc": 0.24444444444444444}
{"type": "epoch", "epoch": "53/100", "train_loss": 0.00107397361980196, "train_acc": 1.0, "val_loss": 8.029377937316895, "val_acc": 0.24444444444444444}
{"type": "epoch", "epoch": 54, "total_epochs": 100, "train_loss": 0.003013551599118459, "train_acc": 0.9990714948932219, "val_loss": 6.892142295837402, "val_acc": 0.26666666666666666}
{"type": "epoch", "epoch": "54/100", "train_loss": 0.003013551599118459, "train_acc": 0.9990714948932219, "val_loss": 6.892142295837402, "val_acc": 0.26666666666666666}
{"type": "epoch", "epoch": 55, "total_epochs": 100, "train_loss": 0.008455611858992537, "train_acc": 0.9981429897864438, "val_loss": 7.780990123748779, "val_acc": 0.24444444444444444}
{"type": "epoch", "epoch": "55/100", "train_loss": 0.008455611858992537, "train_acc": 0.9981429897864438, "val_loss": 7.780990123748779, "val_acc": 0.24444444444444444}
{"type": "epoch", "epoch": 56, "total_epochs": 100, "train_loss": 0.00038370798847693415, "train_acc": 1.0, "val_loss": 7.816295146942139, "val_acc": 0.2222222222222222}
{"type": "epoch", "epoch": "56/100", "train_loss": 0.00038370798847693415, "train_acc": 1.0, "val_loss": 7.816295146942139, "val_acc": 0.2222222222222222}
{"type": "epoch", "epoch": 57, "total_epochs": 100, "train_loss": 0.0001980246133884971, "train_acc": 1.0, "val_loss": 7.203172206878662, "val_acc": 0.25555555555555554}
{"type": "epoch", "epoch": "57/100", "train_loss": 0.0001980246133884971, "train_acc": 1.0, "val_loss": 7.203172206878662, "val_acc": 0.25555555555555554}
{"type": "epoch", "epoch": 58, "total_epochs": 100, "train_loss": 0.0002598555005983112, "train_acc": 1.0, "val_loss": 7.571919918060303, "val_acc": 0.25555555555555554}
{"type": "epoch", "epoch": "58/100", "train_loss": 0.0002598555005983112, "train_acc": 1.0, "val_loss": 7.571919918060303, "val_acc": 0.25555555555555554}
{"type": "epoch", "epoch": 59, "total_epochs": 100, "train_loss": 0.0002264455599648084, "train_acc": 1.0, "val_loss": 8.035408973693848, "val_acc": 0.25555555555555554}
{"type": "epoch", "epoch": "59/100", "train_loss": 0.0002264455599648084, "train_acc": 1.0, "val_loss": 8.035408973693848, "val_acc": 0.25555555555555554}
{"type": "epoch", "epoch": 60, "total_epochs": 100, "train_loss": 0.00021491333551347316, "train_acc": 1.0, "val_loss": 7.864518165588379, "val_acc": 0.25555555555555554}
{"type": "epoch", "epoch": "60/100", "train_loss": 0.00021491333551347316, "train_acc": 1.0, "val_loss": 7.864518165588379, "val_acc": 0.25555555555555554}
{"type": "epoch", "epoch": 61, "total_epochs": 100, "train_loss": 0.00017275573670659378, "train_acc": 1.0, "val_loss": 8.007261276245117, "val_acc": 0.25555555555555554}
{"type": "epoch", "epoch": "61/100", "train_loss": 0.00017275573670659378, "train_acc": 1.0, "val_loss": 8.007261276245117, "val_acc": 0.25555555555555554}
{"type": "epoch", "epoch": 62, "total_epochs": 100, "train_loss": 0.0001535067690759374, "train_acc": 1.0, "val_loss": 7.8586626052856445, "val_acc": 0.25555555555555554}
{"type": "epoch", "epoch": "62/100", "train_loss": 0.0001535067690759374, "train_acc": 1.0, "val_loss": 7.8586626052856445, "val_acc": 0.25555555555555554}
{"type": "epoch", "epoch": 63, "total_epochs": 100, "train_loss": 0.0002565026315043273, "train_acc": 1.0, "val_loss": 7.5435686111450195, "val_acc": 0.25555555555555554}
{"type": "epoch", "epoch": "63/100", "train_loss": 0.0002565026315043273, "train_acc": 1.0, "val_loss": 7.5435686111450195, "val_acc": 0.25555555555555554}
{"type": "epoch", "epoch": 64, "total_epochs": 100, "train_loss": 0.0032871341281557522, "train_acc": 0.9986072423398329, "val_loss": 8.005435943603516, "val_acc": 0.24444444444444444}
{"type": "epoch", "epoch": "64/100", "train_loss": 0.0032871341281557522, "train_acc": 0.9986072423398329, "val_loss": 8.005435943603516, "val_acc": 0.24444444444444444}
{"type": "epoch", "epoch": 65, "total_epochs": 100, "train_loss": 0.00017123888779339486, "train_acc": 1.0, "val_loss": 7.624359130859375, "val_acc": 0.26666666666666666}
{"type": "epoch", "epoch": "65/100", "train_loss": 0.00017123888779339486, "train_acc": 1.0, "val_loss": 7.624359130859375, "val_acc": 0.26666666666666666}
{"type": "epoch", "epoch": 66, "total_epochs": 100, "train_loss": 0.00010386338044174566, "train_acc": 1.0, "val_loss": 7.428164005279541, "val_acc": 0.25555555555555554}
{"type": "epoch", "epoch": "66/100", "train_loss": 0.00010386338044174566, "train_acc": 1.0, "val_loss": 7.428164005279541, "val_acc": 0.25555555555555554}
{"type": "epoch", "epoch": 67, "total_epochs": 100, "train_loss": 0.00020250358206748325, "train_acc": 1.0, "val_loss": 7.514749050140381, "val_acc": 0.26666666666666666}
{"type": "epoch", "epoch": "67/100", "train_loss": 0.00020250358206748325, "train_acc": 1.0, "val_loss": 7.514749050140381, "val_acc": 0.26666666666666666}
{"type": "epoch", "epoch": 68, "total_epochs": 100, "train_loss": 0.00018715066365083074, "train_acc": 1.0, "val_loss": 7.650966644287109, "val_acc": 0.25555555555555554}
{"type": "epoch", "epoch": "68/100", "train_loss": 0.00018715066365083074, "train_acc": 1.0, "val_loss": 7.650966644287109, "val_acc": 0.25555555555555554}
{"type": "epoch", "epoch": 69, "total_epochs": 100, "train_loss": 0.00028591112760391227, "train_acc": 1.0, "val_loss": 7.688920974731445, "val_acc": 0.26666666666666666}
{"type": "epoch", "epoch": "69/100", "train_loss": 0.00028591112760391227, "train_acc": 1.0, "val_loss": 7.688920974731445, "val_acc": 0.26666666666666666}
{"type": "epoch", "epoch": 70, "total_epochs": 100, "train_loss": 0.00012109050768638979, "train_acc": 1.0, "val_loss": 7.924456596374512, "val_acc": 0.25555555555555554}
{"type": "epoch", "epoch": "70/100", "train_loss": 0.00012109050768638979, "train_acc": 1.0, "val_loss": 7.924456596374512, "val_acc": 0.25555555555555554}
{"type": "epoch", "epoch": 71, "total_epochs": 100, "train_loss": 0.00012419522892519012, "train_acc": 1.0, "val_loss": 7.6509294509887695, "val_acc": 0.25555555555555554}
{"type": "epoch", "epoch": "71/100", "train_loss": 0.00012419522892519012, "train_acc": 1.0, "val_loss": 7.6509294509887695, "val_acc": 0.25555555555555554}
{"type": "epoch", "epoch": 72, "total_epochs": 100, "train_loss": 0.0001442997562254761, "train_acc": 1.0, "val_loss": 7.825808048248291, "val_acc": 0.25555555555555554}
{"type": "epoch", "epoch": "72/100", "train_loss": 0.0001442997562254761, "train_acc": 1.0, "val_loss": 7.825808048248291, "val_acc": 0.25555555555555554}
{"type": "epoch", "epoch": 73, "total_epochs": 100, "train_loss": 0.00011869870162687996, "train_acc": 1.0, "val_loss": 7.747547626495361, "val_acc": 0.26666666666666666}
{"type": "epoch", "epoch": "73/100", "train_loss": 0.00011869870162687996, "train_acc": 1.0, "val_loss": 7.747547626495361, "val_acc": 0.26666666666666666}
{"type": "epoch", "epoch": 74, "total_epochs": 100, "train_loss": 0.00013168983255165388, "train_acc": 1.0, "val_loss": 8.112248420715332, "val_acc": 0.24444444444444444}
{"type": "epoch", "epoch": "74/100", "train_loss": 0.00013168983255165388, "train_acc": 1.0, "val_loss": 8.112248420715332, "val_acc": 0.24444444444444444}
{"type": "epoch", "epoch": 75, "total_epochs": 100, "train_loss": 0.00013441270311718016, "train_acc": 1.0, "val_loss": 7.873178482055664, "val_acc": 0.25555555555555554}
{"type": "epoch", "epoch": "75/100", "train_loss": 0.00013441270311718016, "train_acc": 1.0, "val_loss": 7.873178482055664, "val_acc": 0.25555555555555554}
{"type": "epoch", "epoch": 76, "total_epochs": 100, "train_loss": 9.885373097114151e-05, "train_acc": 1.0, "val_loss": 7.985256671905518, "val_acc": 0.24444444444444444}
{"type": "epoch", "epoch": "76/100", "train_loss": 9.885373097114151e-05, "train_acc": 1.0, "val_loss": 7.985256671905518, "val_acc": 0.24444444444444444}
{"type": "epoch", "epoch": 77, "total_epochs": 100, "train_loss": 0.00015262451153303676, "train_acc": 1.0, "val_loss": 7.634003162384033, "val_acc": 0.26666666666666666}
{"type": "epoch", "epoch": "77/100", "train_loss": 0.00015262451153303676, "train_acc": 1.0, "val_loss": 7.634003162384033, "val_acc": 0.26666666666666666}
{"type": "epoch", "epoch": 78, "total_epochs": 100, "train_loss": 8.881875124008514e-05, "train_acc": 1.0, "val_loss": 7.90479850769043, "val_acc": 0.25555555555555554}
{"type": "epoch", "epoch": "78/100", "train_loss": 8.881875124008514e-05, "train_acc": 1.0, "val_loss": 7.90479850769043, "val_acc": 0.25555555555555554}
{"type": "epoch", "epoch": 79, "total_epochs": 100, "train_loss": 8.952308944690221e-05, "train_acc": 1.0, "val_loss": 8.117875099182129, "val_acc": 0.23333333333333334}
{"type": "epoch", "epoch": "79/100", "train_loss": 8.952308944690221e-05, "train_acc": 1.0, "val_loss": 8.117875099182129, "val_acc": 0.23333333333333334}
{"type": "epoch", "epoch": 80, "total_epochs": 100, "train_loss": 9.724475232880612e-05, "train_acc": 1.0, "val_loss": 7.878842830657959, "val_acc": 0.25555555555555554}
{"type": "epoch", "epoch": "80/100", "train_loss": 9.724475232880612e-05, "train_acc": 1.0, "val_loss": 7.878842830657959, "val_acc": 0.25555555555555554}
{"type": "epoch", "epoch": 81, "total_epochs": 100, "train_loss": 0.00014546736942168788, "train_acc": 1.0, "val_loss": 7.79382848739624, "val_acc": 0.25555555555555554}
{"type": "epoch", "epoch": "81/100", "train_loss": 0.00014546736942168788, "train_acc": 1.0, "val_loss": 7.79382848739624, "val_acc": 0.25555555555555554}
{"type": "epoch", "epoch": 82, "total_epochs": 100, "train_loss": 8.047071515836302e-05, "train_acc": 1.0, "val_loss": 7.78450870513916, "val_acc": 0.25555555555555554}
{"type": "epoch", "epoch": "82/100", "train_loss": 8.047071515836302e-05, "train_acc": 1.0, "val_loss": 7.78450870513916, "val_acc": 0.25555555555555554}
{"type": "epoch", "epoch": 83, "total_epochs": 100, "train_loss": 8.146400753688197e-05, "train_acc": 1.0, "val_loss": 7.77275276184082, "val_acc": 0.24444444444444444}
{"type": "epoch", "epoch": "83/100", "train_loss": 8.146400753688197e-05, "train_acc": 1.0, "val_loss": 7.77275276184082, "val_acc": 0.24444444444444444}
{"type": "epoch", "epoch": 84, "total_epochs": 100, "train_loss": 0.00025382175434097786, "train_acc": 1.0, "val_loss": 7.729314804077148, "val_acc": 0.25555555555555554}
{"type": "epoch", "epoch": "84/100", "train_loss": 0.00025382175434097786, "train_acc": 1.0, "val_loss": 7.729314804077148, "val_acc": 0.25555555555555554}
{"type": "epoch", "epoch": 85, "total_epochs": 100, "train_loss": 0.0002081451100908966, "train_acc": 1.0, "val_loss": 7.755112648010254, "val_acc": 0.25555555555555554}
{"type": "epoch", "epoch": "85/100", "train_loss": 0.0002081451100908966, "train_acc": 1.0, "val_loss": 7.755112648010254, "val_acc": 0.25555555555555554}
{"type": "epoch", "epoch": 86, "total_epochs": 100, "train_loss": 0.00016497015532747364, "train_acc": 1.0, "val_loss": 7.7298173904418945, "val_acc": 0.26666666666666666}
{"type": "epoch", "epoch": "86/100", "train_loss": 0.00016497015532747364, "train_acc": 1.0, "val_loss": 7.7298173904418945, "val_acc": 0.26666666666666666}
{"type": "epoch", "epoch": 87, "total_epochs": 100, "train_loss": 9.365409276272649e-05, "train_acc": 1.0, "val_loss": 7.8112359046936035, "val_acc": 0.25555555555555554}
{"type": "epoch", "epoch": "87/100", "train_loss": 9.365409276272649e-05, "train_acc": 1.0, "val_loss": 7.8112359046936035, "val_acc": 0.25555555555555554}
{"type": "epoch", "epoch": 88, "total_epochs": 100, "train_loss": 8.43300332440437e-05, "train_acc": 1.0, "val_loss": 7.846117973327637, "val_acc": 0.24444444444444444}
{"type": "epoch", "epoch": "88/100", "train_loss": 8.43300332440437e-05, "train_acc": 1.0, "val_loss": 7.846117973327637, "val_acc": 0.24444444444444444}
{"type": "epoch", "epoch": 89, "total_epochs": 100, "train_loss": 9.731365590244253e-05, "train_acc": 1.0, "val_loss": 7.77149772644043, "val_acc": 0.25555555555555554}
{"type": "epoch", "epoch": "89/100", "train_loss": 9.731365590244253e-05, "train_acc": 1.0, "val_loss": 7.77149772644043, "val_acc": 0.25555555555555554}
{"type": "epoch", "epoch": 90, "total_epochs": 100, "train_loss": 7.330403543870698e-05, "train_acc": 1.0, "val_loss": 7.736679553985596, "val_acc": 0.25555555555555554}
{"type": "epoch", "epoch": "90/100", "train_loss": 7.330403543870698e-05, "train_acc": 1.0, "val_loss": 7.736679553985596, "val_acc": 0.25555555555555554}
{"type": "epoch", "epoch": 91, "total_epochs": 100, "train_loss": 9.599869091621169e-05, "train_acc": 1.0, "val_loss": 7.7791547775268555, "val_acc": 0.25555555555555554}
{"type": "epoch", "epoch": "91/100", "train_loss": 9.599869091621169e-05, "train_acc": 1.0, "val_loss": 7.7791547775268555, "val_acc": 0.25555555555555554}
{"type": "epoch", "epoch": 92, "total_epochs": 100, "train_loss": 8.867386975083518e-05, "train_acc": 1.0, "val_loss": 7.872562408447266, "val_acc": 0.25555555555555554}
{"type": "epoch", "epoch": "92/100", "train_loss": 8.867386975083518e-05, "train_acc": 1.0, "val_loss": 7.872562408447266, "val_acc": 0.25555555555555554}
{"type": "epoch", "epoch": 93, "total_epochs": 100, "train_loss": 8.317519423786202e-05, "train_acc": 1.0, "val_loss": 7.973780632019043, "val_acc": 0.24444444444444444}
{"type": "epoch", "epoch": "93/100", "train_loss": 8.317519423786202e-05, "train_acc": 1.0, "val_loss": 7.973780632019043, "val_acc": 0.24444444444444444}
{"type": "epoch", "epoch": 94, "total_epochs": 100, "train_loss": 8.228453692955033e-05, "train_acc": 1.0, "val_loss": 7.8215012550354, "val_acc": 0.25555555555555554}
{"type": "epoch", "epoch": "94/100", "train_loss": 8.228453692955033e-05, "train_acc": 1.0, "val_loss": 7.8215012550354, "val_acc": 0.25555555555555554}
{"type": "epoch", "epoch": 95, "total_epochs": 100, "train_loss": 7.239386608271566e-05, "train_acc": 1.0, "val_loss": 7.9363579750061035, "val_acc": 0.25555555555555554}
{"type": "epoch", "epoch": "95/100", "train_loss": 7.239386608271566e-05, "train_acc": 1.0, "val_loss": 7.9363579750061035, "val_acc": 0.25555555555555554}
{"type": "epoch", "epoch": 96, "total_epochs": 100, "train_loss": 0.00012391933743827787, "train_acc": 1.0, "val_loss": 7.8635358810424805, "val_acc": 0.25555555555555554}
{"type": "epoch", "epoch": "96/100", "train_loss": 0.00012391933743827787, "train_acc": 1.0, "val_loss": 7.8635358810424805, "val_acc": 0.25555555555555554}
{"type": "epoch", "epoch": 97, "total_epochs": 100, "train_loss": 0.00012074948944403906, "train_acc": 1.0, "val_loss": 7.944511413574219, "val_acc": 0.24444444444444444}
{"type": "epoch", "epoch": "97/100", "train_loss": 0.00012074948944403906, "train_acc": 1.0, "val_loss": 7.944511413574219, "val_acc": 0.24444444444444444}
{"type": "epoch", "epoch": 98, "total_epochs": 100, "train_loss": 0.00010978067733158039, "train_acc": 1.0, "val_loss": 7.762083053588867, "val_acc": 0.25555555555555554}
{"type": "epoch", "epoch": "98/100", "train_loss": 0.00010978067733158039, "train_acc": 1.0, "val_loss": 7.762083053588867, "val_acc": 0.25555555555555554}
{"type": "epoch", "epoch": 99, "total_epochs": 100, "train_loss": 7.068774866706263e-05, "train_acc": 1.0, "val_loss": 7.895124912261963, "val_acc": 0.25555555555555554}
{"type": "epoch", "epoch": "99/100", "train_loss": 7.068774866706263e-05, "train_acc": 1.0, "val_loss": 7.895124912261963, "val_acc": 0.25555555555555554}
EEGNet Val Preds: [1, 1, 1, 1, 1, 1, 1, 1, 1, 1, 0, 1, 1, 1, 1, 1, 1, 0, 1, 1, 1, 3, 3, 1, 2, 1, 1, 1, 1, 1, 1, 1, 1, 1, 1, 0, 0, 1, 1, 1, 1, 0, 1, 1, 1, 1, 1, 1, 3, 3, 0, 1, 1, 1, 0, 1, 1, 1, 1, 1, 3, 1, 1, 1, 1, 1, 1, 1, 1, 1, 1, 1, 2, 0, 0, 1, 1, 1, 1, 1, 0, 1, 1, 1, 1, 1, 1, 1, 1, 1]
EEGNet Val Truth: [2, 1, 0, 0, 1, 2, 2, 1, 0, 3, 0, 0, 3, 2, 3, 2, 0, 1, 2, 3, 1, 3, 0, 2, 0, 2, 2, 1, 2, 1, 2, 0, 3, 3, 0, 1, 1, 2, 2, 3, 1, 3, 1, 0, 3, 2, 3, 2, 3, 0, 0, 3, 1, 0, 0, 3, 1, 3, 3, 3, 1, 1, 0, 2, 0, 3, 2, 0, 2, 1, 1, 0, 3, 2, 3, 3, 3, 0, 1, 0, 1, 1, 2, 1, 0, 0, 2, 2, 1, 3]
{"type": "epoch", "epoch": 100, "total_epochs": 100, "train_loss": 8.47102718434479e-05, "train_acc": 1.0, "val_loss": 7.93699836730957, "val_acc": 0.24444444444444444}
{"type": "epoch", "epoch": "100/100", "train_loss": 8.47102718434479e-05, "train_acc": 1.0, "val_loss": 7.93699836730957, "val_acc": 0.24444444444444444}
{"type": "complete", "message": "Training completed successfully for EEGNet on master_physionet!", "final_val_acc": 0.2717391304347826, "latency_ms": 65.78898429870605}

======================================
Training Model: Shallow ConvNet on Dataset: PhysionetMI
======================================
{"type": "info", "message": "No metadata found. Using temporal slice..."}
{"type": "info", "message": "Augmenting training data... Original shape: (718, 20, 656)"}
{"type": "info", "message": "Augmented shape: (2154, 20, 656)"}
{"type": "progress", "message": "Training Shallow ConvNet..."}
{"type": "reset_chart"}
{"type": "epoch", "epoch": 1, "total_epochs": 100, "train_loss": 1.1748877534627251, "train_acc": 0.510677808727948, "val_loss": 1.4643696546554565, "val_acc": 0.26666666666666666}
{"type": "epoch", "epoch": "1/100", "train_loss": 1.1748877534627251, "train_acc": 0.510677808727948, "val_loss": 1.4643696546554565, "val_acc": 0.26666666666666666}
{"type": "epoch", "epoch": 2, "total_epochs": 100, "train_loss": 0.9063523913713772, "train_acc": 0.692200557103064, "val_loss": 1.611943244934082, "val_acc": 0.2}
{"type": "epoch", "epoch": "2/100", "train_loss": 0.9063523913713772, "train_acc": 0.692200557103064, "val_loss": 1.611943244934082, "val_acc": 0.2}
{"type": "epoch", "epoch": 3, "total_epochs": 100, "train_loss": 0.7387023459680676, "train_acc": 0.8203342618384402, "val_loss": 1.6210150718688965, "val_acc": 0.23333333333333334}
{"type": "epoch", "epoch": "3/100", "train_loss": 0.7387023459680676, "train_acc": 0.8203342618384402, "val_loss": 1.6210150718688965, "val_acc": 0.23333333333333334}
{"type": "epoch", "epoch": 4, "total_epochs": 100, "train_loss": 0.5898259209612507, "train_acc": 0.914577530176416, "val_loss": 1.8965587615966797, "val_acc": 0.3}
{"type": "epoch", "epoch": "4/100", "train_loss": 0.5898259209612507, "train_acc": 0.914577530176416, "val_loss": 1.8965587615966797, "val_acc": 0.3}
{"type": "epoch", "epoch": 5, "total_epochs": 100, "train_loss": 0.5123175065497502, "train_acc": 0.9433611884865367, "val_loss": 2.212782382965088, "val_acc": 0.3111111111111111}
{"type": "epoch", "epoch": "5/100", "train_loss": 0.5123175065497502, "train_acc": 0.9433611884865367, "val_loss": 2.212782382965088, "val_acc": 0.3111111111111111}
{"type": "epoch", "epoch": 6, "total_epochs": 100, "train_loss": 0.46005917644212946, "train_acc": 0.9744661095636026, "val_loss": 2.2809884548187256, "val_acc": 0.34444444444444444}
{"type": "epoch", "epoch": "6/100", "train_loss": 0.46005917644212946, "train_acc": 0.9744661095636026, "val_loss": 2.2809884548187256, "val_acc": 0.34444444444444444}
{"type": "epoch", "epoch": 7, "total_epochs": 100, "train_loss": 0.4233238433618289, "train_acc": 0.989786443825441, "val_loss": 2.3096656799316406, "val_acc": 0.3333333333333333}
{"type": "epoch", "epoch": "7/100", "train_loss": 0.4233238433618289, "train_acc": 0.989786443825441, "val_loss": 2.3096656799316406, "val_acc": 0.3333333333333333}
{"type": "epoch", "epoch": 8, "total_epochs": 100, "train_loss": 0.40873819545340295, "train_acc": 0.9948932219127206, "val_loss": 1.854809284210205, "val_acc": 0.3111111111111111}
{"type": "epoch", "epoch": "8/100", "train_loss": 0.40873819545340295, "train_acc": 0.9948932219127206, "val_loss": 1.854809284210205, "val_acc": 0.3111111111111111}
{"type": "epoch", "epoch": 9, "total_epochs": 100, "train_loss": 0.4072161607423533, "train_acc": 0.9967502321262767, "val_loss": 2.308864116668701, "val_acc": 0.32222222222222224}
{"type": "epoch", "epoch": "9/100", "train_loss": 0.4072161607423533, "train_acc": 0.9967502321262767, "val_loss": 2.308864116668701, "val_acc": 0.32222222222222224}
{"type": "epoch", "epoch": 10, "total_epochs": 100, "train_loss": 0.3901828702335127, "train_acc": 0.9981429897864438, "val_loss": 2.1779863834381104, "val_acc": 0.3111111111111111}
{"type": "epoch", "epoch": "10/100", "train_loss": 0.3901828702335127, "train_acc": 0.9981429897864438, "val_loss": 2.1779863834381104, "val_acc": 0.3111111111111111}
{"type": "epoch", "epoch": 11, "total_epochs": 100, "train_loss": 0.38216228909036465, "train_acc": 0.9981429897864438, "val_loss": 2.281048059463501, "val_acc": 0.3111111111111111}
{"type": "epoch", "epoch": "11/100", "train_loss": 0.38216228909036465, "train_acc": 0.9981429897864438, "val_loss": 2.281048059463501, "val_acc": 0.3111111111111111}
{"type": "epoch", "epoch": 12, "total_epochs": 100, "train_loss": 0.37330253935568625, "train_acc": 1.0, "val_loss": 1.9852794408798218, "val_acc": 0.3333333333333333}
{"type": "epoch", "epoch": "12/100", "train_loss": 0.37330253935568625, "train_acc": 1.0, "val_loss": 1.9852794408798218, "val_acc": 0.3333333333333333}
{"type": "epoch", "epoch": 13, "total_epochs": 100, "train_loss": 0.3696863094522871, "train_acc": 1.0, "val_loss": 2.112694025039673, "val_acc": 0.3333333333333333}
{"type": "epoch", "epoch": "13/100", "train_loss": 0.3696863094522871, "train_acc": 1.0, "val_loss": 2.112694025039673, "val_acc": 0.3333333333333333}
{"type": "epoch", "epoch": 14, "total_epochs": 100, "train_loss": 0.369956451289169, "train_acc": 1.0, "val_loss": 1.947189450263977, "val_acc": 0.34444444444444444}
{"type": "epoch", "epoch": "14/100", "train_loss": 0.369956451289169, "train_acc": 1.0, "val_loss": 1.947189450263977, "val_acc": 0.34444444444444444}
{"type": "epoch", "epoch": 15, "total_epochs": 100, "train_loss": 0.3646186055579225, "train_acc": 1.0, "val_loss": 1.9897984266281128, "val_acc": 0.32222222222222224}
{"type": "epoch", "epoch": "15/100", "train_loss": 0.3646186055579225, "train_acc": 1.0, "val_loss": 1.9897984266281128, "val_acc": 0.32222222222222224}
{"type": "epoch", "epoch": 16, "total_epochs": 100, "train_loss": 0.3643768291951554, "train_acc": 1.0, "val_loss": 1.8701722621917725, "val_acc": 0.34444444444444444}
{"type": "epoch", "epoch": "16/100", "train_loss": 0.3643768291951554, "train_acc": 1.0, "val_loss": 1.8701722621917725, "val_acc": 0.34444444444444444}
{"type": "epoch", "epoch": 17, "total_epochs": 100, "train_loss": 0.3587635417391884, "train_acc": 1.0, "val_loss": 1.97281014919281, "val_acc": 0.32222222222222224}
{"type": "epoch", "epoch": "17/100", "train_loss": 0.3587635417391884, "train_acc": 1.0, "val_loss": 1.97281014919281, "val_acc": 0.32222222222222224}
{"type": "epoch", "epoch": 18, "total_epochs": 100, "train_loss": 0.35661633051205477, "train_acc": 1.0, "val_loss": 1.854854941368103, "val_acc": 0.3333333333333333}
{"type": "epoch", "epoch": "18/100", "train_loss": 0.35661633051205477, "train_acc": 1.0, "val_loss": 1.854854941368103, "val_acc": 0.3333333333333333}
{"type": "epoch", "epoch": 19, "total_epochs": 100, "train_loss": 0.3553990816892909, "train_acc": 1.0, "val_loss": 1.906630277633667, "val_acc": 0.3333333333333333}
{"type": "epoch", "epoch": "19/100", "train_loss": 0.3553990816892909, "train_acc": 1.0, "val_loss": 1.906630277633667, "val_acc": 0.3333333333333333}
{"type": "epoch", "epoch": 20, "total_epochs": 100, "train_loss": 0.3545168592571216, "train_acc": 1.0, "val_loss": 1.9763177633285522, "val_acc": 0.3333333333333333}
{"type": "epoch", "epoch": "20/100", "train_loss": 0.3545168592571216, "train_acc": 1.0, "val_loss": 1.9763177633285522, "val_acc": 0.3333333333333333}
{"type": "epoch", "epoch": 21, "total_epochs": 100, "train_loss": 0.3544742652909448, "train_acc": 1.0, "val_loss": 1.8678019046783447, "val_acc": 0.35555555555555557}
{"type": "epoch", "epoch": "21/100", "train_loss": 0.3544742652909448, "train_acc": 1.0, "val_loss": 1.8678019046783447, "val_acc": 0.35555555555555557}
{"type": "epoch", "epoch": 22, "total_epochs": 100, "train_loss": 0.35426374304150693, "train_acc": 1.0, "val_loss": 1.9616750478744507, "val_acc": 0.3333333333333333}
{"type": "epoch", "epoch": "22/100", "train_loss": 0.35426374304150693, "train_acc": 1.0, "val_loss": 1.9616750478744507, "val_acc": 0.3333333333333333}
{"type": "epoch", "epoch": 23, "total_epochs": 100, "train_loss": 0.3534510944491752, "train_acc": 1.0, "val_loss": 1.8941881656646729, "val_acc": 0.3333333333333333}
{"type": "epoch", "epoch": "23/100", "train_loss": 0.3534510944491752, "train_acc": 1.0, "val_loss": 1.8941881656646729, "val_acc": 0.3333333333333333}
{"type": "epoch", "epoch": 24, "total_epochs": 100, "train_loss": 0.3526290399450446, "train_acc": 1.0, "val_loss": 1.8991259336471558, "val_acc": 0.3333333333333333}
{"type": "epoch", "epoch": "24/100", "train_loss": 0.3526290399450446, "train_acc": 1.0, "val_loss": 1.8991259336471558, "val_acc": 0.3333333333333333}
{"type": "epoch", "epoch": 25, "total_epochs": 100, "train_loss": 0.3529922304711302, "train_acc": 1.0, "val_loss": 1.9322295188903809, "val_acc": 0.3333333333333333}
{"type": "epoch", "epoch": "25/100", "train_loss": 0.3529922304711302, "train_acc": 1.0, "val_loss": 1.9322295188903809, "val_acc": 0.3333333333333333}
{"type": "epoch", "epoch": 26, "total_epochs": 100, "train_loss": 0.3519047830762305, "train_acc": 1.0, "val_loss": 1.97733473777771, "val_acc": 0.3333333333333333}
{"type": "epoch", "epoch": "26/100", "train_loss": 0.3519047830762305, "train_acc": 1.0, "val_loss": 1.97733473777771, "val_acc": 0.3333333333333333}
{"type": "epoch", "epoch": 27, "total_epochs": 100, "train_loss": 0.3512560640813691, "train_acc": 1.0, "val_loss": 1.8811408281326294, "val_acc": 0.34444444444444444}
{"type": "epoch", "epoch": "27/100", "train_loss": 0.3512560640813691, "train_acc": 1.0, "val_loss": 1.8811408281326294, "val_acc": 0.34444444444444444}
{"type": "epoch", "epoch": 28, "total_epochs": 100, "train_loss": 0.3516783268228104, "train_acc": 1.0, "val_loss": 1.937568187713623, "val_acc": 0.3333333333333333}
{"type": "epoch", "epoch": "28/100", "train_loss": 0.3516783268228104, "train_acc": 1.0, "val_loss": 1.937568187713623, "val_acc": 0.3333333333333333}
{"type": "epoch", "epoch": 29, "total_epochs": 100, "train_loss": 0.35172089948184865, "train_acc": 1.0, "val_loss": 1.95195734500885, "val_acc": 0.36666666666666664}
{"type": "epoch", "epoch": "29/100", "train_loss": 0.35172089948184865, "train_acc": 1.0, "val_loss": 1.95195734500885, "val_acc": 0.36666666666666664}
{"type": "epoch", "epoch": 30, "total_epochs": 100, "train_loss": 0.3511506670475449, "train_acc": 1.0, "val_loss": 1.8368704319000244, "val_acc": 0.3333333333333333}
{"type": "epoch", "epoch": "30/100", "train_loss": 0.3511506670475449, "train_acc": 1.0, "val_loss": 1.8368704319000244, "val_acc": 0.3333333333333333}
{"type": "epoch", "epoch": 31, "total_epochs": 100, "train_loss": 0.35173061780610787, "train_acc": 1.0, "val_loss": 1.8800888061523438, "val_acc": 0.3333333333333333}
{"type": "epoch", "epoch": "31/100", "train_loss": 0.35173061780610787, "train_acc": 1.0, "val_loss": 1.8800888061523438, "val_acc": 0.3333333333333333}
{"type": "epoch", "epoch": 32, "total_epochs": 100, "train_loss": 0.35107158665426813, "train_acc": 1.0, "val_loss": 1.8129749298095703, "val_acc": 0.32222222222222224}
{"type": "epoch", "epoch": "32/100", "train_loss": 0.35107158665426813, "train_acc": 1.0, "val_loss": 1.8129749298095703, "val_acc": 0.32222222222222224}
{"type": "epoch", "epoch": 33, "total_epochs": 100, "train_loss": 0.35068914833839226, "train_acc": 1.0, "val_loss": 1.8941702842712402, "val_acc": 0.35555555555555557}
{"type": "epoch", "epoch": "33/100", "train_loss": 0.35068914833839226, "train_acc": 1.0, "val_loss": 1.8941702842712402, "val_acc": 0.35555555555555557}
{"type": "epoch", "epoch": 34, "total_epochs": 100, "train_loss": 0.3507650130140416, "train_acc": 1.0, "val_loss": 1.8850213289260864, "val_acc": 0.3333333333333333}
{"type": "epoch", "epoch": "34/100", "train_loss": 0.3507650130140416, "train_acc": 1.0, "val_loss": 1.8850213289260864, "val_acc": 0.3333333333333333}
{"type": "epoch", "epoch": 35, "total_epochs": 100, "train_loss": 0.3506766717912095, "train_acc": 1.0, "val_loss": 1.873766303062439, "val_acc": 0.34444444444444444}
{"type": "epoch", "epoch": "35/100", "train_loss": 0.3506766717912095, "train_acc": 1.0, "val_loss": 1.873766303062439, "val_acc": 0.34444444444444444}
{"type": "epoch", "epoch": 36, "total_epochs": 100, "train_loss": 0.3504025700087888, "train_acc": 1.0, "val_loss": 1.8809669017791748, "val_acc": 0.36666666666666664}
{"type": "epoch", "epoch": "36/100", "train_loss": 0.3504025700087888, "train_acc": 1.0, "val_loss": 1.8809669017791748, "val_acc": 0.36666666666666664}
{"type": "epoch", "epoch": 37, "total_epochs": 100, "train_loss": 0.3501675713914572, "train_acc": 1.0, "val_loss": 1.8667675256729126, "val_acc": 0.34444444444444444}
{"type": "epoch", "epoch": "37/100", "train_loss": 0.3501675713914572, "train_acc": 1.0, "val_loss": 1.8667675256729126, "val_acc": 0.34444444444444444}
{"type": "epoch", "epoch": 38, "total_epochs": 100, "train_loss": 0.35015572979700377, "train_acc": 1.0, "val_loss": 1.8674256801605225, "val_acc": 0.34444444444444444}
{"type": "epoch", "epoch": "38/100", "train_loss": 0.35015572979700377, "train_acc": 1.0, "val_loss": 1.8674256801605225, "val_acc": 0.34444444444444444}
{"type": "epoch", "epoch": 39, "total_epochs": 100, "train_loss": 0.3502761903413491, "train_acc": 1.0, "val_loss": 1.935080885887146, "val_acc": 0.34444444444444444}
{"type": "epoch", "epoch": "39/100", "train_loss": 0.3502761903413491, "train_acc": 1.0, "val_loss": 1.935080885887146, "val_acc": 0.34444444444444444}
{"type": "epoch", "epoch": 40, "total_epochs": 100, "train_loss": 0.3501568346413176, "train_acc": 1.0, "val_loss": 1.8759536743164062, "val_acc": 0.34444444444444444}
{"type": "epoch", "epoch": "40/100", "train_loss": 0.3501568346413176, "train_acc": 1.0, "val_loss": 1.8759536743164062, "val_acc": 0.34444444444444444}
{"type": "epoch", "epoch": 41, "total_epochs": 100, "train_loss": 0.35002254617911527, "train_acc": 1.0, "val_loss": 1.8779106140136719, "val_acc": 0.34444444444444444}
{"type": "epoch", "epoch": "41/100", "train_loss": 0.35002254617911527, "train_acc": 1.0, "val_loss": 1.8779106140136719, "val_acc": 0.34444444444444444}
{"type": "epoch", "epoch": 42, "total_epochs": 100, "train_loss": 0.3498028696911581, "train_acc": 1.0, "val_loss": 1.8564518690109253, "val_acc": 0.35555555555555557}
{"type": "epoch", "epoch": "42/100", "train_loss": 0.3498028696911581, "train_acc": 1.0, "val_loss": 1.8564518690109253, "val_acc": 0.35555555555555557}
{"type": "epoch", "epoch": 43, "total_epochs": 100, "train_loss": 0.35004115796465507, "train_acc": 1.0, "val_loss": 1.8898134231567383, "val_acc": 0.35555555555555557}
{"type": "epoch", "epoch": "43/100", "train_loss": 0.35004115796465507, "train_acc": 1.0, "val_loss": 1.8898134231567383, "val_acc": 0.35555555555555557}
{"type": "epoch", "epoch": 44, "total_epochs": 100, "train_loss": 0.349583877439065, "train_acc": 1.0, "val_loss": 1.8730944395065308, "val_acc": 0.34444444444444444}
{"type": "epoch", "epoch": "44/100", "train_loss": 0.349583877439065, "train_acc": 1.0, "val_loss": 1.8730944395065308, "val_acc": 0.34444444444444444}
{"type": "epoch", "epoch": 45, "total_epochs": 100, "train_loss": 0.3496976035993854, "train_acc": 1.0, "val_loss": 1.873303771018982, "val_acc": 0.34444444444444444}
{"type": "epoch", "epoch": "45/100", "train_loss": 0.3496976035993854, "train_acc": 1.0, "val_loss": 1.873303771018982, "val_acc": 0.34444444444444444}
{"type": "epoch", "epoch": 46, "total_epochs": 100, "train_loss": 0.3505484993355963, "train_acc": 1.0, "val_loss": 1.9649044275283813, "val_acc": 0.3333333333333333}
{"type": "epoch", "epoch": "46/100", "train_loss": 0.3505484993355963, "train_acc": 1.0, "val_loss": 1.9649044275283813, "val_acc": 0.3333333333333333}
{"type": "epoch", "epoch": 47, "total_epochs": 100, "train_loss": 0.3501572696390037, "train_acc": 1.0, "val_loss": 1.8619335889816284, "val_acc": 0.34444444444444444}
{"type": "epoch", "epoch": "47/100", "train_loss": 0.3501572696390037, "train_acc": 1.0, "val_loss": 1.8619335889816284, "val_acc": 0.34444444444444444}
{"type": "epoch", "epoch": 48, "total_epochs": 100, "train_loss": 0.34970096752614804, "train_acc": 1.0, "val_loss": 1.877166986465454, "val_acc": 0.34444444444444444}
{"type": "epoch", "epoch": "48/100", "train_loss": 0.34970096752614804, "train_acc": 1.0, "val_loss": 1.877166986465454, "val_acc": 0.34444444444444444}
{"type": "epoch", "epoch": 49, "total_epochs": 100, "train_loss": 0.34956130839213245, "train_acc": 1.0, "val_loss": 1.9008175134658813, "val_acc": 0.35555555555555557}
{"type": "epoch", "epoch": "49/100", "train_loss": 0.34956130839213245, "train_acc": 1.0, "val_loss": 1.9008175134658813, "val_acc": 0.35555555555555557}
{"type": "epoch", "epoch": 50, "total_epochs": 100, "train_loss": 0.3496389396232704, "train_acc": 1.0, "val_loss": 1.8942586183547974, "val_acc": 0.34444444444444444}
{"type": "epoch", "epoch": "50/100", "train_loss": 0.3496389396232704, "train_acc": 1.0, "val_loss": 1.8942586183547974, "val_acc": 0.34444444444444444}
{"type": "epoch", "epoch": 51, "total_epochs": 100, "train_loss": 0.3495120890680683, "train_acc": 1.0, "val_loss": 1.8886183500289917, "val_acc": 0.3333333333333333}
{"type": "epoch", "epoch": "51/100", "train_loss": 0.3495120890680683, "train_acc": 1.0, "val_loss": 1.8886183500289917, "val_acc": 0.3333333333333333}
{"type": "epoch", "epoch": 52, "total_epochs": 100, "train_loss": 0.3494614087107454, "train_acc": 1.0, "val_loss": 1.8725372552871704, "val_acc": 0.35555555555555557}
{"type": "epoch", "epoch": "52/100", "train_loss": 0.3494614087107454, "train_acc": 1.0, "val_loss": 1.8725372552871704, "val_acc": 0.35555555555555557}
{"type": "epoch", "epoch": 53, "total_epochs": 100, "train_loss": 0.3496714400105047, "train_acc": 1.0, "val_loss": 1.8858535289764404, "val_acc": 0.34444444444444444}
{"type": "epoch", "epoch": "53/100", "train_loss": 0.3496714400105047, "train_acc": 1.0, "val_loss": 1.8858535289764404, "val_acc": 0.34444444444444444}
{"type": "epoch", "epoch": 54, "total_epochs": 100, "train_loss": 0.34943479454506293, "train_acc": 1.0, "val_loss": 1.879289984703064, "val_acc": 0.3333333333333333}
{"type": "epoch", "epoch": "54/100", "train_loss": 0.34943479454506293, "train_acc": 1.0, "val_loss": 1.879289984703064, "val_acc": 0.3333333333333333}
{"type": "epoch", "epoch": 55, "total_epochs": 100, "train_loss": 0.3495488887101052, "train_acc": 1.0, "val_loss": 1.8988735675811768, "val_acc": 0.34444444444444444}
{"type": "epoch", "epoch": "55/100", "train_loss": 0.3495488887101052, "train_acc": 1.0, "val_loss": 1.8988735675811768, "val_acc": 0.34444444444444444}
{"type": "epoch", "epoch": 56, "total_epochs": 100, "train_loss": 0.3493635790870493, "train_acc": 1.0, "val_loss": 1.868757724761963, "val_acc": 0.34444444444444444}
{"type": "epoch", "epoch": "56/100", "train_loss": 0.3493635790870493, "train_acc": 1.0, "val_loss": 1.868757724761963, "val_acc": 0.34444444444444444}
{"type": "epoch", "epoch": 57, "total_epochs": 100, "train_loss": 0.3494215959902704, "train_acc": 1.0, "val_loss": 1.8825987577438354, "val_acc": 0.35555555555555557}
{"type": "epoch", "epoch": "57/100", "train_loss": 0.3494215959902704, "train_acc": 1.0, "val_loss": 1.8825987577438354, "val_acc": 0.35555555555555557}
{"type": "epoch", "epoch": 58, "total_epochs": 100, "train_loss": 0.34936761305414094, "train_acc": 1.0, "val_loss": 1.8795486688613892, "val_acc": 0.3333333333333333}
{"type": "epoch", "epoch": "58/100", "train_loss": 0.34936761305414094, "train_acc": 1.0, "val_loss": 1.8795486688613892, "val_acc": 0.3333333333333333}
{"type": "epoch", "epoch": 59, "total_epochs": 100, "train_loss": 0.3493735664623583, "train_acc": 1.0, "val_loss": 1.8853312730789185, "val_acc": 0.34444444444444444}
{"type": "epoch", "epoch": "59/100", "train_loss": 0.3493735664623583, "train_acc": 1.0, "val_loss": 1.8853312730789185, "val_acc": 0.34444444444444444}
{"type": "epoch", "epoch": 60, "total_epochs": 100, "train_loss": 0.34925792238285064, "train_acc": 1.0, "val_loss": 1.8804354667663574, "val_acc": 0.34444444444444444}
{"type": "epoch", "epoch": "60/100", "train_loss": 0.34925792238285064, "train_acc": 1.0, "val_loss": 1.8804354667663574, "val_acc": 0.34444444444444444}
{"type": "epoch", "epoch": 61, "total_epochs": 100, "train_loss": 0.34924126147338386, "train_acc": 1.0, "val_loss": 1.8901314735412598, "val_acc": 0.34444444444444444}
{"type": "epoch", "epoch": "61/100", "train_loss": 0.34924126147338386, "train_acc": 1.0, "val_loss": 1.8901314735412598, "val_acc": 0.34444444444444444}
{"type": "epoch", "epoch": 62, "total_epochs": 100, "train_loss": 0.34947870734010233, "train_acc": 1.0, "val_loss": 1.871860146522522, "val_acc": 0.3333333333333333}
{"type": "epoch", "epoch": "62/100", "train_loss": 0.34947870734010233, "train_acc": 1.0, "val_loss": 1.871860146522522, "val_acc": 0.3333333333333333}
{"type": "epoch", "epoch": 63, "total_epochs": 100, "train_loss": 0.34936957165059274, "train_acc": 1.0, "val_loss": 1.8890231847763062, "val_acc": 0.35555555555555557}
{"type": "epoch", "epoch": "63/100", "train_loss": 0.34936957165059274, "train_acc": 1.0, "val_loss": 1.8890231847763062, "val_acc": 0.35555555555555557}
{"type": "epoch", "epoch": 64, "total_epochs": 100, "train_loss": 0.3492894476226003, "train_acc": 1.0, "val_loss": 1.8963491916656494, "val_acc": 0.35555555555555557}
{"type": "epoch", "epoch": "64/100", "train_loss": 0.3492894476226003, "train_acc": 1.0, "val_loss": 1.8963491916656494, "val_acc": 0.35555555555555557}
{"type": "epoch", "epoch": 65, "total_epochs": 100, "train_loss": 0.3493991330916282, "train_acc": 1.0, "val_loss": 1.8796311616897583, "val_acc": 0.34444444444444444}
{"type": "epoch", "epoch": "65/100", "train_loss": 0.3493991330916282, "train_acc": 1.0, "val_loss": 1.8796311616897583, "val_acc": 0.34444444444444444}
{"type": "epoch", "epoch": 66, "total_epochs": 100, "train_loss": 0.349243923869527, "train_acc": 1.0, "val_loss": 1.8991060256958008, "val_acc": 0.34444444444444444}
{"type": "epoch", "epoch": "66/100", "train_loss": 0.349243923869527, "train_acc": 1.0, "val_loss": 1.8991060256958008, "val_acc": 0.34444444444444444}
{"type": "epoch", "epoch": 67, "total_epochs": 100, "train_loss": 0.34941292340376917, "train_acc": 1.0, "val_loss": 1.8601891994476318, "val_acc": 0.34444444444444444}
{"type": "epoch", "epoch": "67/100", "train_loss": 0.34941292340376917, "train_acc": 1.0, "val_loss": 1.8601891994476318, "val_acc": 0.34444444444444444}
{"type": "epoch", "epoch": 68, "total_epochs": 100, "train_loss": 0.34922582328928325, "train_acc": 1.0, "val_loss": 1.8674267530441284, "val_acc": 0.34444444444444444}
{"type": "epoch", "epoch": "68/100", "train_loss": 0.34922582328928325, "train_acc": 1.0, "val_loss": 1.8674267530441284, "val_acc": 0.34444444444444444}
{"type": "epoch", "epoch": 69, "total_epochs": 100, "train_loss": 0.34920143984265095, "train_acc": 1.0, "val_loss": 1.8596913814544678, "val_acc": 0.34444444444444444}
{"type": "epoch", "epoch": "69/100", "train_loss": 0.34920143984265095, "train_acc": 1.0, "val_loss": 1.8596913814544678, "val_acc": 0.34444444444444444}
{"type": "epoch", "epoch": 70, "total_epochs": 100, "train_loss": 0.3492662559091325, "train_acc": 1.0, "val_loss": 1.875492811203003, "val_acc": 0.3333333333333333}
{"type": "epoch", "epoch": "70/100", "train_loss": 0.3492662559091325, "train_acc": 1.0, "val_loss": 1.875492811203003, "val_acc": 0.3333333333333333}
{"type": "epoch", "epoch": 71, "total_epochs": 100, "train_loss": 0.3494678565829356, "train_acc": 1.0, "val_loss": 1.8846052885055542, "val_acc": 0.34444444444444444}
{"type": "epoch", "epoch": "71/100", "train_loss": 0.3494678565829356, "train_acc": 1.0, "val_loss": 1.8846052885055542, "val_acc": 0.34444444444444444}
{"type": "epoch", "epoch": 72, "total_epochs": 100, "train_loss": 0.3492426632617288, "train_acc": 1.0, "val_loss": 1.8880400657653809, "val_acc": 0.34444444444444444}
{"type": "epoch", "epoch": "72/100", "train_loss": 0.3492426632617288, "train_acc": 1.0, "val_loss": 1.8880400657653809, "val_acc": 0.34444444444444444}
{"type": "epoch", "epoch": 73, "total_epochs": 100, "train_loss": 0.3492694657050357, "train_acc": 1.0, "val_loss": 1.8801438808441162, "val_acc": 0.34444444444444444}
{"type": "epoch", "epoch": "73/100", "train_loss": 0.3492694657050357, "train_acc": 1.0, "val_loss": 1.8801438808441162, "val_acc": 0.34444444444444444}
{"type": "epoch", "epoch": 74, "total_epochs": 100, "train_loss": 0.3492657855748023, "train_acc": 1.0, "val_loss": 1.867157220840454, "val_acc": 0.34444444444444444}
{"type": "epoch", "epoch": "74/100", "train_loss": 0.3492657855748023, "train_acc": 1.0, "val_loss": 1.867157220840454, "val_acc": 0.34444444444444444}
{"type": "epoch", "epoch": 75, "total_epochs": 100, "train_loss": 0.34925044125279786, "train_acc": 1.0, "val_loss": 1.883115530014038, "val_acc": 0.34444444444444444}
{"type": "epoch", "epoch": "75/100", "train_loss": 0.34925044125279786, "train_acc": 1.0, "val_loss": 1.883115530014038, "val_acc": 0.34444444444444444}
{"type": "epoch", "epoch": 76, "total_epochs": 100, "train_loss": 0.349255617974307, "train_acc": 1.0, "val_loss": 1.8994637727737427, "val_acc": 0.34444444444444444}
{"type": "epoch", "epoch": "76/100", "train_loss": 0.349255617974307, "train_acc": 1.0, "val_loss": 1.8994637727737427, "val_acc": 0.34444444444444444}
{"type": "epoch", "epoch": 77, "total_epochs": 100, "train_loss": 0.349191854950888, "train_acc": 1.0, "val_loss": 1.8828192949295044, "val_acc": 0.34444444444444444}
{"type": "epoch", "epoch": "77/100", "train_loss": 0.349191854950888, "train_acc": 1.0, "val_loss": 1.8828192949295044, "val_acc": 0.34444444444444444}
{"type": "epoch", "epoch": 78, "total_epochs": 100, "train_loss": 0.3491514566991765, "train_acc": 1.0, "val_loss": 1.8885042667388916, "val_acc": 0.34444444444444444}
{"type": "epoch", "epoch": "78/100", "train_loss": 0.3491514566991765, "train_acc": 1.0, "val_loss": 1.8885042667388916, "val_acc": 0.34444444444444444}
{"type": "epoch", "epoch": 79, "total_epochs": 100, "train_loss": 0.34927872124931386, "train_acc": 1.0, "val_loss": 1.899965763092041, "val_acc": 0.34444444444444444}
{"type": "epoch", "epoch": "79/100", "train_loss": 0.34927872124931386, "train_acc": 1.0, "val_loss": 1.899965763092041, "val_acc": 0.34444444444444444}
{"type": "epoch", "epoch": 80, "total_epochs": 100, "train_loss": 0.3492098260833471, "train_acc": 1.0, "val_loss": 1.8878716230392456, "val_acc": 0.34444444444444444}
{"type": "epoch", "epoch": "80/100", "train_loss": 0.3492098260833471, "train_acc": 1.0, "val_loss": 1.8878716230392456, "val_acc": 0.34444444444444444}
{"type": "epoch", "epoch": 81, "total_epochs": 100, "train_loss": 0.3492169739642183, "train_acc": 1.0, "val_loss": 1.890641450881958, "val_acc": 0.34444444444444444}
{"type": "epoch", "epoch": "81/100", "train_loss": 0.3492169739642183, "train_acc": 1.0, "val_loss": 1.890641450881958, "val_acc": 0.34444444444444444}
{"type": "epoch", "epoch": 82, "total_epochs": 100, "train_loss": 0.3493861519249922, "train_acc": 1.0, "val_loss": 1.8977731466293335, "val_acc": 0.34444444444444444}
{"type": "epoch", "epoch": "82/100", "train_loss": 0.3493861519249922, "train_acc": 1.0, "val_loss": 1.8977731466293335, "val_acc": 0.34444444444444444}
{"type": "epoch", "epoch": 83, "total_epochs": 100, "train_loss": 0.3492793819089675, "train_acc": 1.0, "val_loss": 1.8926225900650024, "val_acc": 0.35555555555555557}
{"type": "epoch", "epoch": "83/100", "train_loss": 0.3492793819089675, "train_acc": 1.0, "val_loss": 1.8926225900650024, "val_acc": 0.35555555555555557}
{"type": "epoch", "epoch": 84, "total_epochs": 100, "train_loss": 0.34922856291688587, "train_acc": 1.0, "val_loss": 1.8870199918746948, "val_acc": 0.34444444444444444}
{"type": "epoch", "epoch": "84/100", "train_loss": 0.34922856291688587, "train_acc": 1.0, "val_loss": 1.8870199918746948, "val_acc": 0.34444444444444444}
{"type": "epoch", "epoch": 85, "total_epochs": 100, "train_loss": 0.34918582256789993, "train_acc": 1.0, "val_loss": 1.8878763914108276, "val_acc": 0.3333333333333333}
{"type": "epoch", "epoch": "85/100", "train_loss": 0.34918582256789993, "train_acc": 1.0, "val_loss": 1.8878763914108276, "val_acc": 0.3333333333333333}
{"type": "epoch", "epoch": 86, "total_epochs": 100, "train_loss": 0.34929927096061386, "train_acc": 1.0, "val_loss": 1.8948445320129395, "val_acc": 0.34444444444444444}
{"type": "epoch", "epoch": "86/100", "train_loss": 0.34929927096061386, "train_acc": 1.0, "val_loss": 1.8948445320129395, "val_acc": 0.34444444444444444}
{"type": "epoch", "epoch": 87, "total_epochs": 100, "train_loss": 0.3492071150128445, "train_acc": 1.0, "val_loss": 1.885655164718628, "val_acc": 0.35555555555555557}
{"type": "epoch", "epoch": "87/100", "train_loss": 0.3492071150128445, "train_acc": 1.0, "val_loss": 1.885655164718628, "val_acc": 0.35555555555555557}
{"type": "epoch", "epoch": 88, "total_epochs": 100, "train_loss": 0.34913289154029714, "train_acc": 1.0, "val_loss": 1.883292317390442, "val_acc": 0.34444444444444444}
{"type": "epoch", "epoch": "88/100", "train_loss": 0.34913289154029714, "train_acc": 1.0, "val_loss": 1.883292317390442, "val_acc": 0.34444444444444444}
{"type": "epoch", "epoch": 89, "total_epochs": 100, "train_loss": 0.3491972874687464, "train_acc": 1.0, "val_loss": 1.8825750350952148, "val_acc": 0.34444444444444444}
{"type": "epoch", "epoch": "89/100", "train_loss": 0.3491972874687464, "train_acc": 1.0, "val_loss": 1.8825750350952148, "val_acc": 0.34444444444444444}
{"type": "epoch", "epoch": 90, "total_epochs": 100, "train_loss": 0.3491491704985513, "train_acc": 1.0, "val_loss": 1.8813141584396362, "val_acc": 0.34444444444444444}
{"type": "epoch", "epoch": "90/100", "train_loss": 0.3491491704985513, "train_acc": 1.0, "val_loss": 1.8813141584396362, "val_acc": 0.34444444444444444}
{"type": "epoch", "epoch": 91, "total_epochs": 100, "train_loss": 0.3492022616340811, "train_acc": 1.0, "val_loss": 1.8877183198928833, "val_acc": 0.35555555555555557}
{"type": "epoch", "epoch": "91/100", "train_loss": 0.3492022616340811, "train_acc": 1.0, "val_loss": 1.8877183198928833, "val_acc": 0.35555555555555557}
{"type": "epoch", "epoch": 92, "total_epochs": 100, "train_loss": 0.3492255315475145, "train_acc": 1.0, "val_loss": 1.8958994150161743, "val_acc": 0.3333333333333333}
{"type": "epoch", "epoch": "92/100", "train_loss": 0.3492255315475145, "train_acc": 1.0, "val_loss": 1.8958994150161743, "val_acc": 0.3333333333333333}
{"type": "epoch", "epoch": 93, "total_epochs": 100, "train_loss": 0.3492212511370773, "train_acc": 1.0, "val_loss": 1.8901385068893433, "val_acc": 0.34444444444444444}
{"type": "epoch", "epoch": "93/100", "train_loss": 0.3492212511370773, "train_acc": 1.0, "val_loss": 1.8901385068893433, "val_acc": 0.34444444444444444}
{"type": "epoch", "epoch": 94, "total_epochs": 100, "train_loss": 0.3492624589770396, "train_acc": 1.0, "val_loss": 1.8795616626739502, "val_acc": 0.3333333333333333}
{"type": "epoch", "epoch": "94/100", "train_loss": 0.3492624589770396, "train_acc": 1.0, "val_loss": 1.8795616626739502, "val_acc": 0.3333333333333333}
{"type": "epoch", "epoch": 95, "total_epochs": 100, "train_loss": 0.34917139699864186, "train_acc": 1.0, "val_loss": 1.8779525756835938, "val_acc": 0.3333333333333333}
{"type": "epoch", "epoch": "95/100", "train_loss": 0.34917139699864186, "train_acc": 1.0, "val_loss": 1.8779525756835938, "val_acc": 0.3333333333333333}
{"type": "epoch", "epoch": 96, "total_epochs": 100, "train_loss": 0.34920977206836723, "train_acc": 1.0, "val_loss": 1.8943132162094116, "val_acc": 0.34444444444444444}
{"type": "epoch", "epoch": "96/100", "train_loss": 0.34920977206836723, "train_acc": 1.0, "val_loss": 1.8943132162094116, "val_acc": 0.34444444444444444}
{"type": "epoch", "epoch": 97, "total_epochs": 100, "train_loss": 0.34920663601730084, "train_acc": 1.0, "val_loss": 1.885324478149414, "val_acc": 0.3333333333333333}
{"type": "epoch", "epoch": "97/100", "train_loss": 0.34920663601730084, "train_acc": 1.0, "val_loss": 1.885324478149414, "val_acc": 0.3333333333333333}
{"type": "epoch", "epoch": 98, "total_epochs": 100, "train_loss": 0.3492173260854369, "train_acc": 1.0, "val_loss": 1.886252522468567, "val_acc": 0.3333333333333333}
{"type": "epoch", "epoch": "98/100", "train_loss": 0.3492173260854369, "train_acc": 1.0, "val_loss": 1.886252522468567, "val_acc": 0.3333333333333333}
{"type": "epoch", "epoch": 99, "total_epochs": 100, "train_loss": 0.34928851096632313, "train_acc": 1.0, "val_loss": 1.9135117530822754, "val_acc": 0.35555555555555557}
{"type": "epoch", "epoch": "99/100", "train_loss": 0.34928851096632313, "train_acc": 1.0, "val_loss": 1.9135117530822754, "val_acc": 0.35555555555555557}
{"type": "epoch", "epoch": 100, "total_epochs": 100, "train_loss": 0.34923061294033225, "train_acc": 1.0, "val_loss": 1.8986904621124268, "val_acc": 0.35555555555555557}
{"type": "epoch", "epoch": "100/100", "train_loss": 0.34923061294033225, "train_acc": 1.0, "val_loss": 1.8986904621124268, "val_acc": 0.35555555555555557}
{"type": "complete", "message": "Training completed successfully for Shallow ConvNet on master_physionet!", "final_val_acc": 0.2608695652173913, "latency_ms": 12.098073959350586}

======================================
Training Model: MiniRocket on Dataset: BCI2a
======================================
{"type": "progress", "message": "Extracting BNCI2014_001 data using unified loader..."}
D:\eeg-minirocket-project\eeg-mi-bci-archive-565657a\src\dataset_loader_all.py:22: RuntimeWarning: Setting non-standard config type: "MNE_DATASETS_MOABB_PATH"
  mne.set_config('MNE_DATASETS_MOABB_PATH', data_dir)
Choosing from all possible events
C:\Users\SHUSHANK\AppData\Local\Packages\PythonSoftwareFoundation.Python.3.13_qbz5n2kfra8p0\LocalCache\local-packages\Python313\site-packages\moabb\datasets\bnci\base.py:456: FutureWarning: Montage name 'standard_1005' is deprecated and will be removed in MNE 1.14. Use 'colin27_1005' instead.
  montage = make_standard_montage("standard_1005")
C:\Users\SHUSHANK\AppData\Local\Packages\PythonSoftwareFoundation.Python.3.13_qbz5n2kfra8p0\LocalCache\local-packages\Python313\site-packages\moabb\datasets\bnci\base.py:456: FutureWarning: Montage name 'standard_1005' is deprecated and will be removed in MNE 1.14. Use 'colin27_1005' instead.
  montage = make_standard_montage("standard_1005")
C:\Users\SHUSHANK\AppData\Local\Packages\PythonSoftwareFoundation.Python.3.13_qbz5n2kfra8p0\LocalCache\local-packages\Python313\site-packages\moabb\datasets\bnci\base.py:456: FutureWarning: Montage name 'standard_1005' is deprecated and will be removed in MNE 1.14. Use 'colin27_1005' instead.
  montage = make_standard_montage("standard_1005")
C:\Users\SHUSHANK\AppData\Local\Packages\PythonSoftwareFoundation.Python.3.13_qbz5n2kfra8p0\LocalCache\local-packages\Python313\site-packages\moabb\datasets\bnci\base.py:456: FutureWarning: Montage name 'standard_1005' is deprecated and will be removed in MNE 1.14. Use 'colin27_1005' instead.
  montage = make_standard_montage("standard_1005")
C:\Users\SHUSHANK\AppData\Local\Packages\PythonSoftwareFoundation.Python.3.13_qbz5n2kfra8p0\LocalCache\local-packages\Python313\site-packages\moabb\datasets\bnci\base.py:456: FutureWarning: Montage name 'standard_1005' is deprecated and will be removed in MNE 1.14. Use 'colin27_1005' instead.
  montage = make_standard_montage("standard_1005")
C:\Users\SHUSHANK\AppData\Local\Packages\PythonSoftwareFoundation.Python.3.13_qbz5n2kfra8p0\LocalCache\local-packages\Python313\site-packages\moabb\datasets\bnci\base.py:456: FutureWarning: Montage name 'standard_1005' is deprecated and will be removed in MNE 1.14. Use 'colin27_1005' instead.
  montage = make_standard_montage("standard_1005")
C:\Users\SHUSHANK\AppData\Local\Packages\PythonSoftwareFoundation.Python.3.13_qbz5n2kfra8p0\LocalCache\local-packages\Python313\site-packages\moabb\datasets\bnci\base.py:456: FutureWarning: Montage name 'standard_1005' is deprecated and will be removed in MNE 1.14. Use 'colin27_1005' instead.
  montage = make_standard_montage("standard_1005")
C:\Users\SHUSHANK\AppData\Local\Packages\PythonSoftwareFoundation.Python.3.13_qbz5n2kfra8p0\LocalCache\local-packages\Python313\site-packages\moabb\datasets\bnci\base.py:456: FutureWarning: Montage name 'standard_1005' is deprecated and will be removed in MNE 1.14. Use 'colin27_1005' instead.
  montage = make_standard_montage("standard_1005")
C:\Users\SHUSHANK\AppData\Local\Packages\PythonSoftwareFoundation.Python.3.13_qbz5n2kfra8p0\LocalCache\local-packages\Python313\site-packages\moabb\datasets\bnci\base.py:456: FutureWarning: Montage name 'standard_1005' is deprecated and will be removed in MNE 1.14. Use 'colin27_1005' instead.
  montage = make_standard_montage("standard_1005")
C:\Users\SHUSHANK\AppData\Local\Packages\PythonSoftwareFoundation.Python.3.13_qbz5n2kfra8p0\LocalCache\local-packages\Python313\site-packages\moabb\datasets\bnci\base.py:456: FutureWarning: Montage name 'standard_1005' is deprecated and will be removed in MNE 1.14. Use 'colin27_1005' instead.
  montage = make_standard_montage("standard_1005")
C:\Users\SHUSHANK\AppData\Local\Packages\PythonSoftwareFoundation.Python.3.13_qbz5n2kfra8p0\LocalCache\local-packages\Python313\site-packages\moabb\datasets\bnci\base.py:456: FutureWarning: Montage name 'standard_1005' is deprecated and will be removed in MNE 1.14. Use 'colin27_1005' instead.
  montage = make_standard_montage("standard_1005")
C:\Users\SHUSHANK\AppData\Local\Packages\PythonSoftwareFoundation.Python.3.13_qbz5n2kfra8p0\LocalCache\local-packages\Python313\site-packages\moabb\datasets\bnci\base.py:456: FutureWarning: Montage name 'standard_1005' is deprecated and will be removed in MNE 1.14. Use 'colin27_1005' instead.
  montage = make_standard_montage("standard_1005")
C:\Users\SHUSHANK\AppData\Local\Packages\PythonSoftwareFoundation.Python.3.13_qbz5n2kfra8p0\LocalCache\local-packages\Python313\site-packages\moabb\datasets\bnci\base.py:456: FutureWarning: Montage name 'standard_1005' is deprecated and will be removed in MNE 1.14. Use 'colin27_1005' instead.
  montage = make_standard_montage("standard_1005")
C:\Users\SHUSHANK\AppData\Local\Packages\PythonSoftwareFoundation.Python.3.13_qbz5n2kfra8p0\LocalCache\local-packages\Python313\site-packages\moabb\datasets\bnci\base.py:456: FutureWarning: Montage name 'standard_1005' is deprecated and will be removed in MNE 1.14. Use 'colin27_1005' instead.
  montage = make_standard_montage("standard_1005")
C:\Users\SHUSHANK\AppData\Local\Packages\PythonSoftwareFoundation.Python.3.13_qbz5n2kfra8p0\LocalCache\local-packages\Python313\site-packages\moabb\datasets\bnci\base.py:456: FutureWarning: Montage name 'standard_1005' is deprecated and will be removed in MNE 1.14. Use 'colin27_1005' instead.
  montage = make_standard_montage("standard_1005")
C:\Users\SHUSHANK\AppData\Local\Packages\PythonSoftwareFoundation.Python.3.13_qbz5n2kfra8p0\LocalCache\local-packages\Python313\site-packages\moabb\datasets\bnci\base.py:456: FutureWarning: Montage name 'standard_1005' is deprecated and will be removed in MNE 1.14. Use 'colin27_1005' instead.
  montage = make_standard_montage("standard_1005")
C:\Users\SHUSHANK\AppData\Local\Packages\PythonSoftwareFoundation.Python.3.13_qbz5n2kfra8p0\LocalCache\local-packages\Python313\site-packages\moabb\datasets\bnci\base.py:456: FutureWarning: Montage name 'standard_1005' is deprecated and will be removed in MNE 1.14. Use 'colin27_1005' instead.
  montage = make_standard_montage("standard_1005")
C:\Users\SHUSHANK\AppData\Local\Packages\PythonSoftwareFoundation.Python.3.13_qbz5n2kfra8p0\LocalCache\local-packages\Python313\site-packages\moabb\datasets\bnci\base.py:456: FutureWarning: Montage name 'standard_1005' is deprecated and will be removed in MNE 1.14. Use 'colin27_1005' instead.
  montage = make_standard_montage("standard_1005")
Loading Dataset: BNCI2014_001 for Subject 1...
{"type": "info", "message": "Dataset already has exactly 22 channels. Keeping original spatial order."}
{"type": "info", "message": "No metadata found. Using temporal slice..."}
{"type": "info", "message": "Augmenting training data... Original shape: (460, 22, 1001)"}
{"type": "info", "message": "Augmented shape: (1380, 22, 1001)"}
{"type": "progress", "message": "Training GPU-Accelerated MiniRocket..."}
[MiniRocketPipeline] Using device: cuda
[MiniRocketPipeline] Extracting PPV features on GPU...
[MiniRocketPipeline] Training GPU MLP Head...
[MiniRocketPipeline] Done in 34.95s
{"type": "chart_update", "epoch": 100, "train_loss": 0.0, "train_acc": 1.0, "val_loss": 0.0, "val_acc": 0.30357142857142855}
{"type": "complete", "message": "Training completed successfully for MiniRocket on master_bci2a!", "final_val_acc": 0.31666666666666665, "latency_ms": 316.8020248413086}

======================================
Training Model: CNN-LSTM on Dataset: BCI2a
======================================
{"type": "info", "message": "Dataset already has exactly 22 channels. Keeping original spatial order."}
{"type": "info", "message": "No metadata found. Using temporal slice..."}
{"type": "info", "message": "Augmenting training data... Original shape: (460, 22, 1001)"}
{"type": "info", "message": "Augmented shape: (1380, 22, 1001)"}
{"type": "progress", "message": "Training CNN-LSTM Baseline..."}
{"type": "reset_chart"}
{"type": "epoch", "epoch": "1/100", "train_loss": 1.2848940645439038, "train_acc": 0.39565217391304347, "val_loss": 1.1070523262023926, "val_acc": 0.4642857142857143}
{"type": "epoch", "epoch": "2/100", "train_loss": 0.9413546791975049, "train_acc": 0.4985507246376812, "val_loss": 0.982300877571106, "val_acc": 0.5}
{"type": "epoch", "epoch": "3/100", "train_loss": 0.8542287636494291, "train_acc": 0.5376811594202898, "val_loss": 0.9153160452842712, "val_acc": 0.5535714285714286}
{"type": "epoch", "epoch": "4/100", "train_loss": 0.824386287426603, "train_acc": 0.5427536231884058, "val_loss": 1.0121445655822754, "val_acc": 0.5714285714285714}
{"type": "epoch", "epoch": "5/100", "train_loss": 0.8067917531815127, "train_acc": 0.5710144927536231, "val_loss": 0.9028268456459045, "val_acc": 0.6071428571428571}
{"type": "epoch", "epoch": "6/100", "train_loss": 0.7791784312414086, "train_acc": 0.6094202898550725, "val_loss": 0.8143615126609802, "val_acc": 0.6071428571428571}
{"type": "epoch", "epoch": "7/100", "train_loss": 0.6884579421817393, "train_acc": 0.6760869565217391, "val_loss": 1.190169334411621, "val_acc": 0.5535714285714286}
{"type": "epoch", "epoch": "8/100", "train_loss": 0.6635454034459763, "train_acc": 0.6760869565217391, "val_loss": 0.692491888999939, "val_acc": 0.6785714285714286}
{"type": "epoch", "epoch": "9/100", "train_loss": 0.5666045696839043, "train_acc": 0.7376811594202899, "val_loss": 0.9267557859420776, "val_acc": 0.6785714285714286}
{"type": "epoch", "epoch": "10/100", "train_loss": 0.5353531052236972, "train_acc": 0.7492753623188406, "val_loss": 0.7022895812988281, "val_acc": 0.6964285714285714}
{"type": "epoch", "epoch": "11/100", "train_loss": 0.5357483133025791, "train_acc": 0.7666666666666667, "val_loss": 0.9351297616958618, "val_acc": 0.625}
{"type": "epoch", "epoch": "12/100", "train_loss": 0.5076857857082201, "train_acc": 0.7695652173913043, "val_loss": 1.2561784982681274, "val_acc": 0.5}
{"type": "epoch", "epoch": "13/100", "train_loss": 0.4738113432690717, "train_acc": 0.7898550724637681, "val_loss": 0.515457808971405, "val_acc": 0.7857142857142857}
{"type": "epoch", "epoch": "14/100", "train_loss": 0.4863481077595033, "train_acc": 0.7804347826086957, "val_loss": 1.0013450384140015, "val_acc": 0.625}
{"type": "epoch", "epoch": "15/100", "train_loss": 0.39783759445383926, "train_acc": 0.8260869565217391, "val_loss": 0.7386091947555542, "val_acc": 0.6785714285714286}
{"type": "epoch", "epoch": "16/100", "train_loss": 0.3674866719522338, "train_acc": 0.855072463768116, "val_loss": 0.9866372346878052, "val_acc": 0.5714285714285714}
{"type": "epoch", "epoch": "17/100", "train_loss": 0.32707042059172753, "train_acc": 0.8601449275362318, "val_loss": 1.1311522722244263, "val_acc": 0.6785714285714286}
{"type": "epoch", "epoch": "18/100", "train_loss": 0.3503597991190095, "train_acc": 0.8528985507246377, "val_loss": 0.8596717119216919, "val_acc": 0.7142857142857143}
{"type": "epoch", "epoch": "19/100", "train_loss": 0.37492612341175907, "train_acc": 0.855072463768116, "val_loss": 0.6479050517082214, "val_acc": 0.75}
{"type": "epoch", "epoch": "20/100", "train_loss": 0.3115238796973574, "train_acc": 0.8673913043478261, "val_loss": 0.6189446449279785, "val_acc": 0.7321428571428571}
{"type": "epoch", "epoch": "21/100", "train_loss": 0.2839105311511219, "train_acc": 0.8898550724637682, "val_loss": 1.4600436687469482, "val_acc": 0.5714285714285714}
{"type": "epoch", "epoch": "22/100", "train_loss": 0.235038990041484, "train_acc": 0.9115942028985508, "val_loss": 0.7313176393508911, "val_acc": 0.75}
{"type": "epoch", "epoch": "23/100", "train_loss": 0.21936840224957121, "train_acc": 0.9210144927536232, "val_loss": 0.7294901013374329, "val_acc": 0.7142857142857143}
{"type": "epoch", "epoch": "24/100", "train_loss": 0.27124121370522875, "train_acc": 0.8927536231884058, "val_loss": 1.1894632577896118, "val_acc": 0.6428571428571429}
{"type": "epoch", "epoch": "25/100", "train_loss": 0.24940341754236084, "train_acc": 0.9050724637681159, "val_loss": 1.36351478099823, "val_acc": 0.625}
{"type": "epoch", "epoch": "26/100", "train_loss": 0.2321589647859767, "train_acc": 0.9, "val_loss": 1.8334019184112549, "val_acc": 0.5535714285714286}
{"type": "epoch", "epoch": "27/100", "train_loss": 0.19895099236265473, "train_acc": 0.9253623188405797, "val_loss": 0.863786518573761, "val_acc": 0.75}
{"type": "epoch", "epoch": "28/100", "train_loss": 0.13767346541086833, "train_acc": 0.9514492753623188, "val_loss": 0.7568923830986023, "val_acc": 0.7678571428571429}
{"type": "epoch", "epoch": "29/100", "train_loss": 0.19462015216333278, "train_acc": 0.9282608695652174, "val_loss": 0.6557016968727112, "val_acc": 0.7857142857142857}
{"type": "epoch", "epoch": "30/100", "train_loss": 0.15437194108963012, "train_acc": 0.9456521739130435, "val_loss": 0.9119724035263062, "val_acc": 0.7678571428571429}
{"type": "epoch", "epoch": "31/100", "train_loss": 0.14364960953809214, "train_acc": 0.9420289855072463, "val_loss": 0.7137227654457092, "val_acc": 0.7678571428571429}
{"type": "epoch", "epoch": "32/100", "train_loss": 0.09339742427286894, "train_acc": 0.967391304347826, "val_loss": 0.965923011302948, "val_acc": 0.75}
{"type": "epoch", "epoch": "33/100", "train_loss": 0.1022869801931623, "train_acc": 0.9702898550724638, "val_loss": 0.8636583685874939, "val_acc": 0.7678571428571429}
{"type": "epoch", "epoch": "34/100", "train_loss": 0.07290000735201697, "train_acc": 0.9782608695652174, "val_loss": 1.394500494003296, "val_acc": 0.6964285714285714}
{"type": "epoch", "epoch": "35/100", "train_loss": 0.08223246249599733, "train_acc": 0.9746376811594203, "val_loss": 1.224602460861206, "val_acc": 0.75}
{"type": "epoch", "epoch": "36/100", "train_loss": 0.10445317224315975, "train_acc": 0.9644927536231884, "val_loss": 2.5293712615966797, "val_acc": 0.5357142857142857}
{"type": "epoch", "epoch": "37/100", "train_loss": 0.20064921370451, "train_acc": 0.9318840579710145, "val_loss": 1.0127942562103271, "val_acc": 0.6964285714285714}
{"type": "epoch", "epoch": "38/100", "train_loss": 0.08969461105871891, "train_acc": 0.9717391304347827, "val_loss": 0.9644216299057007, "val_acc": 0.7678571428571429}
{"type": "epoch", "epoch": "39/100", "train_loss": 0.05846410581599111, "train_acc": 0.9833333333333333, "val_loss": 1.3815851211547852, "val_acc": 0.6964285714285714}
{"type": "epoch", "epoch": "40/100", "train_loss": 0.10159620074690252, "train_acc": 0.9630434782608696, "val_loss": 1.2678457498550415, "val_acc": 0.7142857142857143}
{"type": "epoch", "epoch": "41/100", "train_loss": 0.0512968562759351, "train_acc": 0.9833333333333333, "val_loss": 1.2921943664550781, "val_acc": 0.7142857142857143}
{"type": "epoch", "epoch": "42/100", "train_loss": 0.04584290074400496, "train_acc": 0.9898550724637681, "val_loss": 0.8979296088218689, "val_acc": 0.7678571428571429}
{"type": "epoch", "epoch": "43/100", "train_loss": 0.04074127067258392, "train_acc": 0.9905797101449275, "val_loss": 0.7507528066635132, "val_acc": 0.8035714285714286}
{"type": "epoch", "epoch": "44/100", "train_loss": 0.026186473988860412, "train_acc": 0.9934782608695653, "val_loss": 1.2594811916351318, "val_acc": 0.7142857142857143}
{"type": "epoch", "epoch": "45/100", "train_loss": 0.03360542835856693, "train_acc": 0.991304347826087, "val_loss": 1.1551026105880737, "val_acc": 0.6964285714285714}
{"type": "epoch", "epoch": "46/100", "train_loss": 0.017538203710717137, "train_acc": 0.9956521739130435, "val_loss": 1.0016850233078003, "val_acc": 0.6964285714285714}
{"type": "epoch", "epoch": "47/100", "train_loss": 0.011122887373726437, "train_acc": 0.9963768115942029, "val_loss": 1.342890739440918, "val_acc": 0.7142857142857143}
{"type": "epoch", "epoch": "48/100", "train_loss": 0.035160233834218506, "train_acc": 0.9891304347826086, "val_loss": 1.8474396467208862, "val_acc": 0.6785714285714286}
{"type": "epoch", "epoch": "49/100", "train_loss": 0.01434616971814978, "train_acc": 0.9971014492753624, "val_loss": 1.9247158765792847, "val_acc": 0.6428571428571429}
{"type": "epoch", "epoch": "50/100", "train_loss": 0.024090149998664857, "train_acc": 0.9920289855072464, "val_loss": 0.926730751991272, "val_acc": 0.7678571428571429}
{"type": "epoch", "epoch": "51/100", "train_loss": 0.03810434566027876, "train_acc": 0.991304347826087, "val_loss": 1.4069148302078247, "val_acc": 0.7142857142857143}
{"type": "epoch", "epoch": "52/100", "train_loss": 0.0377746542274574, "train_acc": 0.9898550724637681, "val_loss": 1.5470106601715088, "val_acc": 0.7321428571428571}
{"type": "epoch", "epoch": "53/100", "train_loss": 0.010709273643737686, "train_acc": 0.9971014492753624, "val_loss": 1.3211705684661865, "val_acc": 0.7321428571428571}
{"type": "epoch", "epoch": "54/100", "train_loss": 0.014591158559694346, "train_acc": 0.9956521739130435, "val_loss": 1.3808187246322632, "val_acc": 0.7321428571428571}
{"type": "epoch", "epoch": "55/100", "train_loss": 0.007307936489055662, "train_acc": 0.9985507246376811, "val_loss": 1.2552779912948608, "val_acc": 0.7142857142857143}
{"type": "epoch", "epoch": "56/100", "train_loss": 0.005923112405234597, "train_acc": 0.9978260869565218, "val_loss": 1.3874260187149048, "val_acc": 0.6964285714285714}
{"type": "epoch", "epoch": "57/100", "train_loss": 0.005544254912630372, "train_acc": 0.9992753623188406, "val_loss": 1.637014627456665, "val_acc": 0.7321428571428571}
{"type": "epoch", "epoch": "58/100", "train_loss": 0.009835020612682337, "train_acc": 0.9971014492753624, "val_loss": 1.2051879167556763, "val_acc": 0.7857142857142857}
{"type": "epoch", "epoch": "59/100", "train_loss": 0.007537156948482321, "train_acc": 0.9978260869565218, "val_loss": 1.0991241931915283, "val_acc": 0.7857142857142857}
{"type": "epoch", "epoch": "60/100", "train_loss": 0.0036136837952864776, "train_acc": 0.9992753623188406, "val_loss": 1.076744794845581, "val_acc": 0.8214285714285714}
{"type": "epoch", "epoch": "61/100", "train_loss": 0.01159217032617417, "train_acc": 0.9971014492753624, "val_loss": 1.7020920515060425, "val_acc": 0.6964285714285714}
{"type": "epoch", "epoch": "62/100", "train_loss": 0.0039585790556410086, "train_acc": 0.9992753623188406, "val_loss": 1.3717368841171265, "val_acc": 0.7857142857142857}
{"type": "epoch", "epoch": "63/100", "train_loss": 0.0019579858888629014, "train_acc": 1.0, "val_loss": 1.5674569606781006, "val_acc": 0.7321428571428571}
{"type": "epoch", "epoch": "64/100", "train_loss": 0.003470806885794129, "train_acc": 1.0, "val_loss": 2.2588183879852295, "val_acc": 0.6607142857142857}
{"type": "epoch", "epoch": "65/100", "train_loss": 0.0027083023518755817, "train_acc": 0.9992753623188406, "val_loss": 1.2587412595748901, "val_acc": 0.7321428571428571}
{"type": "epoch", "epoch": "66/100", "train_loss": 0.003947988541567347, "train_acc": 0.9992753623188406, "val_loss": 1.893707513809204, "val_acc": 0.7142857142857143}
{"type": "epoch", "epoch": "67/100", "train_loss": 0.002126261289400197, "train_acc": 0.9992753623188406, "val_loss": 1.7392362356185913, "val_acc": 0.7321428571428571}
{"type": "epoch", "epoch": "68/100", "train_loss": 0.0010858616110045408, "train_acc": 1.0, "val_loss": 1.6032687425613403, "val_acc": 0.75}
{"type": "epoch", "epoch": "69/100", "train_loss": 0.0008314590529957111, "train_acc": 1.0, "val_loss": 1.5294898748397827, "val_acc": 0.75}
{"type": "epoch", "epoch": "70/100", "train_loss": 0.0008015855495561509, "train_acc": 1.0, "val_loss": 1.6122428178787231, "val_acc": 0.75}
{"type": "epoch", "epoch": "71/100", "train_loss": 0.0008189303285030621, "train_acc": 1.0, "val_loss": 1.5051575899124146, "val_acc": 0.7321428571428571}
{"type": "epoch", "epoch": "72/100", "train_loss": 0.0015348982984584798, "train_acc": 0.9992753623188406, "val_loss": 1.538125991821289, "val_acc": 0.75}
{"type": "epoch", "epoch": "73/100", "train_loss": 0.0009666658828264453, "train_acc": 1.0, "val_loss": 1.5073596239089966, "val_acc": 0.75}
{"type": "epoch", "epoch": "74/100", "train_loss": 0.0007370714688727606, "train_acc": 1.0, "val_loss": 1.4765863418579102, "val_acc": 0.7678571428571429}
{"type": "epoch", "epoch": "75/100", "train_loss": 0.0006491670587464519, "train_acc": 1.0, "val_loss": 1.5536938905715942, "val_acc": 0.7142857142857143}
{"type": "epoch", "epoch": "76/100", "train_loss": 0.0005534460575765241, "train_acc": 1.0, "val_loss": 1.471495270729065, "val_acc": 0.7678571428571429}
{"type": "epoch", "epoch": "77/100", "train_loss": 0.0005521893506343274, "train_acc": 1.0, "val_loss": 1.4753162860870361, "val_acc": 0.75}
{"type": "epoch", "epoch": "78/100", "train_loss": 0.0004941193950429991, "train_acc": 1.0, "val_loss": 1.5572264194488525, "val_acc": 0.75}
{"type": "epoch", "epoch": "79/100", "train_loss": 0.0007063885524774483, "train_acc": 1.0, "val_loss": 1.4186289310455322, "val_acc": 0.7678571428571429}
{"type": "epoch", "epoch": "80/100", "train_loss": 0.000494677174002931, "train_acc": 1.0, "val_loss": 1.4894071817398071, "val_acc": 0.7857142857142857}
{"type": "epoch", "epoch": "81/100", "train_loss": 0.0004504520829051625, "train_acc": 1.0, "val_loss": 1.5262030363082886, "val_acc": 0.75}
{"type": "epoch", "epoch": "82/100", "train_loss": 0.0003335976080658535, "train_acc": 1.0, "val_loss": 1.5673967599868774, "val_acc": 0.75}
{"type": "epoch", "epoch": "83/100", "train_loss": 0.0004407885281935982, "train_acc": 1.0, "val_loss": 1.5134845972061157, "val_acc": 0.7678571428571429}
{"type": "epoch", "epoch": "84/100", "train_loss": 0.00046800962384398756, "train_acc": 1.0, "val_loss": 1.552306056022644, "val_acc": 0.7678571428571429}
{"type": "epoch", "epoch": "85/100", "train_loss": 0.0004574510471328445, "train_acc": 1.0, "val_loss": 1.5182065963745117, "val_acc": 0.75}
{"type": "epoch", "epoch": "86/100", "train_loss": 0.0004350826360177303, "train_acc": 1.0, "val_loss": 1.5251575708389282, "val_acc": 0.75}
{"type": "epoch", "epoch": "87/100", "train_loss": 0.0003759936146957773, "train_acc": 1.0, "val_loss": 1.5229500532150269, "val_acc": 0.75}
{"type": "epoch", "epoch": "88/100", "train_loss": 0.0006704921311145459, "train_acc": 1.0, "val_loss": 1.5319627523422241, "val_acc": 0.7678571428571429}
{"type": "epoch", "epoch": "89/100", "train_loss": 0.0003605185214942996, "train_acc": 1.0, "val_loss": 1.5352487564086914, "val_acc": 0.7678571428571429}
{"type": "epoch", "epoch": "90/100", "train_loss": 0.0004375532055206165, "train_acc": 1.0, "val_loss": 1.525985598564148, "val_acc": 0.7678571428571429}
{"type": "epoch", "epoch": "91/100", "train_loss": 0.0004708037853402936, "train_acc": 1.0, "val_loss": 1.5761325359344482, "val_acc": 0.75}
{"type": "epoch", "epoch": "92/100", "train_loss": 0.00488429216236092, "train_acc": 0.9985507246376811, "val_loss": 1.444057583808899, "val_acc": 0.7678571428571429}
{"type": "epoch", "epoch": "93/100", "train_loss": 0.0005749181563378838, "train_acc": 1.0, "val_loss": 1.4536516666412354, "val_acc": 0.7857142857142857}
{"type": "epoch", "epoch": "94/100", "train_loss": 0.000488453498278893, "train_acc": 1.0, "val_loss": 1.539542317390442, "val_acc": 0.75}
{"type": "epoch", "epoch": "95/100", "train_loss": 0.0004922361479248798, "train_acc": 1.0, "val_loss": 1.5359163284301758, "val_acc": 0.75}
{"type": "epoch", "epoch": "96/100", "train_loss": 0.007232409802036009, "train_acc": 0.9992753623188406, "val_loss": 1.5144234895706177, "val_acc": 0.7857142857142857}
{"type": "epoch", "epoch": "97/100", "train_loss": 0.0003997486573137829, "train_acc": 1.0, "val_loss": 1.5382095575332642, "val_acc": 0.75}
{"type": "epoch", "epoch": "98/100", "train_loss": 0.0005422487642373079, "train_acc": 1.0, "val_loss": 1.5467604398727417, "val_acc": 0.75}
{"type": "epoch", "epoch": "99/100", "train_loss": 0.000653520874692586, "train_acc": 1.0, "val_loss": 1.5291435718536377, "val_acc": 0.75}
{"type": "epoch", "epoch": "100/100", "train_loss": 0.0004414791652959758, "train_acc": 1.0, "val_loss": 1.5537105798721313, "val_acc": 0.75}
{"type": "complete", "message": "Training completed successfully for CNN-LSTM on master_bci2a!", "final_val_acc": 0.7333333333333333, "latency_ms": 20.885944366455078}

======================================
Training Model: Advanced Transformer on Dataset: BCI2a
======================================
{"type": "info", "message": "Dataset already has exactly 22 channels. Keeping original spatial order."}
{"type": "info", "message": "No metadata found. Using temporal slice..."}
{"type": "info", "message": "Augmenting training data... Original shape: (460, 22, 1001)"}
{"type": "info", "message": "Augmented shape: (1380, 22, 1001)"}
{"type": "progress", "message": "Training Advanced Transformer (Conformer)..."}
{"type": "reset_chart"}
[AdvancedEEGPipeline] Using device: cuda
D:\pip_packages\torch\nn\modules\conv.py:549: UserWarning: Using padding='same' with even kernel lengths and odd dilation may require a zero-padded copy of the input be created (Triggered internally at C:\actions-runner\_work\pytorch\pytorch\pytorch\aten\src\ATen\native\Convolution.cpp:1037.)
  return F.conv2d(
{"type": "epoch", "epoch": "1/100", "train_loss": 1.3236174583435059, "train_acc": 0.3456521739130435, "val_loss": 1.392896056175232, "val_acc": 0.25}
{"type": "epoch", "epoch": "2/100", "train_loss": 1.1642034378918735, "train_acc": 0.47608695652173916, "val_loss": 1.397499680519104, "val_acc": 0.32142857142857145}
{"type": "epoch", "epoch": "3/100", "train_loss": 1.0754011246291073, "train_acc": 0.4789855072463768, "val_loss": 1.234810709953308, "val_acc": 0.44642857142857145}
{"type": "epoch", "epoch": "4/100", "train_loss": 1.004121571779251, "train_acc": 0.5318840579710145, "val_loss": 1.0225658416748047, "val_acc": 0.5535714285714286}
{"type": "epoch", "epoch": "5/100", "train_loss": 0.964202111417597, "train_acc": 0.5463768115942029, "val_loss": 0.9592728614807129, "val_acc": 0.5892857142857143}
{"type": "epoch", "epoch": "6/100", "train_loss": 0.8981177725575187, "train_acc": 0.6094202898550725, "val_loss": 0.897132158279419, "val_acc": 0.625}
{"type": "epoch", "epoch": "7/100", "train_loss": 0.84992469440807, "train_acc": 0.6289855072463768, "val_loss": 0.9744464755058289, "val_acc": 0.5535714285714286}
{"type": "epoch", "epoch": "8/100", "train_loss": 0.797552848404104, "train_acc": 0.677536231884058, "val_loss": 0.8331096768379211, "val_acc": 0.6964285714285714}
{"type": "epoch", "epoch": "9/100", "train_loss": 0.7436674508181486, "train_acc": 0.7094202898550724, "val_loss": 0.9953553080558777, "val_acc": 0.6607142857142857}
{"type": "epoch", "epoch": "10/100", "train_loss": 0.7016669864004309, "train_acc": 0.758695652173913, "val_loss": 0.8271476030349731, "val_acc": 0.6607142857142857}
{"type": "epoch", "epoch": "11/100", "train_loss": 0.6438460742885416, "train_acc": 0.7804347826086957, "val_loss": 0.8309696912765503, "val_acc": 0.6428571428571429}
{"type": "epoch", "epoch": "12/100", "train_loss": 0.6057843145999041, "train_acc": 0.8188405797101449, "val_loss": 1.4262977838516235, "val_acc": 0.5178571428571429}
{"type": "epoch", "epoch": "13/100", "train_loss": 0.5884787643497641, "train_acc": 0.8260869565217391, "val_loss": 0.8779535293579102, "val_acc": 0.6785714285714286}
{"type": "epoch", "epoch": "14/100", "train_loss": 0.5365204716270621, "train_acc": 0.8384057971014492, "val_loss": 0.7618513107299805, "val_acc": 0.7142857142857143}
{"type": "epoch", "epoch": "15/100", "train_loss": 0.49790250035849487, "train_acc": 0.8615942028985507, "val_loss": 1.8954347372055054, "val_acc": 0.5357142857142857}
{"type": "epoch", "epoch": "16/100", "train_loss": 0.48643052171577106, "train_acc": 0.8652173913043478, "val_loss": 1.8679715394973755, "val_acc": 0.5357142857142857}
{"type": "epoch", "epoch": "17/100", "train_loss": 0.4425159015438773, "train_acc": 0.9, "val_loss": 1.1715240478515625, "val_acc": 0.5535714285714286}
{"type": "epoch", "epoch": "18/100", "train_loss": 0.39977525716478174, "train_acc": 0.9217391304347826, "val_loss": 0.8201205730438232, "val_acc": 0.8035714285714286}
{"type": "epoch", "epoch": "19/100", "train_loss": 0.4074072973294692, "train_acc": 0.9072463768115943, "val_loss": 1.2714526653289795, "val_acc": 0.6071428571428571}
{"type": "epoch", "epoch": "20/100", "train_loss": 0.38532843643968756, "train_acc": 0.9282608695652174, "val_loss": 5.453836441040039, "val_acc": 0.2857142857142857}
{"type": "epoch", "epoch": "21/100", "train_loss": 0.3733414262533188, "train_acc": 0.9333333333333333, "val_loss": 1.879023790359497, "val_acc": 0.6071428571428571}
{"type": "epoch", "epoch": "22/100", "train_loss": 0.34625567495822906, "train_acc": 0.9471014492753623, "val_loss": 0.6127641201019287, "val_acc": 0.8035714285714286}
{"type": "epoch", "epoch": "23/100", "train_loss": 0.28777830370447854, "train_acc": 0.9775362318840579, "val_loss": 1.1772496700286865, "val_acc": 0.75}
{"type": "epoch", "epoch": "24/100", "train_loss": 0.29934160817753186, "train_acc": 0.967391304347826, "val_loss": 0.6144672632217407, "val_acc": 0.8392857142857143}
{"type": "epoch", "epoch": "25/100", "train_loss": 0.30435204234990204, "train_acc": 0.9739130434782609, "val_loss": 1.104116678237915, "val_acc": 0.7142857142857143}
{"type": "epoch", "epoch": "26/100", "train_loss": 0.2966487929224968, "train_acc": 0.9681159420289855, "val_loss": 1.0886672735214233, "val_acc": 0.6607142857142857}
{"type": "epoch", "epoch": "27/100", "train_loss": 0.28890709714456037, "train_acc": 0.9710144927536232, "val_loss": 1.1682664155960083, "val_acc": 0.6964285714285714}
{"type": "epoch", "epoch": "28/100", "train_loss": 0.27229749682274734, "train_acc": 0.9826086956521739, "val_loss": 0.9207459092140198, "val_acc": 0.8035714285714286}
{"type": "epoch", "epoch": "29/100", "train_loss": 0.2641379860314456, "train_acc": 0.9847826086956522, "val_loss": 1.033757209777832, "val_acc": 0.6607142857142857}
{"type": "epoch", "epoch": "30/100", "train_loss": 0.2533995495601134, "train_acc": 0.9905797101449275, "val_loss": 0.7472459673881531, "val_acc": 0.7678571428571429}
{"type": "epoch", "epoch": "31/100", "train_loss": 0.2521134045991031, "train_acc": 0.9891304347826086, "val_loss": 1.131929636001587, "val_acc": 0.6785714285714286}
{"type": "epoch", "epoch": "32/100", "train_loss": 0.2577269551428882, "train_acc": 0.9884057971014493, "val_loss": 1.1634721755981445, "val_acc": 0.75}
{"type": "epoch", "epoch": "33/100", "train_loss": 0.24546613544225693, "train_acc": 0.9934782608695653, "val_loss": 0.8025657534599304, "val_acc": 0.7857142857142857}
{"type": "epoch", "epoch": "34/100", "train_loss": 0.23939101127060977, "train_acc": 0.994927536231884, "val_loss": 0.9089993238449097, "val_acc": 0.7321428571428571}
{"type": "epoch", "epoch": "35/100", "train_loss": 0.2478284395553849, "train_acc": 0.9891304347826086, "val_loss": 1.4509882926940918, "val_acc": 0.6071428571428571}
{"type": "epoch", "epoch": "36/100", "train_loss": 0.24439574033021927, "train_acc": 0.9934782608695653, "val_loss": 0.7500828504562378, "val_acc": 0.7678571428571429}
{"type": "epoch", "epoch": "37/100", "train_loss": 0.2327458526600491, "train_acc": 0.9992753623188406, "val_loss": 0.602807879447937, "val_acc": 0.8571428571428571}
{"type": "epoch", "epoch": "38/100", "train_loss": 0.24146807532418857, "train_acc": 0.9927536231884058, "val_loss": 0.7960044741630554, "val_acc": 0.7857142857142857}
{"type": "epoch", "epoch": "39/100", "train_loss": 0.24341702258045023, "train_acc": 0.9891304347826086, "val_loss": 0.8223443627357483, "val_acc": 0.7321428571428571}
{"type": "epoch", "epoch": "40/100", "train_loss": 0.23143087801608173, "train_acc": 0.994927536231884, "val_loss": 0.9355478882789612, "val_acc": 0.8035714285714286}
{"type": "epoch", "epoch": "41/100", "train_loss": 0.22649390995502472, "train_acc": 0.9971014492753624, "val_loss": 0.7941744327545166, "val_acc": 0.8214285714285714}
{"type": "epoch", "epoch": "42/100", "train_loss": 0.2323970774357969, "train_acc": 0.9956521739130435, "val_loss": 0.9288855791091919, "val_acc": 0.7857142857142857}
{"type": "epoch", "epoch": "43/100", "train_loss": 0.24130640856244348, "train_acc": 0.9920289855072464, "val_loss": 1.1163671016693115, "val_acc": 0.6607142857142857}
{"type": "epoch", "epoch": "44/100", "train_loss": 0.24206734245473688, "train_acc": 0.9920289855072464, "val_loss": 1.0613701343536377, "val_acc": 0.6964285714285714}
{"type": "epoch", "epoch": "45/100", "train_loss": 0.22933349284258756, "train_acc": 0.994927536231884, "val_loss": 0.6500656008720398, "val_acc": 0.8035714285714286}
{"type": "epoch", "epoch": "46/100", "train_loss": 0.2397898720069365, "train_acc": 0.9905797101449275, "val_loss": 0.7598503828048706, "val_acc": 0.8035714285714286}
{"type": "epoch", "epoch": "47/100", "train_loss": 0.2302623844959519, "train_acc": 0.9956521739130435, "val_loss": 0.6738436818122864, "val_acc": 0.8035714285714286}
{"type": "epoch", "epoch": "48/100", "train_loss": 0.23243210193785754, "train_acc": 0.9927536231884058, "val_loss": 0.9746832251548767, "val_acc": 0.7857142857142857}
{"type": "epoch", "epoch": "49/100", "train_loss": 0.22603045810352673, "train_acc": 0.9978260869565218, "val_loss": 0.8182298541069031, "val_acc": 0.7857142857142857}
{"type": "epoch", "epoch": "50/100", "train_loss": 0.23160088875076987, "train_acc": 0.9927536231884058, "val_loss": 0.9705109000205994, "val_acc": 0.7678571428571429}
{"type": "epoch", "epoch": "51/100", "train_loss": 0.22814021530476483, "train_acc": 0.9956521739130435, "val_loss": 0.6318862438201904, "val_acc": 0.7857142857142857}
{"type": "epoch", "epoch": "52/100", "train_loss": 0.22128093310377814, "train_acc": 0.9971014492753624, "val_loss": 0.5406031608581543, "val_acc": 0.8571428571428571}
{"type": "epoch", "epoch": "53/100", "train_loss": 0.22268315811048855, "train_acc": 0.9971014492753624, "val_loss": 1.0402051210403442, "val_acc": 0.6964285714285714}
{"type": "epoch", "epoch": "54/100", "train_loss": 0.2237222729758783, "train_acc": 0.9963768115942029, "val_loss": 0.7429802417755127, "val_acc": 0.7857142857142857}
{"type": "epoch", "epoch": "55/100", "train_loss": 0.21731263466856696, "train_acc": 1.0, "val_loss": 0.6679182052612305, "val_acc": 0.8571428571428571}
{"type": "epoch", "epoch": "56/100", "train_loss": 0.2153110239993442, "train_acc": 0.9992753623188406, "val_loss": 0.7599161267280579, "val_acc": 0.7857142857142857}
{"type": "epoch", "epoch": "57/100", "train_loss": 0.21927229382775046, "train_acc": 0.9971014492753624, "val_loss": 1.1650276184082031, "val_acc": 0.75}
{"type": "epoch", "epoch": "58/100", "train_loss": 0.21652205898003143, "train_acc": 0.9992753623188406, "val_loss": 0.615654468536377, "val_acc": 0.8035714285714286}
{"type": "epoch", "epoch": "59/100", "train_loss": 0.21321303532882172, "train_acc": 0.9992753623188406, "val_loss": 0.7192527055740356, "val_acc": 0.8392857142857143}
{"type": "epoch", "epoch": "60/100", "train_loss": 0.21684789589860223, "train_acc": 0.9978260869565218, "val_loss": 0.5894616842269897, "val_acc": 0.8392857142857143}
{"type": "epoch", "epoch": "61/100", "train_loss": 0.2213933305306868, "train_acc": 0.994927536231884, "val_loss": 0.5500006079673767, "val_acc": 0.8928571428571429}
{"type": "epoch", "epoch": "62/100", "train_loss": 0.21381469477306714, "train_acc": 1.0, "val_loss": 0.5225869417190552, "val_acc": 0.8571428571428571}
{"type": "epoch", "epoch": "63/100", "train_loss": 0.21342581713741476, "train_acc": 0.9985507246376811, "val_loss": 0.5580630898475647, "val_acc": 0.8392857142857143}
{"type": "epoch", "epoch": "64/100", "train_loss": 0.21412566913799805, "train_acc": 0.9985507246376811, "val_loss": 0.7741245031356812, "val_acc": 0.7678571428571429}
{"type": "epoch", "epoch": "65/100", "train_loss": 0.21283593773841858, "train_acc": 1.0, "val_loss": 0.6591583490371704, "val_acc": 0.7857142857142857}
{"type": "epoch", "epoch": "66/100", "train_loss": 0.21336183764717795, "train_acc": 0.9985507246376811, "val_loss": 0.7064282894134521, "val_acc": 0.7857142857142857}
{"type": "epoch", "epoch": "67/100", "train_loss": 0.21205571158365769, "train_acc": 0.9992753623188406, "val_loss": 0.5968927145004272, "val_acc": 0.7857142857142857}
{"type": "epoch", "epoch": "68/100", "train_loss": 0.21143568103963678, "train_acc": 0.9992753623188406, "val_loss": 0.5167196989059448, "val_acc": 0.875}
{"type": "epoch", "epoch": "69/100", "train_loss": 0.2099983339959925, "train_acc": 1.0, "val_loss": 0.5653076767921448, "val_acc": 0.8392857142857143}
{"type": "epoch", "epoch": "70/100", "train_loss": 0.21076122739098288, "train_acc": 1.0, "val_loss": 0.5876767039299011, "val_acc": 0.8571428571428571}
{"type": "epoch", "epoch": "71/100", "train_loss": 0.21033025126565585, "train_acc": 1.0, "val_loss": 0.5918014645576477, "val_acc": 0.8392857142857143}
{"type": "epoch", "epoch": "72/100", "train_loss": 0.20944745499979367, "train_acc": 1.0, "val_loss": 0.6317934393882751, "val_acc": 0.8392857142857143}
{"type": "epoch", "epoch": "73/100", "train_loss": 0.2088688320734284, "train_acc": 1.0, "val_loss": 0.5378323793411255, "val_acc": 0.875}
{"type": "epoch", "epoch": "74/100", "train_loss": 0.2098818434910341, "train_acc": 1.0, "val_loss": 0.6766443252563477, "val_acc": 0.8035714285714286}
{"type": "epoch", "epoch": "75/100", "train_loss": 0.21051387827504764, "train_acc": 0.9992753623188406, "val_loss": 0.6393157243728638, "val_acc": 0.7857142857142857}
{"type": "epoch", "epoch": "76/100", "train_loss": 0.20868755877017975, "train_acc": 1.0, "val_loss": 0.5634320974349976, "val_acc": 0.8571428571428571}
{"type": "epoch", "epoch": "77/100", "train_loss": 0.208283776586706, "train_acc": 1.0, "val_loss": 0.5776827931404114, "val_acc": 0.8035714285714286}
{"type": "epoch", "epoch": "78/100", "train_loss": 0.20948456092314285, "train_acc": 1.0, "val_loss": 0.5822891592979431, "val_acc": 0.8392857142857143}
{"type": "epoch", "epoch": "79/100", "train_loss": 0.2092044475403699, "train_acc": 1.0, "val_loss": 0.5213385820388794, "val_acc": 0.8928571428571429}
{"type": "epoch", "epoch": "80/100", "train_loss": 0.2089900387959047, "train_acc": 0.9992753623188406, "val_loss": 0.5138170719146729, "val_acc": 0.875}
{"type": "epoch", "epoch": "81/100", "train_loss": 0.2078998413952914, "train_acc": 1.0, "val_loss": 0.5960640907287598, "val_acc": 0.7857142857142857}
{"type": "epoch", "epoch": "82/100", "train_loss": 0.2090210975571112, "train_acc": 1.0, "val_loss": 0.578812301158905, "val_acc": 0.8571428571428571}
{"type": "epoch", "epoch": "83/100", "train_loss": 0.20862742581150748, "train_acc": 1.0, "val_loss": 0.5593959093093872, "val_acc": 0.7857142857142857}
{"type": "epoch", "epoch": "84/100", "train_loss": 0.2079497386108745, "train_acc": 0.9992753623188406, "val_loss": 0.6216321587562561, "val_acc": 0.8392857142857143}
{"type": "epoch", "epoch": "85/100", "train_loss": 0.20893736725503748, "train_acc": 1.0, "val_loss": 0.5760427713394165, "val_acc": 0.8035714285714286}
{"type": "epoch", "epoch": "86/100", "train_loss": 0.20816029066389258, "train_acc": 1.0, "val_loss": 0.5539209842681885, "val_acc": 0.8392857142857143}
{"type": "epoch", "epoch": "87/100", "train_loss": 0.20690098472616889, "train_acc": 1.0, "val_loss": 0.6088876724243164, "val_acc": 0.8035714285714286}
{"type": "epoch", "epoch": "88/100", "train_loss": 0.208455468443307, "train_acc": 1.0, "val_loss": 0.6017630696296692, "val_acc": 0.8035714285714286}
{"type": "epoch", "epoch": "89/100", "train_loss": 0.20832510698925366, "train_acc": 1.0, "val_loss": 0.6340612173080444, "val_acc": 0.8035714285714286}
{"type": "epoch", "epoch": "90/100", "train_loss": 0.2079556570811705, "train_acc": 1.0, "val_loss": 0.5466854572296143, "val_acc": 0.8392857142857143}
{"type": "epoch", "epoch": "91/100", "train_loss": 0.20825587280771948, "train_acc": 1.0, "val_loss": 0.5761758089065552, "val_acc": 0.8392857142857143}
{"type": "epoch", "epoch": "92/100", "train_loss": 0.20887161926789719, "train_acc": 1.0, "val_loss": 0.5673230290412903, "val_acc": 0.8392857142857143}
{"type": "epoch", "epoch": "93/100", "train_loss": 0.20763477683067322, "train_acc": 1.0, "val_loss": 0.5614312291145325, "val_acc": 0.8392857142857143}
{"type": "epoch", "epoch": "94/100", "train_loss": 0.20767559720711273, "train_acc": 1.0, "val_loss": 0.5843120217323303, "val_acc": 0.8571428571428571}
{"type": "epoch", "epoch": "95/100", "train_loss": 0.20852719924666666, "train_acc": 1.0, "val_loss": 0.5568553805351257, "val_acc": 0.8392857142857143}
{"type": "epoch", "epoch": "96/100", "train_loss": 0.2079035924239592, "train_acc": 1.0, "val_loss": 0.5643942356109619, "val_acc": 0.8214285714285714}
{"type": "epoch", "epoch": "97/100", "train_loss": 0.20772771334106271, "train_acc": 1.0, "val_loss": 0.5864189863204956, "val_acc": 0.8214285714285714}
{"type": "epoch", "epoch": "98/100", "train_loss": 0.20747983320192856, "train_acc": 1.0, "val_loss": 0.5821493864059448, "val_acc": 0.8214285714285714}
{"type": "epoch", "epoch": "99/100", "train_loss": 0.20859058472243222, "train_acc": 1.0, "val_loss": 0.5914618968963623, "val_acc": 0.8214285714285714}
{"type": "epoch", "epoch": "100/100", "train_loss": 0.20803179050033743, "train_acc": 1.0, "val_loss": 0.5717025399208069, "val_acc": 0.8214285714285714}
[AdvancedEEGPipeline] Done in 328.22s
{"type": "complete", "message": "Training completed successfully for Advanced Transformer on master_bci2a!", "final_val_acc": 0.8333333333333334, "latency_ms": 21.18706703186035}

======================================
Training Model: EEGNet on Dataset: BCI2a
======================================
{"type": "info", "message": "Dataset already has exactly 22 channels. Keeping original spatial order."}
{"type": "info", "message": "No metadata found. Using temporal slice..."}
{"type": "info", "message": "Augmenting training data... Original shape: (460, 22, 1001)"}
{"type": "info", "message": "Augmented shape: (1380, 22, 1001)"}
{"type": "progress", "message": "Training EEGNet..."}
{"type": "reset_chart"}
D:\pip_packages\torch\nn\modules\conv.py:549: UserWarning: Using padding='same' with even kernel lengths and odd dilation may require a zero-padded copy of the input be created (Triggered internally at C:\actions-runner\_work\pytorch\pytorch\pytorch\aten\src\ATen\native\Convolution.cpp:1037.)
  return F.conv2d(
{"type": "epoch", "epoch": 1, "total_epochs": 100, "train_loss": 1.0087734946306202, "train_acc": 0.5260869565217391, "val_loss": 1.3936636447906494, "val_acc": 0.5357142857142857}
{"type": "epoch", "epoch": "1/100", "train_loss": 1.0087734946306202, "train_acc": 0.5260869565217391, "val_loss": 1.3936636447906494, "val_acc": 0.5357142857142857}
{"type": "epoch", "epoch": 2, "total_epochs": 100, "train_loss": 0.6771113084710163, "train_acc": 0.7144927536231884, "val_loss": 0.757568359375, "val_acc": 0.6428571428571429}
{"type": "epoch", "epoch": "2/100", "train_loss": 0.6771113084710163, "train_acc": 0.7144927536231884, "val_loss": 0.757568359375, "val_acc": 0.6428571428571429}
{"type": "epoch", "epoch": 3, "total_epochs": 100, "train_loss": 0.571559817203577, "train_acc": 0.7420289855072464, "val_loss": 0.521995484828949, "val_acc": 0.8392857142857143}
{"type": "epoch", "epoch": "3/100", "train_loss": 0.571559817203577, "train_acc": 0.7420289855072464, "val_loss": 0.521995484828949, "val_acc": 0.8392857142857143}
{"type": "epoch", "epoch": 4, "total_epochs": 100, "train_loss": 0.5005272571591364, "train_acc": 0.7884057971014493, "val_loss": 0.5064703822135925, "val_acc": 0.7678571428571429}
{"type": "epoch", "epoch": "4/100", "train_loss": 0.5005272571591364, "train_acc": 0.7884057971014493, "val_loss": 0.5064703822135925, "val_acc": 0.7678571428571429}
{"type": "epoch", "epoch": 5, "total_epochs": 100, "train_loss": 0.4259229576242143, "train_acc": 0.8202898550724638, "val_loss": 0.4435601234436035, "val_acc": 0.8035714285714286}
{"type": "epoch", "epoch": "5/100", "train_loss": 0.4259229576242143, "train_acc": 0.8202898550724638, "val_loss": 0.4435601234436035, "val_acc": 0.8035714285714286}
{"type": "epoch", "epoch": 6, "total_epochs": 100, "train_loss": 0.3436816696671472, "train_acc": 0.8833333333333333, "val_loss": 0.5517817139625549, "val_acc": 0.7678571428571429}
{"type": "epoch", "epoch": "6/100", "train_loss": 0.3436816696671472, "train_acc": 0.8833333333333333, "val_loss": 0.5517817139625549, "val_acc": 0.7678571428571429}
{"type": "epoch", "epoch": 7, "total_epochs": 100, "train_loss": 0.29762126950250156, "train_acc": 0.8971014492753623, "val_loss": 0.4486413598060608, "val_acc": 0.8035714285714286}
{"type": "epoch", "epoch": "7/100", "train_loss": 0.29762126950250156, "train_acc": 0.8971014492753623, "val_loss": 0.4486413598060608, "val_acc": 0.8035714285714286}
{"type": "epoch", "epoch": 8, "total_epochs": 100, "train_loss": 0.21274888765984687, "train_acc": 0.9355072463768116, "val_loss": 0.5156337022781372, "val_acc": 0.7857142857142857}
{"type": "epoch", "epoch": "8/100", "train_loss": 0.21274888765984687, "train_acc": 0.9355072463768116, "val_loss": 0.5156337022781372, "val_acc": 0.7857142857142857}
{"type": "epoch", "epoch": 9, "total_epochs": 100, "train_loss": 0.17645623813504757, "train_acc": 0.9471014492753623, "val_loss": 0.7663756608963013, "val_acc": 0.75}
{"type": "epoch", "epoch": "9/100", "train_loss": 0.17645623813504757, "train_acc": 0.9471014492753623, "val_loss": 0.7663756608963013, "val_acc": 0.75}
{"type": "epoch", "epoch": 10, "total_epochs": 100, "train_loss": 0.14877749538939933, "train_acc": 0.9521739130434783, "val_loss": 0.6394081115722656, "val_acc": 0.7678571428571429}
{"type": "epoch", "epoch": "10/100", "train_loss": 0.14877749538939933, "train_acc": 0.9521739130434783, "val_loss": 0.6394081115722656, "val_acc": 0.7678571428571429}
{"type": "epoch", "epoch": 11, "total_epochs": 100, "train_loss": 0.07849114360152812, "train_acc": 0.9840579710144928, "val_loss": 0.5833266973495483, "val_acc": 0.7678571428571429}
{"type": "epoch", "epoch": "11/100", "train_loss": 0.07849114360152812, "train_acc": 0.9840579710144928, "val_loss": 0.5833266973495483, "val_acc": 0.7678571428571429}
{"type": "epoch", "epoch": 12, "total_epochs": 100, "train_loss": 0.07390582306661468, "train_acc": 0.9797101449275363, "val_loss": 0.7331417202949524, "val_acc": 0.7857142857142857}
{"type": "epoch", "epoch": "12/100", "train_loss": 0.07390582306661468, "train_acc": 0.9797101449275363, "val_loss": 0.7331417202949524, "val_acc": 0.7857142857142857}
{"type": "epoch", "epoch": 13, "total_epochs": 100, "train_loss": 0.03381393545347711, "train_acc": 0.9971014492753624, "val_loss": 0.891728937625885, "val_acc": 0.75}
{"type": "epoch", "epoch": "13/100", "train_loss": 0.03381393545347711, "train_acc": 0.9971014492753624, "val_loss": 0.891728937625885, "val_acc": 0.75}
{"type": "epoch", "epoch": 14, "total_epochs": 100, "train_loss": 0.043921288200046704, "train_acc": 0.9891304347826086, "val_loss": 0.7004064917564392, "val_acc": 0.7678571428571429}
{"type": "epoch", "epoch": "14/100", "train_loss": 0.043921288200046704, "train_acc": 0.9891304347826086, "val_loss": 0.7004064917564392, "val_acc": 0.7678571428571429}
{"type": "epoch", "epoch": 15, "total_epochs": 100, "train_loss": 0.024180072205870047, "train_acc": 0.9963768115942029, "val_loss": 0.7768353819847107, "val_acc": 0.7321428571428571}
{"type": "epoch", "epoch": "15/100", "train_loss": 0.024180072205870047, "train_acc": 0.9963768115942029, "val_loss": 0.7768353819847107, "val_acc": 0.7321428571428571}
{"type": "epoch", "epoch": 16, "total_epochs": 100, "train_loss": 0.02452556369556249, "train_acc": 0.9942028985507246, "val_loss": 0.8520973324775696, "val_acc": 0.7678571428571429}
{"type": "epoch", "epoch": "16/100", "train_loss": 0.02452556369556249, "train_acc": 0.9942028985507246, "val_loss": 0.8520973324775696, "val_acc": 0.7678571428571429}
{"type": "epoch", "epoch": 17, "total_epochs": 100, "train_loss": 0.012632595877284589, "train_acc": 0.9992753623188406, "val_loss": 0.9398412108421326, "val_acc": 0.7678571428571429}
{"type": "epoch", "epoch": "17/100", "train_loss": 0.012632595877284589, "train_acc": 0.9992753623188406, "val_loss": 0.9398412108421326, "val_acc": 0.7678571428571429}
{"type": "epoch", "epoch": 18, "total_epochs": 100, "train_loss": 0.025103180043642287, "train_acc": 0.9920289855072464, "val_loss": 0.9070405960083008, "val_acc": 0.8035714285714286}
{"type": "epoch", "epoch": "18/100", "train_loss": 0.025103180043642287, "train_acc": 0.9920289855072464, "val_loss": 0.9070405960083008, "val_acc": 0.8035714285714286}
{"type": "epoch", "epoch": 19, "total_epochs": 100, "train_loss": 0.007786078122107016, "train_acc": 0.9985507246376811, "val_loss": 0.9390257596969604, "val_acc": 0.75}
{"type": "epoch", "epoch": "19/100", "train_loss": 0.007786078122107016, "train_acc": 0.9985507246376811, "val_loss": 0.9390257596969604, "val_acc": 0.75}
{"type": "epoch", "epoch": 20, "total_epochs": 100, "train_loss": 0.004274880886415316, "train_acc": 0.9992753623188406, "val_loss": 0.7663429975509644, "val_acc": 0.7678571428571429}
{"type": "epoch", "epoch": "20/100", "train_loss": 0.004274880886415316, "train_acc": 0.9992753623188406, "val_loss": 0.7663429975509644, "val_acc": 0.7678571428571429}
{"type": "epoch", "epoch": 21, "total_epochs": 100, "train_loss": 0.0032108548768809524, "train_acc": 1.0, "val_loss": 0.9731160402297974, "val_acc": 0.7142857142857143}
{"type": "epoch", "epoch": "21/100", "train_loss": 0.0032108548768809524, "train_acc": 1.0, "val_loss": 0.9731160402297974, "val_acc": 0.7142857142857143}
{"type": "epoch", "epoch": 22, "total_epochs": 100, "train_loss": 0.004512234009883326, "train_acc": 0.9992753623188406, "val_loss": 0.8680034875869751, "val_acc": 0.7678571428571429}
{"type": "epoch", "epoch": "22/100", "train_loss": 0.004512234009883326, "train_acc": 0.9992753623188406, "val_loss": 0.8680034875869751, "val_acc": 0.7678571428571429}
{"type": "epoch", "epoch": 23, "total_epochs": 100, "train_loss": 0.006153866260285502, "train_acc": 0.9992753623188406, "val_loss": 0.8333573937416077, "val_acc": 0.7857142857142857}
{"type": "epoch", "epoch": "23/100", "train_loss": 0.006153866260285502, "train_acc": 0.9992753623188406, "val_loss": 0.8333573937416077, "val_acc": 0.7857142857142857}
{"type": "epoch", "epoch": 24, "total_epochs": 100, "train_loss": 0.005692996246659238, "train_acc": 0.9992753623188406, "val_loss": 1.2380292415618896, "val_acc": 0.7142857142857143}
{"type": "epoch", "epoch": "24/100", "train_loss": 0.005692996246659238, "train_acc": 0.9992753623188406, "val_loss": 1.2380292415618896, "val_acc": 0.7142857142857143}
{"type": "epoch", "epoch": 25, "total_epochs": 100, "train_loss": 0.00263432825854777, "train_acc": 1.0, "val_loss": 1.197543978691101, "val_acc": 0.75}
{"type": "epoch", "epoch": "25/100", "train_loss": 0.00263432825854777, "train_acc": 1.0, "val_loss": 1.197543978691101, "val_acc": 0.75}
{"type": "epoch", "epoch": 26, "total_epochs": 100, "train_loss": 0.004465526342391968, "train_acc": 0.9985507246376811, "val_loss": 0.8396149277687073, "val_acc": 0.7857142857142857}
{"type": "epoch", "epoch": "26/100", "train_loss": 0.004465526342391968, "train_acc": 0.9985507246376811, "val_loss": 0.8396149277687073, "val_acc": 0.7857142857142857}
{"type": "epoch", "epoch": 27, "total_epochs": 100, "train_loss": 0.002336932265240213, "train_acc": 0.9992753623188406, "val_loss": 0.932604968547821, "val_acc": 0.75}
{"type": "epoch", "epoch": "27/100", "train_loss": 0.002336932265240213, "train_acc": 0.9992753623188406, "val_loss": 0.932604968547821, "val_acc": 0.75}
{"type": "epoch", "epoch": 28, "total_epochs": 100, "train_loss": 0.001063562994417937, "train_acc": 1.0, "val_loss": 0.9390471577644348, "val_acc": 0.7678571428571429}
{"type": "epoch", "epoch": "28/100", "train_loss": 0.001063562994417937, "train_acc": 1.0, "val_loss": 0.9390471577644348, "val_acc": 0.7678571428571429}
{"type": "epoch", "epoch": 29, "total_epochs": 100, "train_loss": 0.0008754706042278828, "train_acc": 1.0, "val_loss": 0.9583159685134888, "val_acc": 0.7857142857142857}
{"type": "epoch", "epoch": "29/100", "train_loss": 0.0008754706042278828, "train_acc": 1.0, "val_loss": 0.9583159685134888, "val_acc": 0.7857142857142857}
{"type": "epoch", "epoch": 30, "total_epochs": 100, "train_loss": 0.0005704284557883722, "train_acc": 1.0, "val_loss": 0.9218550324440002, "val_acc": 0.7857142857142857}
{"type": "epoch", "epoch": "30/100", "train_loss": 0.0005704284557883722, "train_acc": 1.0, "val_loss": 0.9218550324440002, "val_acc": 0.7857142857142857}
{"type": "epoch", "epoch": 31, "total_epochs": 100, "train_loss": 0.0006319743996162129, "train_acc": 1.0, "val_loss": 0.8693246841430664, "val_acc": 0.7857142857142857}
{"type": "epoch", "epoch": "31/100", "train_loss": 0.0006319743996162129, "train_acc": 1.0, "val_loss": 0.8693246841430664, "val_acc": 0.7857142857142857}
{"type": "epoch", "epoch": 32, "total_epochs": 100, "train_loss": 0.0005123064131138549, "train_acc": 1.0, "val_loss": 0.9593654870986938, "val_acc": 0.7678571428571429}
{"type": "epoch", "epoch": "32/100", "train_loss": 0.0005123064131138549, "train_acc": 1.0, "val_loss": 0.9593654870986938, "val_acc": 0.7678571428571429}
{"type": "epoch", "epoch": 33, "total_epochs": 100, "train_loss": 0.0004894289414168916, "train_acc": 1.0, "val_loss": 0.9582080245018005, "val_acc": 0.7678571428571429}
{"type": "epoch", "epoch": "33/100", "train_loss": 0.0004894289414168916, "train_acc": 1.0, "val_loss": 0.9582080245018005, "val_acc": 0.7678571428571429}
{"type": "epoch", "epoch": 34, "total_epochs": 100, "train_loss": 0.0003517053264658898, "train_acc": 1.0, "val_loss": 0.9114269614219666, "val_acc": 0.7678571428571429}
{"type": "epoch", "epoch": "34/100", "train_loss": 0.0003517053264658898, "train_acc": 1.0, "val_loss": 0.9114269614219666, "val_acc": 0.7678571428571429}
{"type": "epoch", "epoch": 35, "total_epochs": 100, "train_loss": 0.00037219213402789575, "train_acc": 1.0, "val_loss": 0.9313458204269409, "val_acc": 0.7678571428571429}
{"type": "epoch", "epoch": "35/100", "train_loss": 0.00037219213402789575, "train_acc": 1.0, "val_loss": 0.9313458204269409, "val_acc": 0.7678571428571429}
{"type": "epoch", "epoch": 36, "total_epochs": 100, "train_loss": 0.00041082225034715255, "train_acc": 1.0, "val_loss": 0.9071349501609802, "val_acc": 0.7678571428571429}
{"type": "epoch", "epoch": "36/100", "train_loss": 0.00041082225034715255, "train_acc": 1.0, "val_loss": 0.9071349501609802, "val_acc": 0.7678571428571429}
{"type": "epoch", "epoch": 37, "total_epochs": 100, "train_loss": 0.0009344193377478075, "train_acc": 1.0, "val_loss": 0.9531501531600952, "val_acc": 0.7678571428571429}
{"type": "epoch", "epoch": "37/100", "train_loss": 0.0009344193377478075, "train_acc": 1.0, "val_loss": 0.9531501531600952, "val_acc": 0.7678571428571429}
{"type": "epoch", "epoch": 38, "total_epochs": 100, "train_loss": 0.000683444566970718, "train_acc": 1.0, "val_loss": 0.894239068031311, "val_acc": 0.7678571428571429}
{"type": "epoch", "epoch": "38/100", "train_loss": 0.000683444566970718, "train_acc": 1.0, "val_loss": 0.894239068031311, "val_acc": 0.7678571428571429}
{"type": "epoch", "epoch": 39, "total_epochs": 100, "train_loss": 0.0007502046183841573, "train_acc": 1.0, "val_loss": 1.1816068887710571, "val_acc": 0.7857142857142857}
{"type": "epoch", "epoch": "39/100", "train_loss": 0.0007502046183841573, "train_acc": 1.0, "val_loss": 1.1816068887710571, "val_acc": 0.7857142857142857}
{"type": "epoch", "epoch": 40, "total_epochs": 100, "train_loss": 0.0005336888456730631, "train_acc": 1.0, "val_loss": 1.0130622386932373, "val_acc": 0.7321428571428571}
{"type": "epoch", "epoch": "40/100", "train_loss": 0.0005336888456730631, "train_acc": 1.0, "val_loss": 1.0130622386932373, "val_acc": 0.7321428571428571}
{"type": "epoch", "epoch": 41, "total_epochs": 100, "train_loss": 0.00037428391127226256, "train_acc": 1.0, "val_loss": 0.9091078042984009, "val_acc": 0.7857142857142857}
{"type": "epoch", "epoch": "41/100", "train_loss": 0.00037428391127226256, "train_acc": 1.0, "val_loss": 0.9091078042984009, "val_acc": 0.7857142857142857}
{"type": "epoch", "epoch": 42, "total_epochs": 100, "train_loss": 0.0003732097319131582, "train_acc": 1.0, "val_loss": 0.9163853526115417, "val_acc": 0.7678571428571429}
{"type": "epoch", "epoch": "42/100", "train_loss": 0.0003732097319131582, "train_acc": 1.0, "val_loss": 0.9163853526115417, "val_acc": 0.7678571428571429}
{"type": "epoch", "epoch": 43, "total_epochs": 100, "train_loss": 0.00044874566192974915, "train_acc": 1.0, "val_loss": 0.9413296580314636, "val_acc": 0.75}
{"type": "epoch", "epoch": "43/100", "train_loss": 0.00044874566192974915, "train_acc": 1.0, "val_loss": 0.9413296580314636, "val_acc": 0.75}
{"type": "epoch", "epoch": 44, "total_epochs": 100, "train_loss": 0.0016449583612932431, "train_acc": 0.9992753623188406, "val_loss": 0.9322237372398376, "val_acc": 0.7857142857142857}
{"type": "epoch", "epoch": "44/100", "train_loss": 0.0016449583612932431, "train_acc": 0.9992753623188406, "val_loss": 0.9322237372398376, "val_acc": 0.7857142857142857}
{"type": "epoch", "epoch": 45, "total_epochs": 100, "train_loss": 0.0007813159106012461, "train_acc": 1.0, "val_loss": 1.2511683702468872, "val_acc": 0.7678571428571429}
{"type": "epoch", "epoch": "45/100", "train_loss": 0.0007813159106012461, "train_acc": 1.0, "val_loss": 1.2511683702468872, "val_acc": 0.7678571428571429}
{"type": "epoch", "epoch": 46, "total_epochs": 100, "train_loss": 0.0002602852771288135, "train_acc": 1.0, "val_loss": 1.128745198249817, "val_acc": 0.75}
{"type": "epoch", "epoch": "46/100", "train_loss": 0.0002602852771288135, "train_acc": 1.0, "val_loss": 1.128745198249817, "val_acc": 0.75}
{"type": "epoch", "epoch": 47, "total_epochs": 100, "train_loss": 0.00042014718055725095, "train_acc": 1.0, "val_loss": 1.0053263902664185, "val_acc": 0.7321428571428571}
{"type": "epoch", "epoch": "47/100", "train_loss": 0.00042014718055725095, "train_acc": 1.0, "val_loss": 1.0053263902664185, "val_acc": 0.7321428571428571}
{"type": "epoch", "epoch": 48, "total_epochs": 100, "train_loss": 0.00022496399667917117, "train_acc": 1.0, "val_loss": 0.9851326942443848, "val_acc": 0.7321428571428571}
{"type": "epoch", "epoch": "48/100", "train_loss": 0.00022496399667917117, "train_acc": 1.0, "val_loss": 0.9851326942443848, "val_acc": 0.7321428571428571}
{"type": "epoch", "epoch": 49, "total_epochs": 100, "train_loss": 0.00042690513790517615, "train_acc": 1.0, "val_loss": 0.9485424757003784, "val_acc": 0.7678571428571429}
{"type": "epoch", "epoch": "49/100", "train_loss": 0.00042690513790517615, "train_acc": 1.0, "val_loss": 0.9485424757003784, "val_acc": 0.7678571428571429}
{"type": "epoch", "epoch": 50, "total_epochs": 100, "train_loss": 0.0007030982037405551, "train_acc": 1.0, "val_loss": 0.8966371417045593, "val_acc": 0.7678571428571429}
{"type": "epoch", "epoch": "50/100", "train_loss": 0.0007030982037405551, "train_acc": 1.0, "val_loss": 0.8966371417045593, "val_acc": 0.7678571428571429}
{"type": "epoch", "epoch": 51, "total_epochs": 100, "train_loss": 0.00047468776355726993, "train_acc": 1.0, "val_loss": 0.9800301790237427, "val_acc": 0.7678571428571429}
{"type": "epoch", "epoch": "51/100", "train_loss": 0.00047468776355726993, "train_acc": 1.0, "val_loss": 0.9800301790237427, "val_acc": 0.7678571428571429}
{"type": "epoch", "epoch": 52, "total_epochs": 100, "train_loss": 0.00020115358246308143, "train_acc": 1.0, "val_loss": 1.021607518196106, "val_acc": 0.75}
{"type": "epoch", "epoch": "52/100", "train_loss": 0.00020115358246308143, "train_acc": 1.0, "val_loss": 1.021607518196106, "val_acc": 0.75}
{"type": "epoch", "epoch": 53, "total_epochs": 100, "train_loss": 0.000213006441122886, "train_acc": 1.0, "val_loss": 1.0218660831451416, "val_acc": 0.7678571428571429}
{"type": "epoch", "epoch": "53/100", "train_loss": 0.000213006441122886, "train_acc": 1.0, "val_loss": 1.0218660831451416, "val_acc": 0.7678571428571429}
{"type": "epoch", "epoch": 54, "total_epochs": 100, "train_loss": 0.00018182673307635106, "train_acc": 1.0, "val_loss": 1.0081440210342407, "val_acc": 0.7678571428571429}
{"type": "epoch", "epoch": "54/100", "train_loss": 0.00018182673307635106, "train_acc": 1.0, "val_loss": 1.0081440210342407, "val_acc": 0.7678571428571429}
{"type": "epoch", "epoch": 55, "total_epochs": 100, "train_loss": 0.000202950618594237, "train_acc": 1.0, "val_loss": 0.9860885739326477, "val_acc": 0.7678571428571429}
{"type": "epoch", "epoch": "55/100", "train_loss": 0.000202950618594237, "train_acc": 1.0, "val_loss": 0.9860885739326477, "val_acc": 0.7678571428571429}
{"type": "epoch", "epoch": 56, "total_epochs": 100, "train_loss": 0.00024139872499896834, "train_acc": 1.0, "val_loss": 0.950448215007782, "val_acc": 0.8035714285714286}
{"type": "epoch", "epoch": "56/100", "train_loss": 0.00024139872499896834, "train_acc": 1.0, "val_loss": 0.950448215007782, "val_acc": 0.8035714285714286}
{"type": "epoch", "epoch": 57, "total_epochs": 100, "train_loss": 0.00017673589172773063, "train_acc": 1.0, "val_loss": 0.9328111410140991, "val_acc": 0.7857142857142857}
{"type": "epoch", "epoch": "57/100", "train_loss": 0.00017673589172773063, "train_acc": 1.0, "val_loss": 0.9328111410140991, "val_acc": 0.7857142857142857}
{"type": "epoch", "epoch": 58, "total_epochs": 100, "train_loss": 0.00019515433147941055, "train_acc": 1.0, "val_loss": 0.9456917643547058, "val_acc": 0.7678571428571429}
{"type": "epoch", "epoch": "58/100", "train_loss": 0.00019515433147941055, "train_acc": 1.0, "val_loss": 0.9456917643547058, "val_acc": 0.7678571428571429}
{"type": "epoch", "epoch": 59, "total_epochs": 100, "train_loss": 0.0001687095649422322, "train_acc": 1.0, "val_loss": 0.9841309189796448, "val_acc": 0.7857142857142857}
{"type": "epoch", "epoch": "59/100", "train_loss": 0.0001687095649422322, "train_acc": 1.0, "val_loss": 0.9841309189796448, "val_acc": 0.7857142857142857}
{"type": "epoch", "epoch": 60, "total_epochs": 100, "train_loss": 0.0001544567984967506, "train_acc": 1.0, "val_loss": 0.9710933566093445, "val_acc": 0.7857142857142857}
{"type": "epoch", "epoch": "60/100", "train_loss": 0.0001544567984967506, "train_acc": 1.0, "val_loss": 0.9710933566093445, "val_acc": 0.7857142857142857}
{"type": "epoch", "epoch": 61, "total_epochs": 100, "train_loss": 0.00013321422144223975, "train_acc": 1.0, "val_loss": 0.9419435858726501, "val_acc": 0.8214285714285714}
{"type": "epoch", "epoch": "61/100", "train_loss": 0.00013321422144223975, "train_acc": 1.0, "val_loss": 0.9419435858726501, "val_acc": 0.8214285714285714}
{"type": "epoch", "epoch": 62, "total_epochs": 100, "train_loss": 0.00015983486525289229, "train_acc": 1.0, "val_loss": 0.9574983716011047, "val_acc": 0.7678571428571429}
{"type": "epoch", "epoch": "62/100", "train_loss": 0.00015983486525289229, "train_acc": 1.0, "val_loss": 0.9574983716011047, "val_acc": 0.7678571428571429}
{"type": "epoch", "epoch": 63, "total_epochs": 100, "train_loss": 0.00012641635502391642, "train_acc": 1.0, "val_loss": 0.987318217754364, "val_acc": 0.7857142857142857}
{"type": "epoch", "epoch": "63/100", "train_loss": 0.00012641635502391642, "train_acc": 1.0, "val_loss": 0.987318217754364, "val_acc": 0.7857142857142857}
{"type": "epoch", "epoch": 64, "total_epochs": 100, "train_loss": 0.0001354238256285696, "train_acc": 1.0, "val_loss": 0.9491948485374451, "val_acc": 0.8035714285714286}
{"type": "epoch", "epoch": "64/100", "train_loss": 0.0001354238256285696, "train_acc": 1.0, "val_loss": 0.9491948485374451, "val_acc": 0.8035714285714286}
{"type": "epoch", "epoch": 65, "total_epochs": 100, "train_loss": 0.00013451740365860092, "train_acc": 1.0, "val_loss": 0.9669710397720337, "val_acc": 0.7678571428571429}
{"type": "epoch", "epoch": "65/100", "train_loss": 0.00013451740365860092, "train_acc": 1.0, "val_loss": 0.9669710397720337, "val_acc": 0.7678571428571429}
{"type": "epoch", "epoch": 66, "total_epochs": 100, "train_loss": 0.00012132827782213849, "train_acc": 1.0, "val_loss": 0.9855723977088928, "val_acc": 0.7678571428571429}
{"type": "epoch", "epoch": "66/100", "train_loss": 0.00012132827782213849, "train_acc": 1.0, "val_loss": 0.9855723977088928, "val_acc": 0.7678571428571429}
{"type": "epoch", "epoch": 67, "total_epochs": 100, "train_loss": 0.0001222628612489696, "train_acc": 1.0, "val_loss": 0.9652197957038879, "val_acc": 0.7678571428571429}
{"type": "epoch", "epoch": "67/100", "train_loss": 0.0001222628612489696, "train_acc": 1.0, "val_loss": 0.9652197957038879, "val_acc": 0.7678571428571429}
{"type": "epoch", "epoch": 68, "total_epochs": 100, "train_loss": 0.00021838373030060092, "train_acc": 1.0, "val_loss": 1.0072509050369263, "val_acc": 0.7678571428571429}
{"type": "epoch", "epoch": "68/100", "train_loss": 0.00021838373030060092, "train_acc": 1.0, "val_loss": 1.0072509050369263, "val_acc": 0.7678571428571429}
{"type": "epoch", "epoch": 69, "total_epochs": 100, "train_loss": 0.00017239097235859305, "train_acc": 1.0, "val_loss": 0.9705221056938171, "val_acc": 0.7678571428571429}
{"type": "epoch", "epoch": "69/100", "train_loss": 0.00017239097235859305, "train_acc": 1.0, "val_loss": 0.9705221056938171, "val_acc": 0.7678571428571429}
{"type": "epoch", "epoch": 70, "total_epochs": 100, "train_loss": 0.00013659363207609758, "train_acc": 1.0, "val_loss": 0.964487612247467, "val_acc": 0.8035714285714286}
{"type": "epoch", "epoch": "70/100", "train_loss": 0.00013659363207609758, "train_acc": 1.0, "val_loss": 0.964487612247467, "val_acc": 0.8035714285714286}
{"type": "epoch", "epoch": 71, "total_epochs": 100, "train_loss": 0.00014482961182627637, "train_acc": 1.0, "val_loss": 0.9736097455024719, "val_acc": 0.8035714285714286}
{"type": "epoch", "epoch": "71/100", "train_loss": 0.00014482961182627637, "train_acc": 1.0, "val_loss": 0.9736097455024719, "val_acc": 0.8035714285714286}
{"type": "epoch", "epoch": 72, "total_epochs": 100, "train_loss": 0.00014334597447262807, "train_acc": 1.0, "val_loss": 0.9636333584785461, "val_acc": 0.7857142857142857}
{"type": "epoch", "epoch": "72/100", "train_loss": 0.00014334597447262807, "train_acc": 1.0, "val_loss": 0.9636333584785461, "val_acc": 0.7857142857142857}
{"type": "epoch", "epoch": 73, "total_epochs": 100, "train_loss": 0.00013209244496175561, "train_acc": 1.0, "val_loss": 0.9627583622932434, "val_acc": 0.8035714285714286}
{"type": "epoch", "epoch": "73/100", "train_loss": 0.00013209244496175561, "train_acc": 1.0, "val_loss": 0.9627583622932434, "val_acc": 0.8035714285714286}
{"type": "epoch", "epoch": 74, "total_epochs": 100, "train_loss": 0.00013176591508427932, "train_acc": 1.0, "val_loss": 0.9733009934425354, "val_acc": 0.8035714285714286}
{"type": "epoch", "epoch": "74/100", "train_loss": 0.00013176591508427932, "train_acc": 1.0, "val_loss": 0.9733009934425354, "val_acc": 0.8035714285714286}
{"type": "epoch", "epoch": 75, "total_epochs": 100, "train_loss": 0.00012954922685689846, "train_acc": 1.0, "val_loss": 0.9419695734977722, "val_acc": 0.7678571428571429}
{"type": "epoch", "epoch": "75/100", "train_loss": 0.00012954922685689846, "train_acc": 1.0, "val_loss": 0.9419695734977722, "val_acc": 0.7678571428571429}
{"type": "epoch", "epoch": 76, "total_epochs": 100, "train_loss": 9.849036936614447e-05, "train_acc": 1.0, "val_loss": 0.962705135345459, "val_acc": 0.7857142857142857}
{"type": "epoch", "epoch": "76/100", "train_loss": 9.849036936614447e-05, "train_acc": 1.0, "val_loss": 0.962705135345459, "val_acc": 0.7857142857142857}
{"type": "epoch", "epoch": 77, "total_epochs": 100, "train_loss": 0.00012123101003690744, "train_acc": 1.0, "val_loss": 0.9520979523658752, "val_acc": 0.7857142857142857}
{"type": "epoch", "epoch": "77/100", "train_loss": 0.00012123101003690744, "train_acc": 1.0, "val_loss": 0.9520979523658752, "val_acc": 0.7857142857142857}
{"type": "epoch", "epoch": 78, "total_epochs": 100, "train_loss": 0.00010195538617562557, "train_acc": 1.0, "val_loss": 0.9471620321273804, "val_acc": 0.7857142857142857}
{"type": "epoch", "epoch": "78/100", "train_loss": 0.00010195538617562557, "train_acc": 1.0, "val_loss": 0.9471620321273804, "val_acc": 0.7857142857142857}
{"type": "epoch", "epoch": 79, "total_epochs": 100, "train_loss": 0.00013585591695500888, "train_acc": 1.0, "val_loss": 0.9687440991401672, "val_acc": 0.8035714285714286}
{"type": "epoch", "epoch": "79/100", "train_loss": 0.00013585591695500888, "train_acc": 1.0, "val_loss": 0.9687440991401672, "val_acc": 0.8035714285714286}
{"type": "epoch", "epoch": 80, "total_epochs": 100, "train_loss": 0.00016483768169722602, "train_acc": 1.0, "val_loss": 0.9425527453422546, "val_acc": 0.7678571428571429}
{"type": "epoch", "epoch": "80/100", "train_loss": 0.00016483768169722602, "train_acc": 1.0, "val_loss": 0.9425527453422546, "val_acc": 0.7678571428571429}
{"type": "epoch", "epoch": 81, "total_epochs": 100, "train_loss": 0.00012725781705449807, "train_acc": 1.0, "val_loss": 0.9545925259590149, "val_acc": 0.8035714285714286}
{"type": "epoch", "epoch": "81/100", "train_loss": 0.00012725781705449807, "train_acc": 1.0, "val_loss": 0.9545925259590149, "val_acc": 0.8035714285714286}
{"type": "epoch", "epoch": 82, "total_epochs": 100, "train_loss": 0.00010093683798702947, "train_acc": 1.0, "val_loss": 0.953506350517273, "val_acc": 0.7857142857142857}
{"type": "epoch", "epoch": "82/100", "train_loss": 0.00010093683798702947, "train_acc": 1.0, "val_loss": 0.953506350517273, "val_acc": 0.7857142857142857}
{"type": "epoch", "epoch": 83, "total_epochs": 100, "train_loss": 0.0001311606251756134, "train_acc": 1.0, "val_loss": 0.9411708116531372, "val_acc": 0.7857142857142857}
{"type": "epoch", "epoch": "83/100", "train_loss": 0.0001311606251756134, "train_acc": 1.0, "val_loss": 0.9411708116531372, "val_acc": 0.7857142857142857}
{"type": "epoch", "epoch": 84, "total_epochs": 100, "train_loss": 0.00013337169834615095, "train_acc": 1.0, "val_loss": 0.9627123475074768, "val_acc": 0.7857142857142857}
{"type": "epoch", "epoch": "84/100", "train_loss": 0.00013337169834615095, "train_acc": 1.0, "val_loss": 0.9627123475074768, "val_acc": 0.7857142857142857}
{"type": "epoch", "epoch": 85, "total_epochs": 100, "train_loss": 0.00013971881573155955, "train_acc": 1.0, "val_loss": 0.9659580588340759, "val_acc": 0.7678571428571429}
{"type": "epoch", "epoch": "85/100", "train_loss": 0.00013971881573155955, "train_acc": 1.0, "val_loss": 0.9659580588340759, "val_acc": 0.7678571428571429}
{"type": "epoch", "epoch": 86, "total_epochs": 100, "train_loss": 0.0001172639323276994, "train_acc": 1.0, "val_loss": 0.9657521843910217, "val_acc": 0.7857142857142857}
{"type": "epoch", "epoch": "86/100", "train_loss": 0.0001172639323276994, "train_acc": 1.0, "val_loss": 0.9657521843910217, "val_acc": 0.7857142857142857}
{"type": "epoch", "epoch": 87, "total_epochs": 100, "train_loss": 0.00012379850160104452, "train_acc": 1.0, "val_loss": 0.9761734008789062, "val_acc": 0.7857142857142857}
{"type": "epoch", "epoch": "87/100", "train_loss": 0.00012379850160104452, "train_acc": 1.0, "val_loss": 0.9761734008789062, "val_acc": 0.7857142857142857}
{"type": "epoch", "epoch": 88, "total_epochs": 100, "train_loss": 0.00011166809265926966, "train_acc": 1.0, "val_loss": 0.9688466191291809, "val_acc": 0.7857142857142857}
{"type": "epoch", "epoch": "88/100", "train_loss": 0.00011166809265926966, "train_acc": 1.0, "val_loss": 0.9688466191291809, "val_acc": 0.7857142857142857}
{"type": "epoch", "epoch": 89, "total_epochs": 100, "train_loss": 0.0001228875871595886, "train_acc": 1.0, "val_loss": 0.9607179760932922, "val_acc": 0.7857142857142857}
{"type": "epoch", "epoch": "89/100", "train_loss": 0.0001228875871595886, "train_acc": 1.0, "val_loss": 0.9607179760932922, "val_acc": 0.7857142857142857}
{"type": "epoch", "epoch": 90, "total_epochs": 100, "train_loss": 0.00010339885509734893, "train_acc": 1.0, "val_loss": 0.9527339339256287, "val_acc": 0.7678571428571429}
{"type": "epoch", "epoch": "90/100", "train_loss": 0.00010339885509734893, "train_acc": 1.0, "val_loss": 0.9527339339256287, "val_acc": 0.7678571428571429}
{"type": "epoch", "epoch": 91, "total_epochs": 100, "train_loss": 0.00013384076138617525, "train_acc": 1.0, "val_loss": 0.980021595954895, "val_acc": 0.8035714285714286}
{"type": "epoch", "epoch": "91/100", "train_loss": 0.00013384076138617525, "train_acc": 1.0, "val_loss": 0.980021595954895, "val_acc": 0.8035714285714286}
{"type": "epoch", "epoch": 92, "total_epochs": 100, "train_loss": 0.0001293855300215343, "train_acc": 1.0, "val_loss": 0.9711830019950867, "val_acc": 0.7678571428571429}
{"type": "epoch", "epoch": "92/100", "train_loss": 0.0001293855300215343, "train_acc": 1.0, "val_loss": 0.9711830019950867, "val_acc": 0.7678571428571429}
{"type": "epoch", "epoch": 93, "total_epochs": 100, "train_loss": 9.588961999026546e-05, "train_acc": 1.0, "val_loss": 0.966621458530426, "val_acc": 0.8035714285714286}
{"type": "epoch", "epoch": "93/100", "train_loss": 9.588961999026546e-05, "train_acc": 1.0, "val_loss": 0.966621458530426, "val_acc": 0.8035714285714286}
{"type": "epoch", "epoch": 94, "total_epochs": 100, "train_loss": 9.615162144536558e-05, "train_acc": 1.0, "val_loss": 0.9764636158943176, "val_acc": 0.8035714285714286}
{"type": "epoch", "epoch": "94/100", "train_loss": 9.615162144536558e-05, "train_acc": 1.0, "val_loss": 0.9764636158943176, "val_acc": 0.8035714285714286}
{"type": "epoch", "epoch": 95, "total_epochs": 100, "train_loss": 0.00011159475305222271, "train_acc": 1.0, "val_loss": 0.9812957048416138, "val_acc": 0.8035714285714286}
{"type": "epoch", "epoch": "95/100", "train_loss": 0.00011159475305222271, "train_acc": 1.0, "val_loss": 0.9812957048416138, "val_acc": 0.8035714285714286}
{"type": "epoch", "epoch": 96, "total_epochs": 100, "train_loss": 0.00012024502827536207, "train_acc": 1.0, "val_loss": 0.9744515419006348, "val_acc": 0.8035714285714286}
{"type": "epoch", "epoch": "96/100", "train_loss": 0.00012024502827536207, "train_acc": 1.0, "val_loss": 0.9744515419006348, "val_acc": 0.8035714285714286}
{"type": "epoch", "epoch": 97, "total_epochs": 100, "train_loss": 0.00014666517573472894, "train_acc": 1.0, "val_loss": 0.9709998965263367, "val_acc": 0.8035714285714286}
{"type": "epoch", "epoch": "97/100", "train_loss": 0.00014666517573472894, "train_acc": 1.0, "val_loss": 0.9709998965263367, "val_acc": 0.8035714285714286}
{"type": "epoch", "epoch": 98, "total_epochs": 100, "train_loss": 0.00024290214144233343, "train_acc": 1.0, "val_loss": 0.9727306962013245, "val_acc": 0.8035714285714286}
{"type": "epoch", "epoch": "98/100", "train_loss": 0.00024290214144233343, "train_acc": 1.0, "val_loss": 0.9727306962013245, "val_acc": 0.8035714285714286}
{"type": "epoch", "epoch": 99, "total_epochs": 100, "train_loss": 0.00012839341515496347, "train_acc": 1.0, "val_loss": 0.9884880185127258, "val_acc": 0.8035714285714286}
{"type": "epoch", "epoch": "99/100", "train_loss": 0.00012839341515496347, "train_acc": 1.0, "val_loss": 0.9884880185127258, "val_acc": 0.8035714285714286}
EEGNet Val Preds: [3, 2, 1, 1, 0, 3, 2, 1, 2, 3, 3, 2, 1, 2, 3, 0, 3, 0, 3, 2, 1, 3, 3, 2, 0, 0, 2, 3, 2, 0, 0, 1, 1, 3, 2, 1, 2, 0, 2, 3, 2, 2, 1, 2, 0, 3, 1, 0, 2, 3, 3, 0, 0, 0, 1, 0]
EEGNet Val Truth: [3, 2, 0, 1, 0, 3, 2, 0, 2, 3, 3, 1, 1, 2, 3, 3, 3, 0, 1, 1, 1, 3, 0, 2, 0, 3, 2, 1, 2, 1, 0, 1, 1, 3, 2, 1, 2, 0, 2, 3, 2, 2, 1, 2, 0, 3, 1, 0, 2, 0, 3, 3, 0, 0, 1, 0]
{"type": "epoch", "epoch": 100, "total_epochs": 100, "train_loss": 0.00021929948260008856, "train_acc": 1.0, "val_loss": 0.9791945815086365, "val_acc": 0.7857142857142857}
{"type": "epoch", "epoch": "100/100", "train_loss": 0.00021929948260008856, "train_acc": 1.0, "val_loss": 0.9791945815086365, "val_acc": 0.7857142857142857}
{"type": "complete", "message": "Training completed successfully for EEGNet on master_bci2a!", "final_val_acc": 0.8166666666666667, "latency_ms": 10.461568832397461}

======================================
Training Model: Shallow ConvNet on Dataset: BCI2a
======================================
{"type": "info", "message": "Dataset already has exactly 22 channels. Keeping original spatial order."}
{"type": "info", "message": "No metadata found. Using temporal slice..."}
{"type": "info", "message": "Augmenting training data... Original shape: (460, 22, 1001)"}
{"type": "info", "message": "Augmented shape: (1380, 22, 1001)"}
{"type": "progress", "message": "Training Shallow ConvNet..."}
{"type": "reset_chart"}
{"type": "epoch", "epoch": 1, "total_epochs": 100, "train_loss": 0.9996265981508338, "train_acc": 0.613768115942029, "val_loss": 0.9041626453399658, "val_acc": 0.6785714285714286}
{"type": "epoch", "epoch": "1/100", "train_loss": 0.9996265981508338, "train_acc": 0.613768115942029, "val_loss": 0.9041626453399658, "val_acc": 0.6785714285714286}
{"type": "epoch", "epoch": 2, "total_epochs": 100, "train_loss": 0.7981816939685655, "train_acc": 0.7427536231884058, "val_loss": 0.930935800075531, "val_acc": 0.6785714285714286}
{"type": "epoch", "epoch": "2/100", "train_loss": 0.7981816939685655, "train_acc": 0.7427536231884058, "val_loss": 0.930935800075531, "val_acc": 0.6785714285714286}
{"type": "epoch", "epoch": 3, "total_epochs": 100, "train_loss": 0.7432331492935402, "train_acc": 0.7833333333333333, "val_loss": 0.8304388523101807, "val_acc": 0.7678571428571429}
{"type": "epoch", "epoch": "3/100", "train_loss": 0.7432331492935402, "train_acc": 0.7833333333333333, "val_loss": 0.8304388523101807, "val_acc": 0.7678571428571429}
{"type": "epoch", "epoch": 4, "total_epochs": 100, "train_loss": 0.685323300914488, "train_acc": 0.841304347826087, "val_loss": 0.8166989088058472, "val_acc": 0.7857142857142857}
{"type": "epoch", "epoch": "4/100", "train_loss": 0.685323300914488, "train_acc": 0.841304347826087, "val_loss": 0.8166989088058472, "val_acc": 0.7857142857142857}
{"type": "epoch", "epoch": 5, "total_epochs": 100, "train_loss": 0.6247456771740015, "train_acc": 0.8717391304347826, "val_loss": 0.743757426738739, "val_acc": 0.7678571428571429}
{"type": "epoch", "epoch": "5/100", "train_loss": 0.6247456771740015, "train_acc": 0.8717391304347826, "val_loss": 0.743757426738739, "val_acc": 0.7678571428571429}
{"type": "epoch", "epoch": 6, "total_epochs": 100, "train_loss": 0.5617654555085777, "train_acc": 0.9173913043478261, "val_loss": 1.0391995906829834, "val_acc": 0.6428571428571429}
{"type": "epoch", "epoch": "6/100", "train_loss": 0.5617654555085777, "train_acc": 0.9173913043478261, "val_loss": 1.0391995906829834, "val_acc": 0.6428571428571429}
{"type": "epoch", "epoch": 7, "total_epochs": 100, "train_loss": 0.528748273331186, "train_acc": 0.9304347826086956, "val_loss": 0.8094099760055542, "val_acc": 0.7857142857142857}
{"type": "epoch", "epoch": "7/100", "train_loss": 0.528748273331186, "train_acc": 0.9304347826086956, "val_loss": 0.8094099760055542, "val_acc": 0.7857142857142857}
{"type": "epoch", "epoch": 8, "total_epochs": 100, "train_loss": 0.5000656096831612, "train_acc": 0.9449275362318841, "val_loss": 0.7891561985015869, "val_acc": 0.75}
{"type": "epoch", "epoch": "8/100", "train_loss": 0.5000656096831612, "train_acc": 0.9449275362318841, "val_loss": 0.7891561985015869, "val_acc": 0.75}
{"type": "epoch", "epoch": 9, "total_epochs": 100, "train_loss": 0.4885046260944311, "train_acc": 0.9478260869565217, "val_loss": 0.8779406547546387, "val_acc": 0.7321428571428571}
{"type": "epoch", "epoch": "9/100", "train_loss": 0.4885046260944311, "train_acc": 0.9478260869565217, "val_loss": 0.8779406547546387, "val_acc": 0.7321428571428571}
{"type": "epoch", "epoch": 10, "total_epochs": 100, "train_loss": 0.4536168323046919, "train_acc": 0.9789855072463768, "val_loss": 0.8139981627464294, "val_acc": 0.8214285714285714}
{"type": "epoch", "epoch": "10/100", "train_loss": 0.4536168323046919, "train_acc": 0.9789855072463768, "val_loss": 0.8139981627464294, "val_acc": 0.8214285714285714}
{"type": "epoch", "epoch": 11, "total_epochs": 100, "train_loss": 0.4396335286506708, "train_acc": 0.981159420289855, "val_loss": 0.712378978729248, "val_acc": 0.8214285714285714}
{"type": "epoch", "epoch": "11/100", "train_loss": 0.4396335286506708, "train_acc": 0.981159420289855, "val_loss": 0.712378978729248, "val_acc": 0.8214285714285714}
{"type": "epoch", "epoch": 12, "total_epochs": 100, "train_loss": 0.41905673828677853, "train_acc": 0.9876811594202899, "val_loss": 0.7965708374977112, "val_acc": 0.7857142857142857}
{"type": "epoch", "epoch": "12/100", "train_loss": 0.41905673828677853, "train_acc": 0.9876811594202899, "val_loss": 0.7965708374977112, "val_acc": 0.7857142857142857}
{"type": "epoch", "epoch": 13, "total_epochs": 100, "train_loss": 0.41775538731312406, "train_acc": 0.9905797101449275, "val_loss": 0.9985718727111816, "val_acc": 0.6964285714285714}
{"type": "epoch", "epoch": "13/100", "train_loss": 0.41775538731312406, "train_acc": 0.9905797101449275, "val_loss": 0.9985718727111816, "val_acc": 0.6964285714285714}
{"type": "epoch", "epoch": 14, "total_epochs": 100, "train_loss": 0.4083938317022462, "train_acc": 0.991304347826087, "val_loss": 0.8825941681861877, "val_acc": 0.75}
{"type": "epoch", "epoch": "14/100", "train_loss": 0.4083938317022462, "train_acc": 0.991304347826087, "val_loss": 0.8825941681861877, "val_acc": 0.75}
{"type": "epoch", "epoch": 15, "total_epochs": 100, "train_loss": 0.40448579546334085, "train_acc": 0.991304347826087, "val_loss": 0.8397363424301147, "val_acc": 0.75}
{"type": "epoch", "epoch": "15/100", "train_loss": 0.40448579546334085, "train_acc": 0.991304347826087, "val_loss": 0.8397363424301147, "val_acc": 0.75}
{"type": "epoch", "epoch": 16, "total_epochs": 100, "train_loss": 0.38571472081585206, "train_acc": 0.9978260869565218, "val_loss": 0.7263734340667725, "val_acc": 0.8214285714285714}
{"type": "epoch", "epoch": "16/100", "train_loss": 0.38571472081585206, "train_acc": 0.9978260869565218, "val_loss": 0.7263734340667725, "val_acc": 0.8214285714285714}
{"type": "epoch", "epoch": 17, "total_epochs": 100, "train_loss": 0.3746963533802309, "train_acc": 1.0, "val_loss": 0.7596350908279419, "val_acc": 0.8035714285714286}
{"type": "epoch", "epoch": "17/100", "train_loss": 0.3746963533802309, "train_acc": 1.0, "val_loss": 0.7596350908279419, "val_acc": 0.8035714285714286}
{"type": "epoch", "epoch": 18, "total_epochs": 100, "train_loss": 0.3720892091592153, "train_acc": 1.0, "val_loss": 0.7187440395355225, "val_acc": 0.8392857142857143}
{"type": "epoch", "epoch": "18/100", "train_loss": 0.3720892091592153, "train_acc": 1.0, "val_loss": 0.7187440395355225, "val_acc": 0.8392857142857143}
{"type": "epoch", "epoch": 19, "total_epochs": 100, "train_loss": 0.36918140692987306, "train_acc": 0.9992753623188406, "val_loss": 0.7275681495666504, "val_acc": 0.8035714285714286}
{"type": "epoch", "epoch": "19/100", "train_loss": 0.36918140692987306, "train_acc": 0.9992753623188406, "val_loss": 0.7275681495666504, "val_acc": 0.8035714285714286}
{"type": "epoch", "epoch": 20, "total_epochs": 100, "train_loss": 0.367060284078985, "train_acc": 1.0, "val_loss": 0.8541526794433594, "val_acc": 0.7857142857142857}
{"type": "epoch", "epoch": "20/100", "train_loss": 0.367060284078985, "train_acc": 1.0, "val_loss": 0.8541526794433594, "val_acc": 0.7857142857142857}
{"type": "epoch", "epoch": 21, "total_epochs": 100, "train_loss": 0.3693146074163741, "train_acc": 1.0, "val_loss": 0.7500078678131104, "val_acc": 0.7678571428571429}
{"type": "epoch", "epoch": "21/100", "train_loss": 0.3693146074163741, "train_acc": 1.0, "val_loss": 0.7500078678131104, "val_acc": 0.7678571428571429}
{"type": "epoch", "epoch": 22, "total_epochs": 100, "train_loss": 0.3655114818310392, "train_acc": 1.0, "val_loss": 0.7283813953399658, "val_acc": 0.7857142857142857}
{"type": "epoch", "epoch": "22/100", "train_loss": 0.3655114818310392, "train_acc": 1.0, "val_loss": 0.7283813953399658, "val_acc": 0.7857142857142857}
{"type": "epoch", "epoch": 23, "total_epochs": 100, "train_loss": 0.3620421586693197, "train_acc": 1.0, "val_loss": 0.8085318803787231, "val_acc": 0.7678571428571429}
{"type": "epoch", "epoch": "23/100", "train_loss": 0.3620421586693197, "train_acc": 1.0, "val_loss": 0.8085318803787231, "val_acc": 0.7678571428571429}
{"type": "epoch", "epoch": 24, "total_epochs": 100, "train_loss": 0.3580207566420237, "train_acc": 1.0, "val_loss": 0.7215293049812317, "val_acc": 0.7857142857142857}
{"type": "epoch", "epoch": "24/100", "train_loss": 0.3580207566420237, "train_acc": 1.0, "val_loss": 0.7215293049812317, "val_acc": 0.7857142857142857}
{"type": "epoch", "epoch": 25, "total_epochs": 100, "train_loss": 0.3573758565861246, "train_acc": 1.0, "val_loss": 0.698620080947876, "val_acc": 0.8035714285714286}
{"type": "epoch", "epoch": "25/100", "train_loss": 0.3573758565861246, "train_acc": 1.0, "val_loss": 0.698620080947876, "val_acc": 0.8035714285714286}
{"type": "epoch", "epoch": 26, "total_epochs": 100, "train_loss": 0.3565479783044345, "train_acc": 1.0, "val_loss": 0.7144023180007935, "val_acc": 0.8035714285714286}
{"type": "epoch", "epoch": "26/100", "train_loss": 0.3565479783044345, "train_acc": 1.0, "val_loss": 0.7144023180007935, "val_acc": 0.8035714285714286}
{"type": "epoch", "epoch": 27, "total_epochs": 100, "train_loss": 0.35548520865647687, "train_acc": 1.0, "val_loss": 0.6959412097930908, "val_acc": 0.8214285714285714}
{"type": "epoch", "epoch": "27/100", "train_loss": 0.35548520865647687, "train_acc": 1.0, "val_loss": 0.6959412097930908, "val_acc": 0.8214285714285714}
{"type": "epoch", "epoch": 28, "total_epochs": 100, "train_loss": 0.35460094127102176, "train_acc": 1.0, "val_loss": 0.6734543442726135, "val_acc": 0.875}
{"type": "epoch", "epoch": "28/100", "train_loss": 0.35460094127102176, "train_acc": 1.0, "val_loss": 0.6734543442726135, "val_acc": 0.875}
{"type": "epoch", "epoch": 29, "total_epochs": 100, "train_loss": 0.3545762818792592, "train_acc": 1.0, "val_loss": 0.7115706205368042, "val_acc": 0.8392857142857143}
{"type": "epoch", "epoch": "29/100", "train_loss": 0.3545762818792592, "train_acc": 1.0, "val_loss": 0.7115706205368042, "val_acc": 0.8392857142857143}
{"type": "epoch", "epoch": 30, "total_epochs": 100, "train_loss": 0.3534275510172913, "train_acc": 1.0, "val_loss": 0.7005927562713623, "val_acc": 0.8214285714285714}
{"type": "epoch", "epoch": "30/100", "train_loss": 0.3534275510172913, "train_acc": 1.0, "val_loss": 0.7005927562713623, "val_acc": 0.8214285714285714}
{"type": "epoch", "epoch": 31, "total_epochs": 100, "train_loss": 0.3535495783107868, "train_acc": 1.0, "val_loss": 0.7187347412109375, "val_acc": 0.8214285714285714}
{"type": "epoch", "epoch": "31/100", "train_loss": 0.3535495783107868, "train_acc": 1.0, "val_loss": 0.7187347412109375, "val_acc": 0.8214285714285714}
{"type": "epoch", "epoch": 32, "total_epochs": 100, "train_loss": 0.3536358019580012, "train_acc": 1.0, "val_loss": 0.7293925881385803, "val_acc": 0.7678571428571429}
{"type": "epoch", "epoch": "32/100", "train_loss": 0.3536358019580012, "train_acc": 1.0, "val_loss": 0.7293925881385803, "val_acc": 0.7678571428571429}
{"type": "epoch", "epoch": 33, "total_epochs": 100, "train_loss": 0.35227602443833284, "train_acc": 1.0, "val_loss": 0.7465909719467163, "val_acc": 0.7678571428571429}
{"type": "epoch", "epoch": "33/100", "train_loss": 0.35227602443833284, "train_acc": 1.0, "val_loss": 0.7465909719467163, "val_acc": 0.7678571428571429}
{"type": "epoch", "epoch": 34, "total_epochs": 100, "train_loss": 0.3522879102955694, "train_acc": 1.0, "val_loss": 0.7183690071105957, "val_acc": 0.8035714285714286}
{"type": "epoch", "epoch": "34/100", "train_loss": 0.3522879102955694, "train_acc": 1.0, "val_loss": 0.7183690071105957, "val_acc": 0.8035714285714286}
{"type": "epoch", "epoch": 35, "total_epochs": 100, "train_loss": 0.3525259971618652, "train_acc": 1.0, "val_loss": 0.6807491183280945, "val_acc": 0.8214285714285714}
{"type": "epoch", "epoch": "35/100", "train_loss": 0.3525259971618652, "train_acc": 1.0, "val_loss": 0.6807491183280945, "val_acc": 0.8214285714285714}
{"type": "epoch", "epoch": 36, "total_epochs": 100, "train_loss": 0.3516456203184266, "train_acc": 1.0, "val_loss": 0.707385241985321, "val_acc": 0.8035714285714286}
{"type": "epoch", "epoch": "36/100", "train_loss": 0.3516456203184266, "train_acc": 1.0, "val_loss": 0.707385241985321, "val_acc": 0.8035714285714286}
{"type": "epoch", "epoch": 37, "total_epochs": 100, "train_loss": 0.3517829608226168, "train_acc": 1.0, "val_loss": 0.695346474647522, "val_acc": 0.8035714285714286}
{"type": "epoch", "epoch": "37/100", "train_loss": 0.3517829608226168, "train_acc": 1.0, "val_loss": 0.695346474647522, "val_acc": 0.8035714285714286}
{"type": "epoch", "epoch": 38, "total_epochs": 100, "train_loss": 0.3515245166377745, "train_acc": 1.0, "val_loss": 0.7407838702201843, "val_acc": 0.7857142857142857}
{"type": "epoch", "epoch": "38/100", "train_loss": 0.3515245166377745, "train_acc": 1.0, "val_loss": 0.7407838702201843, "val_acc": 0.7857142857142857}
{"type": "epoch", "epoch": 39, "total_epochs": 100, "train_loss": 0.35116269208382866, "train_acc": 1.0, "val_loss": 0.7287989854812622, "val_acc": 0.7678571428571429}
{"type": "epoch", "epoch": "39/100", "train_loss": 0.35116269208382866, "train_acc": 1.0, "val_loss": 0.7287989854812622, "val_acc": 0.7678571428571429}
{"type": "epoch", "epoch": 40, "total_epochs": 100, "train_loss": 0.3510239488836648, "train_acc": 1.0, "val_loss": 0.7392877340316772, "val_acc": 0.8035714285714286}
{"type": "epoch", "epoch": "40/100", "train_loss": 0.3510239488836648, "train_acc": 1.0, "val_loss": 0.7392877340316772, "val_acc": 0.8035714285714286}
{"type": "epoch", "epoch": 41, "total_epochs": 100, "train_loss": 0.3510029312493145, "train_acc": 1.0, "val_loss": 0.7129868865013123, "val_acc": 0.8214285714285714}
{"type": "epoch", "epoch": "41/100", "train_loss": 0.3510029312493145, "train_acc": 1.0, "val_loss": 0.7129868865013123, "val_acc": 0.8214285714285714}
{"type": "epoch", "epoch": 42, "total_epochs": 100, "train_loss": 0.3514737844467163, "train_acc": 1.0, "val_loss": 0.7027535438537598, "val_acc": 0.7857142857142857}
{"type": "epoch", "epoch": "42/100", "train_loss": 0.3514737844467163, "train_acc": 1.0, "val_loss": 0.7027535438537598, "val_acc": 0.7857142857142857}
{"type": "epoch", "epoch": 43, "total_epochs": 100, "train_loss": 0.35106137127116105, "train_acc": 1.0, "val_loss": 0.6947711110115051, "val_acc": 0.8035714285714286}
{"type": "epoch", "epoch": "43/100", "train_loss": 0.35106137127116105, "train_acc": 1.0, "val_loss": 0.6947711110115051, "val_acc": 0.8035714285714286}
{"type": "epoch", "epoch": 44, "total_epochs": 100, "train_loss": 0.35106101312499116, "train_acc": 1.0, "val_loss": 0.7064788341522217, "val_acc": 0.8035714285714286}
{"type": "epoch", "epoch": "44/100", "train_loss": 0.35106101312499116, "train_acc": 1.0, "val_loss": 0.7064788341522217, "val_acc": 0.8035714285714286}
{"type": "epoch", "epoch": 45, "total_epochs": 100, "train_loss": 0.3510521024033643, "train_acc": 1.0, "val_loss": 0.6992717385292053, "val_acc": 0.8214285714285714}
{"type": "epoch", "epoch": "45/100", "train_loss": 0.3510521024033643, "train_acc": 1.0, "val_loss": 0.6992717385292053, "val_acc": 0.8214285714285714}
{"type": "epoch", "epoch": 46, "total_epochs": 100, "train_loss": 0.35124928061512933, "train_acc": 1.0, "val_loss": 0.7130252122879028, "val_acc": 0.8214285714285714}
{"type": "epoch", "epoch": "46/100", "train_loss": 0.35124928061512933, "train_acc": 1.0, "val_loss": 0.7130252122879028, "val_acc": 0.8214285714285714}
{"type": "epoch", "epoch": 47, "total_epochs": 100, "train_loss": 0.35091397624084913, "train_acc": 1.0, "val_loss": 0.7165465354919434, "val_acc": 0.7857142857142857}
{"type": "epoch", "epoch": "47/100", "train_loss": 0.35091397624084913, "train_acc": 1.0, "val_loss": 0.7165465354919434, "val_acc": 0.7857142857142857}
{"type": "epoch", "epoch": 48, "total_epochs": 100, "train_loss": 0.35073094981304115, "train_acc": 1.0, "val_loss": 0.6980165839195251, "val_acc": 0.8035714285714286}
{"type": "epoch", "epoch": "48/100", "train_loss": 0.35073094981304115, "train_acc": 1.0, "val_loss": 0.6980165839195251, "val_acc": 0.8035714285714286}
{"type": "epoch", "epoch": 49, "total_epochs": 100, "train_loss": 0.35101541470790254, "train_acc": 1.0, "val_loss": 0.7201986908912659, "val_acc": 0.8035714285714286}
{"type": "epoch", "epoch": "49/100", "train_loss": 0.35101541470790254, "train_acc": 1.0, "val_loss": 0.7201986908912659, "val_acc": 0.8035714285714286}
{"type": "epoch", "epoch": 50, "total_epochs": 100, "train_loss": 0.3502778243327486, "train_acc": 1.0, "val_loss": 0.7163875102996826, "val_acc": 0.8214285714285714}
{"type": "epoch", "epoch": "50/100", "train_loss": 0.3502778243327486, "train_acc": 1.0, "val_loss": 0.7163875102996826, "val_acc": 0.8214285714285714}
{"type": "epoch", "epoch": 51, "total_epochs": 100, "train_loss": 0.35025969795558765, "train_acc": 1.0, "val_loss": 0.6861184239387512, "val_acc": 0.8035714285714286}
{"type": "epoch", "epoch": "51/100", "train_loss": 0.35025969795558765, "train_acc": 1.0, "val_loss": 0.6861184239387512, "val_acc": 0.8035714285714286}
{"type": "epoch", "epoch": 52, "total_epochs": 100, "train_loss": 0.3502649889476057, "train_acc": 1.0, "val_loss": 0.7262731790542603, "val_acc": 0.7678571428571429}
{"type": "epoch", "epoch": "52/100", "train_loss": 0.3502649889476057, "train_acc": 1.0, "val_loss": 0.7262731790542603, "val_acc": 0.7678571428571429}
{"type": "epoch", "epoch": 53, "total_epochs": 100, "train_loss": 0.3503197493760482, "train_acc": 1.0, "val_loss": 0.6947864294052124, "val_acc": 0.8035714285714286}
{"type": "epoch", "epoch": "53/100", "train_loss": 0.3503197493760482, "train_acc": 1.0, "val_loss": 0.6947864294052124, "val_acc": 0.8035714285714286}
{"type": "epoch", "epoch": 54, "total_epochs": 100, "train_loss": 0.3509070066438205, "train_acc": 1.0, "val_loss": 0.696769654750824, "val_acc": 0.8571428571428571}
{"type": "epoch", "epoch": "54/100", "train_loss": 0.3509070066438205, "train_acc": 1.0, "val_loss": 0.696769654750824, "val_acc": 0.8571428571428571}
{"type": "epoch", "epoch": 55, "total_epochs": 100, "train_loss": 0.35068146888760554, "train_acc": 1.0, "val_loss": 0.7044868469238281, "val_acc": 0.8035714285714286}
{"type": "epoch", "epoch": "55/100", "train_loss": 0.35068146888760554, "train_acc": 1.0, "val_loss": 0.7044868469238281, "val_acc": 0.8035714285714286}
{"type": "epoch", "epoch": 56, "total_epochs": 100, "train_loss": 0.3503895816595658, "train_acc": 1.0, "val_loss": 0.7308932542800903, "val_acc": 0.7857142857142857}
{"type": "epoch", "epoch": "56/100", "train_loss": 0.3503895816595658, "train_acc": 1.0, "val_loss": 0.7308932542800903, "val_acc": 0.7857142857142857}
{"type": "epoch", "epoch": 57, "total_epochs": 100, "train_loss": 0.3500670222268588, "train_acc": 1.0, "val_loss": 0.7234917283058167, "val_acc": 0.8035714285714286}
{"type": "epoch", "epoch": "57/100", "train_loss": 0.3500670222268588, "train_acc": 1.0, "val_loss": 0.7234917283058167, "val_acc": 0.8035714285714286}
{"type": "epoch", "epoch": 58, "total_epochs": 100, "train_loss": 0.35007602399674015, "train_acc": 1.0, "val_loss": 0.7136965990066528, "val_acc": 0.8035714285714286}
{"type": "epoch", "epoch": "58/100", "train_loss": 0.35007602399674015, "train_acc": 1.0, "val_loss": 0.7136965990066528, "val_acc": 0.8035714285714286}
{"type": "epoch", "epoch": 59, "total_epochs": 100, "train_loss": 0.35014497447704923, "train_acc": 1.0, "val_loss": 0.7838950157165527, "val_acc": 0.7678571428571429}
{"type": "epoch", "epoch": "59/100", "train_loss": 0.35014497447704923, "train_acc": 1.0, "val_loss": 0.7838950157165527, "val_acc": 0.7678571428571429}
{"type": "epoch", "epoch": 60, "total_epochs": 100, "train_loss": 0.35009800403014474, "train_acc": 1.0, "val_loss": 0.7017761468887329, "val_acc": 0.8035714285714286}
{"type": "epoch", "epoch": "60/100", "train_loss": 0.35009800403014474, "train_acc": 1.0, "val_loss": 0.7017761468887329, "val_acc": 0.8035714285714286}
{"type": "epoch", "epoch": 61, "total_epochs": 100, "train_loss": 0.3499912522841191, "train_acc": 1.0, "val_loss": 0.6968774795532227, "val_acc": 0.8035714285714286}
{"type": "epoch", "epoch": "61/100", "train_loss": 0.3499912522841191, "train_acc": 1.0, "val_loss": 0.6968774795532227, "val_acc": 0.8035714285714286}
{"type": "epoch", "epoch": 62, "total_epochs": 100, "train_loss": 0.34983091656712517, "train_acc": 1.0, "val_loss": 0.7177935838699341, "val_acc": 0.7857142857142857}
{"type": "epoch", "epoch": "62/100", "train_loss": 0.34983091656712517, "train_acc": 1.0, "val_loss": 0.7177935838699341, "val_acc": 0.7857142857142857}
{"type": "epoch", "epoch": 63, "total_epochs": 100, "train_loss": 0.3498767589313396, "train_acc": 1.0, "val_loss": 0.7250152826309204, "val_acc": 0.7857142857142857}
{"type": "epoch", "epoch": "63/100", "train_loss": 0.3498767589313396, "train_acc": 1.0, "val_loss": 0.7250152826309204, "val_acc": 0.7857142857142857}
{"type": "epoch", "epoch": 64, "total_epochs": 100, "train_loss": 0.3501526094865108, "train_acc": 1.0, "val_loss": 0.7468852996826172, "val_acc": 0.7678571428571429}
{"type": "epoch", "epoch": "64/100", "train_loss": 0.3501526094865108, "train_acc": 1.0, "val_loss": 0.7468852996826172, "val_acc": 0.7678571428571429}
{"type": "epoch", "epoch": 65, "total_epochs": 100, "train_loss": 0.3498626935309258, "train_acc": 1.0, "val_loss": 0.7226383686065674, "val_acc": 0.8035714285714286}
{"type": "epoch", "epoch": "65/100", "train_loss": 0.3498626935309258, "train_acc": 1.0, "val_loss": 0.7226383686065674, "val_acc": 0.8035714285714286}
{"type": "epoch", "epoch": 66, "total_epochs": 100, "train_loss": 0.34972407714180326, "train_acc": 1.0, "val_loss": 0.7033457159996033, "val_acc": 0.8035714285714286}
{"type": "epoch", "epoch": "66/100", "train_loss": 0.34972407714180326, "train_acc": 1.0, "val_loss": 0.7033457159996033, "val_acc": 0.8035714285714286}
{"type": "epoch", "epoch": 67, "total_epochs": 100, "train_loss": 0.35001073436460634, "train_acc": 1.0, "val_loss": 0.7262457013130188, "val_acc": 0.8035714285714286}
{"type": "epoch", "epoch": "67/100", "train_loss": 0.35001073436460634, "train_acc": 1.0, "val_loss": 0.7262457013130188, "val_acc": 0.8035714285714286}
{"type": "epoch", "epoch": 68, "total_epochs": 100, "train_loss": 0.3502732129200645, "train_acc": 1.0, "val_loss": 0.7120472192764282, "val_acc": 0.8035714285714286}
{"type": "epoch", "epoch": "68/100", "train_loss": 0.3502732129200645, "train_acc": 1.0, "val_loss": 0.7120472192764282, "val_acc": 0.8035714285714286}
{"type": "epoch", "epoch": 69, "total_epochs": 100, "train_loss": 0.34990915837495223, "train_acc": 1.0, "val_loss": 0.7238093614578247, "val_acc": 0.8035714285714286}
{"type": "epoch", "epoch": "69/100", "train_loss": 0.34990915837495223, "train_acc": 1.0, "val_loss": 0.7238093614578247, "val_acc": 0.8035714285714286}
{"type": "epoch", "epoch": 70, "total_epochs": 100, "train_loss": 0.34993794240813325, "train_acc": 1.0, "val_loss": 0.7310190796852112, "val_acc": 0.8035714285714286}
{"type": "epoch", "epoch": "70/100", "train_loss": 0.34993794240813325, "train_acc": 1.0, "val_loss": 0.7310190796852112, "val_acc": 0.8035714285714286}
{"type": "epoch", "epoch": 71, "total_epochs": 100, "train_loss": 0.349740497443987, "train_acc": 1.0, "val_loss": 0.7190519571304321, "val_acc": 0.8035714285714286}
{"type": "epoch", "epoch": "71/100", "train_loss": 0.349740497443987, "train_acc": 1.0, "val_loss": 0.7190519571304321, "val_acc": 0.8035714285714286}
{"type": "epoch", "epoch": 72, "total_epochs": 100, "train_loss": 0.3497740533040917, "train_acc": 1.0, "val_loss": 0.7059119343757629, "val_acc": 0.8035714285714286}
{"type": "epoch", "epoch": "72/100", "train_loss": 0.3497740533040917, "train_acc": 1.0, "val_loss": 0.7059119343757629, "val_acc": 0.8035714285714286}
{"type": "epoch", "epoch": 73, "total_epochs": 100, "train_loss": 0.3495695892451466, "train_acc": 1.0, "val_loss": 0.7273321151733398, "val_acc": 0.8035714285714286}
{"type": "epoch", "epoch": "73/100", "train_loss": 0.3495695892451466, "train_acc": 1.0, "val_loss": 0.7273321151733398, "val_acc": 0.8035714285714286}
{"type": "epoch", "epoch": 74, "total_epochs": 100, "train_loss": 0.3496254036391991, "train_acc": 1.0, "val_loss": 0.7208073735237122, "val_acc": 0.8035714285714286}
{"type": "epoch", "epoch": "74/100", "train_loss": 0.3496254036391991, "train_acc": 1.0, "val_loss": 0.7208073735237122, "val_acc": 0.8035714285714286}
{"type": "epoch", "epoch": 75, "total_epochs": 100, "train_loss": 0.34974613206973976, "train_acc": 1.0, "val_loss": 0.7320213913917542, "val_acc": 0.8214285714285714}
{"type": "epoch", "epoch": "75/100", "train_loss": 0.34974613206973976, "train_acc": 1.0, "val_loss": 0.7320213913917542, "val_acc": 0.8214285714285714}
{"type": "epoch", "epoch": 76, "total_epochs": 100, "train_loss": 0.3497073201165683, "train_acc": 1.0, "val_loss": 0.7242238521575928, "val_acc": 0.8035714285714286}
{"type": "epoch", "epoch": "76/100", "train_loss": 0.3497073201165683, "train_acc": 1.0, "val_loss": 0.7242238521575928, "val_acc": 0.8035714285714286}
{"type": "epoch", "epoch": 77, "total_epochs": 100, "train_loss": 0.3498213203056999, "train_acc": 1.0, "val_loss": 0.7133064270019531, "val_acc": 0.8035714285714286}
{"type": "epoch", "epoch": "77/100", "train_loss": 0.3498213203056999, "train_acc": 1.0, "val_loss": 0.7133064270019531, "val_acc": 0.8035714285714286}
{"type": "epoch", "epoch": 78, "total_epochs": 100, "train_loss": 0.3497338694938715, "train_acc": 1.0, "val_loss": 0.7334492802619934, "val_acc": 0.8035714285714286}
{"type": "epoch", "epoch": "78/100", "train_loss": 0.3497338694938715, "train_acc": 1.0, "val_loss": 0.7334492802619934, "val_acc": 0.8035714285714286}
{"type": "epoch", "epoch": 79, "total_epochs": 100, "train_loss": 0.3496202385943869, "train_acc": 1.0, "val_loss": 0.715006411075592, "val_acc": 0.7678571428571429}
{"type": "epoch", "epoch": "79/100", "train_loss": 0.3496202385943869, "train_acc": 1.0, "val_loss": 0.715006411075592, "val_acc": 0.7678571428571429}
{"type": "epoch", "epoch": 80, "total_epochs": 100, "train_loss": 0.3498290353063224, "train_acc": 1.0, "val_loss": 0.7308241724967957, "val_acc": 0.8214285714285714}
{"type": "epoch", "epoch": "80/100", "train_loss": 0.3498290353063224, "train_acc": 1.0, "val_loss": 0.7308241724967957, "val_acc": 0.8214285714285714}
{"type": "epoch", "epoch": 81, "total_epochs": 100, "train_loss": 0.3498068414736485, "train_acc": 1.0, "val_loss": 0.7255185842514038, "val_acc": 0.8214285714285714}
{"type": "epoch", "epoch": "81/100", "train_loss": 0.3498068414736485, "train_acc": 1.0, "val_loss": 0.7255185842514038, "val_acc": 0.8214285714285714}
{"type": "epoch", "epoch": 82, "total_epochs": 100, "train_loss": 0.34951340478399523, "train_acc": 1.0, "val_loss": 0.7250438928604126, "val_acc": 0.8035714285714286}
{"type": "epoch", "epoch": "82/100", "train_loss": 0.34951340478399523, "train_acc": 1.0, "val_loss": 0.7250438928604126, "val_acc": 0.8035714285714286}
{"type": "epoch", "epoch": 83, "total_epochs": 100, "train_loss": 0.3499015586099763, "train_acc": 1.0, "val_loss": 0.7235020995140076, "val_acc": 0.8035714285714286}
{"type": "epoch", "epoch": "83/100", "train_loss": 0.3499015586099763, "train_acc": 1.0, "val_loss": 0.7235020995140076, "val_acc": 0.8035714285714286}
{"type": "epoch", "epoch": 84, "total_epochs": 100, "train_loss": 0.34961690453515537, "train_acc": 1.0, "val_loss": 0.7278496623039246, "val_acc": 0.7678571428571429}
{"type": "epoch", "epoch": "84/100", "train_loss": 0.34961690453515537, "train_acc": 1.0, "val_loss": 0.7278496623039246, "val_acc": 0.7678571428571429}
{"type": "epoch", "epoch": 85, "total_epochs": 100, "train_loss": 0.3496190915937009, "train_acc": 1.0, "val_loss": 0.7227452993392944, "val_acc": 0.8035714285714286}
{"type": "epoch", "epoch": "85/100", "train_loss": 0.3496190915937009, "train_acc": 1.0, "val_loss": 0.7227452993392944, "val_acc": 0.8035714285714286}
{"type": "epoch", "epoch": 86, "total_epochs": 100, "train_loss": 0.34965967440950696, "train_acc": 1.0, "val_loss": 0.729565441608429, "val_acc": 0.8035714285714286}
{"type": "epoch", "epoch": "86/100", "train_loss": 0.34965967440950696, "train_acc": 1.0, "val_loss": 0.729565441608429, "val_acc": 0.8035714285714286}
{"type": "epoch", "epoch": 87, "total_epochs": 100, "train_loss": 0.3495709895223811, "train_acc": 1.0, "val_loss": 0.7292913198471069, "val_acc": 0.8035714285714286}
{"type": "epoch", "epoch": "87/100", "train_loss": 0.3495709895223811, "train_acc": 1.0, "val_loss": 0.7292913198471069, "val_acc": 0.8035714285714286}
{"type": "epoch", "epoch": 88, "total_epochs": 100, "train_loss": 0.34997062596721923, "train_acc": 1.0, "val_loss": 0.7290242910385132, "val_acc": 0.8035714285714286}
{"type": "epoch", "epoch": "88/100", "train_loss": 0.34997062596721923, "train_acc": 1.0, "val_loss": 0.7290242910385132, "val_acc": 0.8035714285714286}
{"type": "epoch", "epoch": 89, "total_epochs": 100, "train_loss": 0.349636369338934, "train_acc": 1.0, "val_loss": 0.7245551943778992, "val_acc": 0.8035714285714286}
{"type": "epoch", "epoch": "89/100", "train_loss": 0.349636369338934, "train_acc": 1.0, "val_loss": 0.7245551943778992, "val_acc": 0.8035714285714286}
{"type": "epoch", "epoch": 90, "total_epochs": 100, "train_loss": 0.3495804100796796, "train_acc": 1.0, "val_loss": 0.7200502157211304, "val_acc": 0.8035714285714286}
{"type": "epoch", "epoch": "90/100", "train_loss": 0.3495804100796796, "train_acc": 1.0, "val_loss": 0.7200502157211304, "val_acc": 0.8035714285714286}
{"type": "epoch", "epoch": 91, "total_epochs": 100, "train_loss": 0.3495573702065841, "train_acc": 1.0, "val_loss": 0.7269271016120911, "val_acc": 0.8035714285714286}
{"type": "epoch", "epoch": "91/100", "train_loss": 0.3495573702065841, "train_acc": 1.0, "val_loss": 0.7269271016120911, "val_acc": 0.8035714285714286}
{"type": "epoch", "epoch": 92, "total_epochs": 100, "train_loss": 0.34960645264473517, "train_acc": 1.0, "val_loss": 0.7286080121994019, "val_acc": 0.8035714285714286}
{"type": "epoch", "epoch": "92/100", "train_loss": 0.34960645264473517, "train_acc": 1.0, "val_loss": 0.7286080121994019, "val_acc": 0.8035714285714286}
{"type": "epoch", "epoch": 93, "total_epochs": 100, "train_loss": 0.34967749948086946, "train_acc": 1.0, "val_loss": 0.7274765372276306, "val_acc": 0.8035714285714286}
{"type": "epoch", "epoch": "93/100", "train_loss": 0.34967749948086946, "train_acc": 1.0, "val_loss": 0.7274765372276306, "val_acc": 0.8035714285714286}
{"type": "epoch", "epoch": 94, "total_epochs": 100, "train_loss": 0.34955180805662406, "train_acc": 1.0, "val_loss": 0.7260313630104065, "val_acc": 0.8035714285714286}
{"type": "epoch", "epoch": "94/100", "train_loss": 0.34955180805662406, "train_acc": 1.0, "val_loss": 0.7260313630104065, "val_acc": 0.8035714285714286}
{"type": "epoch", "epoch": 95, "total_epochs": 100, "train_loss": 0.34939241046490876, "train_acc": 1.0, "val_loss": 0.7232893109321594, "val_acc": 0.8214285714285714}
{"type": "epoch", "epoch": "95/100", "train_loss": 0.34939241046490876, "train_acc": 1.0, "val_loss": 0.7232893109321594, "val_acc": 0.8214285714285714}
{"type": "epoch", "epoch": 96, "total_epochs": 100, "train_loss": 0.34945047195406925, "train_acc": 1.0, "val_loss": 0.7251684665679932, "val_acc": 0.8035714285714286}
{"type": "epoch", "epoch": "96/100", "train_loss": 0.34945047195406925, "train_acc": 1.0, "val_loss": 0.7251684665679932, "val_acc": 0.8035714285714286}
{"type": "epoch", "epoch": 97, "total_epochs": 100, "train_loss": 0.3494888116484103, "train_acc": 1.0, "val_loss": 0.7224213480949402, "val_acc": 0.8035714285714286}
{"type": "epoch", "epoch": "97/100", "train_loss": 0.3494888116484103, "train_acc": 1.0, "val_loss": 0.7224213480949402, "val_acc": 0.8035714285714286}
{"type": "epoch", "epoch": 98, "total_epochs": 100, "train_loss": 0.34952655210011246, "train_acc": 1.0, "val_loss": 0.7231691479682922, "val_acc": 0.8035714285714286}
{"type": "epoch", "epoch": "98/100", "train_loss": 0.34952655210011246, "train_acc": 1.0, "val_loss": 0.7231691479682922, "val_acc": 0.8035714285714286}
{"type": "epoch", "epoch": 99, "total_epochs": 100, "train_loss": 0.34972134189329285, "train_acc": 1.0, "val_loss": 0.7231886982917786, "val_acc": 0.8035714285714286}
{"type": "epoch", "epoch": "99/100", "train_loss": 0.34972134189329285, "train_acc": 1.0, "val_loss": 0.7231886982917786, "val_acc": 0.8035714285714286}
{"type": "epoch", "epoch": 100, "total_epochs": 100, "train_loss": 0.34944267825803893, "train_acc": 1.0, "val_loss": 0.7258161306381226, "val_acc": 0.8035714285714286}
{"type": "epoch", "epoch": "100/100", "train_loss": 0.34944267825803893, "train_acc": 1.0, "val_loss": 0.7258161306381226, "val_acc": 0.8035714285714286}
{"type": "complete", "message": "Training completed successfully for Shallow ConvNet on master_bci2a!", "final_val_acc": 0.9, "latency_ms": 29.111623764038086}

======================================
Training Model: MiniRocket on Dataset: HighGamma
======================================
{"type": "progress", "message": "Extracting HighGamma data using unified loader..."}
D:\eeg-minirocket-project\eeg-mi-bci-archive-565657a\src\dataset_loader_all.py:22: RuntimeWarning: Setting non-standard config type: "MNE_DATASETS_MOABB_PATH"
  mne.set_config('MNE_DATASETS_MOABB_PATH', data_dir)
Choosing from all possible events
Loading Dataset: HighGamma for Subject 1...
Extracting EDF parameters from C:\Users\SHUSHANK\mne_data\MNE-schirrmeister2017-data\robintibor\high-gamma-dataset\raw\master\data\train\1.edf...
Channel 'EEG Fp1' recognized as type EEG (renamed to 'Fp1').
Channel 'EEG Fp2' recognized as type EEG (renamed to 'Fp2').
Channel 'EEG Fpz' recognized as type EEG (renamed to 'Fpz').
Channel 'EEG F7' recognized as type EEG (renamed to 'F7').
Channel 'EEG F3' recognized as type EEG (renamed to 'F3').
Channel 'EEG Fz' recognized as type EEG (renamed to 'Fz').
Channel 'EEG F4' recognized as type EEG (renamed to 'F4').
Channel 'EEG F8' recognized as type EEG (renamed to 'F8').
Channel 'EEG FC5' recognized as type EEG (renamed to 'FC5').
Channel 'EEG FC1' recognized as type EEG (renamed to 'FC1').
Channel 'EEG FC2' recognized as type EEG (renamed to 'FC2').
Channel 'EEG FC6' recognized as type EEG (renamed to 'FC6').
Channel 'EEG M1' recognized as type EEG (renamed to 'M1').
Channel 'EEG T7' recognized as type EEG (renamed to 'T7').
Channel 'EEG C3' recognized as type EEG (renamed to 'C3').
Channel 'EEG Cz' recognized as type EEG (renamed to 'Cz').
Channel 'EEG C4' recognized as type EEG (renamed to 'C4').
Channel 'EEG T8' recognized as type EEG (renamed to 'T8').
Channel 'EEG M2' recognized as type EEG (renamed to 'M2').
Channel 'EEG CP5' recognized as type EEG (renamed to 'CP5').
Channel 'EEG CP1' recognized as type EEG (renamed to 'CP1').
Channel 'EEG CP2' recognized as type EEG (renamed to 'CP2').
Channel 'EEG CP6' recognized as type EEG (renamed to 'CP6').
Channel 'EEG P7' recognized as type EEG (renamed to 'P7').
Channel 'EEG P3' recognized as type EEG (renamed to 'P3').
Channel 'EEG Pz' recognized as type EEG (renamed to 'Pz').
Channel 'EEG P4' recognized as type EEG (renamed to 'P4').
Channel 'EEG P8' recognized as type EEG (renamed to 'P8').
Channel 'EEG POz' recognized as type EEG (renamed to 'POz').
Channel 'EEG O1' recognized as type EEG (renamed to 'O1').
Channel 'EEG Oz' recognized as type EEG (renamed to 'Oz').
Channel 'EEG O2' recognized as type EEG (renamed to 'O2').
Channel 'EOG EOGh' recognized as type EOG (renamed to 'EOGh').
Channel 'EOG EOGv' recognized as type EOG (renamed to 'EOGv').
Channel 'EMG EMG_RH' recognized as type EMG (renamed to 'EMG_RH').
Channel 'EMG EMG_LH' recognized as type EMG (renamed to 'EMG_LH').
Channel 'EMG EMG_RF' recognized as type EMG (renamed to 'EMG_RF').
Channel 'EEG AF7' recognized as type EEG (renamed to 'AF7').
Channel 'EEG AF3' recognized as type EEG (renamed to 'AF3').
Channel 'EEG AF4' recognized as type EEG (renamed to 'AF4').
Channel 'EEG AF8' recognized as type EEG (renamed to 'AF8').
Channel 'EEG F5' recognized as type EEG (renamed to 'F5').
Channel 'EEG F1' recognized as type EEG (renamed to 'F1').
Channel 'EEG F2' recognized as type EEG (renamed to 'F2').
Channel 'EEG F6' recognized as type EEG (renamed to 'F6').
Channel 'EEG FC3' recognized as type EEG (renamed to 'FC3').
Channel 'EEG FCz' recognized as type EEG (renamed to 'FCz').
Channel 'EEG FC4' recognized as type EEG (renamed to 'FC4').
Channel 'EEG C5' recognized as type EEG (renamed to 'C5').
Channel 'EEG C1' recognized as type EEG (renamed to 'C1').
Channel 'EEG C2' recognized as type EEG (renamed to 'C2').
Channel 'EEG C6' recognized as type EEG (renamed to 'C6').
Channel 'EEG CP3' recognized as type EEG (renamed to 'CP3').
Channel 'EEG CPz' recognized as type EEG (renamed to 'CPz').
Channel 'EEG CP4' recognized as type EEG (renamed to 'CP4').
Channel 'EEG P5' recognized as type EEG (renamed to 'P5').
Channel 'EEG P1' recognized as type EEG (renamed to 'P1').
Channel 'EEG P2' recognized as type EEG (renamed to 'P2').
Channel 'EEG P6' recognized as type EEG (renamed to 'P6').
Channel 'EEG PO5' recognized as type EEG (renamed to 'PO5').
Channel 'EEG PO3' recognized as type EEG (renamed to 'PO3').
Channel 'EEG PO4' recognized as type EEG (renamed to 'PO4').
Channel 'EEG PO6' recognized as type EEG (renamed to 'PO6').
Channel 'EEG FT7' recognized as type EEG (renamed to 'FT7').
Channel 'EEG FT8' recognized as type EEG (renamed to 'FT8').
Channel 'EEG TP7' recognized as type EEG (renamed to 'TP7').
Channel 'EEG TP8' recognized as type EEG (renamed to 'TP8').
Channel 'EEG PO7' recognized as type EEG (renamed to 'PO7').
Channel 'EEG PO8' recognized as type EEG (renamed to 'PO8').
Channel 'EEG FT9' recognized as type EEG (renamed to 'FT9').
Channel 'EEG FT10' recognized as type EEG (renamed to 'FT10').
Channel 'EEG TPP9h' recognized as type EEG (renamed to 'TPP9h').
Channel 'EEG TPP10h' recognized as type EEG (renamed to 'TPP10h').
Channel 'EEG PO9' recognized as type EEG (renamed to 'PO9').
Channel 'EEG PO10' recognized as type EEG (renamed to 'PO10').
Channel 'EEG P9' recognized as type EEG (renamed to 'P9').
Channel 'EEG P10' recognized as type EEG (renamed to 'P10').
Channel 'EEG AFF1' recognized as type EEG (renamed to 'AFF1').
Channel 'EEG AFz' recognized as type EEG (renamed to 'AFz').
Channel 'EEG AFF2' recognized as type EEG (renamed to 'AFF2').
Channel 'EEG FFC5h' recognized as type EEG (renamed to 'FFC5h').
Channel 'EEG FFC3h' recognized as type EEG (renamed to 'FFC3h').
Channel 'EEG FFC4h' recognized as type EEG (renamed to 'FFC4h').
Channel 'EEG FFC6h' recognized as type EEG (renamed to 'FFC6h').
Channel 'EEG FCC5h' recognized as type EEG (renamed to 'FCC5h').
Channel 'EEG FCC3h' recognized as type EEG (renamed to 'FCC3h').
Channel 'EEG FCC4h' recognized as type EEG (renamed to 'FCC4h').
Channel 'EEG FCC6h' recognized as type EEG (renamed to 'FCC6h').
Channel 'EEG CCP5h' recognized as type EEG (renamed to 'CCP5h').
Channel 'EEG CCP3h' recognized as type EEG (renamed to 'CCP3h').
Channel 'EEG CCP4h' recognized as type EEG (renamed to 'CCP4h').
Channel 'EEG CCP6h' recognized as type EEG (renamed to 'CCP6h').
Channel 'EEG CPP5h' recognized as type EEG (renamed to 'CPP5h').
Channel 'EEG CPP3h' recognized as type EEG (renamed to 'CPP3h').
Channel 'EEG CPP4h' recognized as type EEG (renamed to 'CPP4h').
Channel 'EEG CPP6h' recognized as type EEG (renamed to 'CPP6h').
Channel 'EEG PPO1' recognized as type EEG (renamed to 'PPO1').
Channel 'EEG PPO2' recognized as type EEG (renamed to 'PPO2').
Channel 'EEG I1' recognized as type EEG (renamed to 'I1').
Channel 'EEG Iz' recognized as type EEG (renamed to 'Iz').
Channel 'EEG I2' recognized as type EEG (renamed to 'I2').
Channel 'EEG AFp3h' recognized as type EEG (renamed to 'AFp3h').
Channel 'EEG AFp4h' recognized as type EEG (renamed to 'AFp4h').
Channel 'EEG AFF5h' recognized as type EEG (renamed to 'AFF5h').
Channel 'EEG AFF6h' recognized as type EEG (renamed to 'AFF6h').
Channel 'EEG FFT7h' recognized as type EEG (renamed to 'FFT7h').
Channel 'EEG FFC1h' recognized as type EEG (renamed to 'FFC1h').
Channel 'EEG FFC2h' recognized as type EEG (renamed to 'FFC2h').
Channel 'EEG FFT8h' recognized as type EEG (renamed to 'FFT8h').
Channel 'EEG FTT9h' recognized as type EEG (renamed to 'FTT9h').
Channel 'EEG FTT7h' recognized as type EEG (renamed to 'FTT7h').
Channel 'EEG FCC1h' recognized as type EEG (renamed to 'FCC1h').
Channel 'EEG FCC2h' recognized as type EEG (renamed to 'FCC2h').
Channel 'EEG FTT8h' recognized as type EEG (renamed to 'FTT8h').
Channel 'EEG FTT10h' recognized as type EEG (renamed to 'FTT10h').
Channel 'EEG TTP7h' recognized as type EEG (renamed to 'TTP7h').
Channel 'EEG CCP1h' recognized as type EEG (renamed to 'CCP1h').
Channel 'EEG CCP2h' recognized as type EEG (renamed to 'CCP2h').
Channel 'EEG TTP8h' recognized as type EEG (renamed to 'TTP8h').
Channel 'EEG TPP7h' recognized as type EEG (renamed to 'TPP7h').
Channel 'EEG CPP1h' recognized as type EEG (renamed to 'CPP1h').
Channel 'EEG CPP2h' recognized as type EEG (renamed to 'CPP2h').
Channel 'EEG TPP8h' recognized as type EEG (renamed to 'TPP8h').
Channel 'EEG PPO9h' recognized as type EEG (renamed to 'PPO9h').
Channel 'EEG PPO5h' recognized as type EEG (renamed to 'PPO5h').
Channel 'EEG PPO6h' recognized as type EEG (renamed to 'PPO6h').
Channel 'EEG PPO10h' recognized as type EEG (renamed to 'PPO10h').
Channel 'EEG POO9h' recognized as type EEG (renamed to 'POO9h').
Channel 'EEG POO3h' recognized as type EEG (renamed to 'POO3h').
Channel 'EEG POO4h' recognized as type EEG (renamed to 'POO4h').
Channel 'EEG POO10h' recognized as type EEG (renamed to 'POO10h').
Channel 'EEG OI1h' recognized as type EEG (renamed to 'OI1h').
Channel 'EEG OI2h' recognized as type EEG (renamed to 'OI2h').
Setting channel info structure...
Creating raw.info structure...
Reading 0 ... 1225999  =      0.000 ...  2451.998 secs...
Extracting EDF parameters from C:\Users\SHUSHANK\mne_data\MNE-schirrmeister2017-data\robintibor\high-gamma-dataset\raw\master\data\test\1.edf...
Channel 'EEG Fp1' recognized as type EEG (renamed to 'Fp1').
Channel 'EEG Fp2' recognized as type EEG (renamed to 'Fp2').
Channel 'EEG Fpz' recognized as type EEG (renamed to 'Fpz').
Channel 'EEG F7' recognized as type EEG (renamed to 'F7').
Channel 'EEG F3' recognized as type EEG (renamed to 'F3').
Channel 'EEG Fz' recognized as type EEG (renamed to 'Fz').
Channel 'EEG F4' recognized as type EEG (renamed to 'F4').
Channel 'EEG F8' recognized as type EEG (renamed to 'F8').
Channel 'EEG FC5' recognized as type EEG (renamed to 'FC5').
Channel 'EEG FC1' recognized as type EEG (renamed to 'FC1').
Channel 'EEG FC2' recognized as type EEG (renamed to 'FC2').
Channel 'EEG FC6' recognized as type EEG (renamed to 'FC6').
Channel 'EEG M1' recognized as type EEG (renamed to 'M1').
Channel 'EEG T7' recognized as type EEG (renamed to 'T7').
Channel 'EEG C3' recognized as type EEG (renamed to 'C3').
Channel 'EEG Cz' recognized as type EEG (renamed to 'Cz').
Channel 'EEG C4' recognized as type EEG (renamed to 'C4').
Channel 'EEG T8' recognized as type EEG (renamed to 'T8').
Channel 'EEG M2' recognized as type EEG (renamed to 'M2').
Channel 'EEG CP5' recognized as type EEG (renamed to 'CP5').
Channel 'EEG CP1' recognized as type EEG (renamed to 'CP1').
Channel 'EEG CP2' recognized as type EEG (renamed to 'CP2').
Channel 'EEG CP6' recognized as type EEG (renamed to 'CP6').
Channel 'EEG P7' recognized as type EEG (renamed to 'P7').
Channel 'EEG P3' recognized as type EEG (renamed to 'P3').
Channel 'EEG Pz' recognized as type EEG (renamed to 'Pz').
Channel 'EEG P4' recognized as type EEG (renamed to 'P4').
Channel 'EEG P8' recognized as type EEG (renamed to 'P8').
Channel 'EEG POz' recognized as type EEG (renamed to 'POz').
Channel 'EEG O1' recognized as type EEG (renamed to 'O1').
Channel 'EEG Oz' recognized as type EEG (renamed to 'Oz').
Channel 'EEG O2' recognized as type EEG (renamed to 'O2').
Channel 'EOG EOGh' recognized as type EOG (renamed to 'EOGh').
Channel 'EOG EOGv' recognized as type EOG (renamed to 'EOGv').
Channel 'EMG EMG_RH' recognized as type EMG (renamed to 'EMG_RH').
Channel 'EMG EMG_LH' recognized as type EMG (renamed to 'EMG_LH').
Channel 'EMG EMG_RF' recognized as type EMG (renamed to 'EMG_RF').
Channel 'EEG AF7' recognized as type EEG (renamed to 'AF7').
Channel 'EEG AF3' recognized as type EEG (renamed to 'AF3').
Channel 'EEG AF4' recognized as type EEG (renamed to 'AF4').
Channel 'EEG AF8' recognized as type EEG (renamed to 'AF8').
Channel 'EEG F5' recognized as type EEG (renamed to 'F5').
Channel 'EEG F1' recognized as type EEG (renamed to 'F1').
Channel 'EEG F2' recognized as type EEG (renamed to 'F2').
Channel 'EEG F6' recognized as type EEG (renamed to 'F6').
Channel 'EEG FC3' recognized as type EEG (renamed to 'FC3').
Channel 'EEG FCz' recognized as type EEG (renamed to 'FCz').
Channel 'EEG FC4' recognized as type EEG (renamed to 'FC4').
Channel 'EEG C5' recognized as type EEG (renamed to 'C5').
Channel 'EEG C1' recognized as type EEG (renamed to 'C1').
Channel 'EEG C2' recognized as type EEG (renamed to 'C2').
Channel 'EEG C6' recognized as type EEG (renamed to 'C6').
Channel 'EEG CP3' recognized as type EEG (renamed to 'CP3').
Channel 'EEG CPz' recognized as type EEG (renamed to 'CPz').
Channel 'EEG CP4' recognized as type EEG (renamed to 'CP4').
Channel 'EEG P5' recognized as type EEG (renamed to 'P5').
Channel 'EEG P1' recognized as type EEG (renamed to 'P1').
Channel 'EEG P2' recognized as type EEG (renamed to 'P2').
Channel 'EEG P6' recognized as type EEG (renamed to 'P6').
Channel 'EEG PO5' recognized as type EEG (renamed to 'PO5').
Channel 'EEG PO3' recognized as type EEG (renamed to 'PO3').
Channel 'EEG PO4' recognized as type EEG (renamed to 'PO4').
Channel 'EEG PO6' recognized as type EEG (renamed to 'PO6').
Channel 'EEG FT7' recognized as type EEG (renamed to 'FT7').
Channel 'EEG FT8' recognized as type EEG (renamed to 'FT8').
Channel 'EEG TP7' recognized as type EEG (renamed to 'TP7').
Channel 'EEG TP8' recognized as type EEG (renamed to 'TP8').
Channel 'EEG PO7' recognized as type EEG (renamed to 'PO7').
Channel 'EEG PO8' recognized as type EEG (renamed to 'PO8').
Channel 'EEG FT9' recognized as type EEG (renamed to 'FT9').
Channel 'EEG FT10' recognized as type EEG (renamed to 'FT10').
Channel 'EEG TPP9h' recognized as type EEG (renamed to 'TPP9h').
Channel 'EEG TPP10h' recognized as type EEG (renamed to 'TPP10h').
Channel 'EEG PO9' recognized as type EEG (renamed to 'PO9').
Channel 'EEG PO10' recognized as type EEG (renamed to 'PO10').
Channel 'EEG P9' recognized as type EEG (renamed to 'P9').
Channel 'EEG P10' recognized as type EEG (renamed to 'P10').
Channel 'EEG AFF1' recognized as type EEG (renamed to 'AFF1').
Channel 'EEG AFz' recognized as type EEG (renamed to 'AFz').
Channel 'EEG AFF2' recognized as type EEG (renamed to 'AFF2').
Channel 'EEG FFC5h' recognized as type EEG (renamed to 'FFC5h').
Channel 'EEG FFC3h' recognized as type EEG (renamed to 'FFC3h').
Channel 'EEG FFC4h' recognized as type EEG (renamed to 'FFC4h').
Channel 'EEG FFC6h' recognized as type EEG (renamed to 'FFC6h').
Channel 'EEG FCC5h' recognized as type EEG (renamed to 'FCC5h').
Channel 'EEG FCC3h' recognized as type EEG (renamed to 'FCC3h').
Channel 'EEG FCC4h' recognized as type EEG (renamed to 'FCC4h').
Channel 'EEG FCC6h' recognized as type EEG (renamed to 'FCC6h').
Channel 'EEG CCP5h' recognized as type EEG (renamed to 'CCP5h').
Channel 'EEG CCP3h' recognized as type EEG (renamed to 'CCP3h').
Channel 'EEG CCP4h' recognized as type EEG (renamed to 'CCP4h').
Channel 'EEG CCP6h' recognized as type EEG (renamed to 'CCP6h').
Channel 'EEG CPP5h' recognized as type EEG (renamed to 'CPP5h').
Channel 'EEG CPP3h' recognized as type EEG (renamed to 'CPP3h').
Channel 'EEG CPP4h' recognized as type EEG (renamed to 'CPP4h').
Channel 'EEG CPP6h' recognized as type EEG (renamed to 'CPP6h').
Channel 'EEG PPO1' recognized as type EEG (renamed to 'PPO1').
Channel 'EEG PPO2' recognized as type EEG (renamed to 'PPO2').
Channel 'EEG I1' recognized as type EEG (renamed to 'I1').
Channel 'EEG Iz' recognized as type EEG (renamed to 'Iz').
Channel 'EEG I2' recognized as type EEG (renamed to 'I2').
Channel 'EEG AFp3h' recognized as type EEG (renamed to 'AFp3h').
Channel 'EEG AFp4h' recognized as type EEG (renamed to 'AFp4h').
Channel 'EEG AFF5h' recognized as type EEG (renamed to 'AFF5h').
Channel 'EEG AFF6h' recognized as type EEG (renamed to 'AFF6h').
Channel 'EEG FFT7h' recognized as type EEG (renamed to 'FFT7h').
Channel 'EEG FFC1h' recognized as type EEG (renamed to 'FFC1h').
Channel 'EEG FFC2h' recognized as type EEG (renamed to 'FFC2h').
Channel 'EEG FFT8h' recognized as type EEG (renamed to 'FFT8h').
Channel 'EEG FTT9h' recognized as type EEG (renamed to 'FTT9h').
Channel 'EEG FTT7h' recognized as type EEG (renamed to 'FTT7h').
Channel 'EEG FCC1h' recognized as type EEG (renamed to 'FCC1h').
Channel 'EEG FCC2h' recognized as type EEG (renamed to 'FCC2h').
Channel 'EEG FTT8h' recognized as type EEG (renamed to 'FTT8h').
Channel 'EEG FTT10h' recognized as type EEG (renamed to 'FTT10h').
Channel 'EEG TTP7h' recognized as type EEG (renamed to 'TTP7h').
Channel 'EEG CCP1h' recognized as type EEG (renamed to 'CCP1h').
Channel 'EEG CCP2h' recognized as type EEG (renamed to 'CCP2h').
Channel 'EEG TTP8h' recognized as type EEG (renamed to 'TTP8h').
Channel 'EEG TPP7h' recognized as type EEG (renamed to 'TPP7h').
Channel 'EEG CPP1h' recognized as type EEG (renamed to 'CPP1h').
Channel 'EEG CPP2h' recognized as type EEG (renamed to 'CPP2h').
Channel 'EEG TPP8h' recognized as type EEG (renamed to 'TPP8h').
Channel 'EEG PPO9h' recognized as type EEG (renamed to 'PPO9h').
Channel 'EEG PPO5h' recognized as type EEG (renamed to 'PPO5h').
Channel 'EEG PPO6h' recognized as type EEG (renamed to 'PPO6h').
Channel 'EEG PPO10h' recognized as type EEG (renamed to 'PPO10h').
Channel 'EEG POO9h' recognized as type EEG (renamed to 'POO9h').
Channel 'EEG POO3h' recognized as type EEG (renamed to 'POO3h').
Channel 'EEG POO4h' recognized as type EEG (renamed to 'POO4h').
Channel 'EEG POO10h' recognized as type EEG (renamed to 'POO10h').
Channel 'EEG OI1h' recognized as type EEG (renamed to 'OI1h').
Channel 'EEG OI2h' recognized as type EEG (renamed to 'OI2h').
Setting channel info structure...
Creating raw.info structure...
Reading 0 ... 616999  =      0.000 ...  1233.998 secs...
C:\Users\SHUSHANK\AppData\Local\Packages\PythonSoftwareFoundation.Python.3.13_qbz5n2kfra8p0\LocalCache\local-packages\Python313\site-packages\moabb\datasets\schirrmeister2017.py:412: FutureWarning: Montage name 'standard_1005' is deprecated and will be removed in MNE 1.14. Use 'colin27_1005' instead.
  montage = make_standard_montage("standard_1005")
NOTE: pick_types() is a legacy function. New code should use inst.pick(...).
NOTE: pick_types() is a legacy function. New code should use inst.pick(...).
{"type": "info", "message": "Selecting top 40 channels based on variance..."}
{"type": "info", "message": "New X shape: (360, 40, 2001)"}
{"type": "info", "message": "No metadata found. Using temporal slice..."}
{"type": "info", "message": "Augmenting training data... Original shape: (288, 40, 2001)"}
{"type": "info", "message": "Augmented shape: (864, 40, 2001)"}
{"type": "progress", "message": "Training GPU-Accelerated MiniRocket..."}
[MiniRocketPipeline] Using device: cuda
Error calculating metrics: CUDA out of memory. Tried to allocate 4.77 GiB. GPU 0 has a total capacity of 6.00 GiB of which 0 bytes is free. Of the allocated memory 6.05 GiB is allocated by PyTorch, and 4.75 GiB is reserved by PyTorch but unallocated. If reserved but unallocated memory is large try setting PYTORCH_CUDA_ALLOC_CONF=expandable_segments:True to avoid fragmentation.  See documentation for Memory Management  (https://pytorch.org/docs/stable/notes/cuda.html#environment-variables)
[MiniRocketPipeline] Extracting PPV features on GPU...
[MiniRocketPipeline] Training GPU MLP Head...
[MiniRocketPipeline] Done in 47.50s
{"type": "complete", "message": "Training completed successfully for MiniRocket on master_highgamma!", "final_val_acc": 0.4166666666666667, "latency_ms": 116.09411239624023}

======================================
Training Model: CNN-LSTM on Dataset: HighGamma
======================================
{"type": "info", "message": "Selecting top 40 channels based on variance..."}
{"type": "info", "message": "New X shape: (360, 40, 2001)"}
{"type": "info", "message": "No metadata found. Using temporal slice..."}
{"type": "info", "message": "Augmenting training data... Original shape: (288, 40, 2001)"}
{"type": "info", "message": "Augmented shape: (864, 40, 2001)"}
{"type": "progress", "message": "Training CNN-LSTM Baseline..."}
{"type": "reset_chart"}
{"type": "epoch", "epoch": "1/100", "train_loss": 1.1016303168402777, "train_acc": 0.3113425925925926, "val_loss": 1.0967118740081787, "val_acc": 0.3055555555555556}
{"type": "epoch", "epoch": "2/100", "train_loss": 1.0849066840277777, "train_acc": 0.4340277777777778, "val_loss": 1.089210867881775, "val_acc": 0.3888888888888889}
{"type": "epoch", "epoch": "3/100", "train_loss": 1.0515012387876157, "train_acc": 0.4930555555555556, "val_loss": 1.1500660181045532, "val_acc": 0.4444444444444444}
{"type": "epoch", "epoch": "4/100", "train_loss": 0.9513682612666378, "train_acc": 0.5347222222222222, "val_loss": 1.0732345581054688, "val_acc": 0.3888888888888889}
{"type": "epoch", "epoch": "5/100", "train_loss": 0.8384007347954644, "train_acc": 0.5740740740740741, "val_loss": 1.2179012298583984, "val_acc": 0.3888888888888889}
{"type": "epoch", "epoch": "6/100", "train_loss": 0.8158876630995009, "train_acc": 0.5949074074074074, "val_loss": 1.1113471984863281, "val_acc": 0.4444444444444444}
{"type": "epoch", "epoch": "7/100", "train_loss": 0.74846762197989, "train_acc": 0.6284722222222222, "val_loss": 1.0626386404037476, "val_acc": 0.4722222222222222}
{"type": "epoch", "epoch": "8/100", "train_loss": 0.650749233033922, "train_acc": 0.6840277777777778, "val_loss": 1.1060923337936401, "val_acc": 0.4722222222222222}
{"type": "epoch", "epoch": "9/100", "train_loss": 0.7548544186132925, "train_acc": 0.6377314814814815, "val_loss": 1.2784582376480103, "val_acc": 0.5277777777777778}
{"type": "epoch", "epoch": "10/100", "train_loss": 0.7574206369894522, "train_acc": 0.6180555555555556, "val_loss": 1.0789896249771118, "val_acc": 0.4722222222222222}
{"type": "epoch", "epoch": "11/100", "train_loss": 0.6041121659455476, "train_acc": 0.7013888888888888, "val_loss": 1.1369167566299438, "val_acc": 0.4166666666666667}
{"type": "epoch", "epoch": "12/100", "train_loss": 0.593844661006221, "train_acc": 0.7164351851851852, "val_loss": 1.4778566360473633, "val_acc": 0.3055555555555556}
{"type": "epoch", "epoch": "13/100", "train_loss": 0.5519891800703826, "train_acc": 0.7407407407407407, "val_loss": 1.403501272201538, "val_acc": 0.4722222222222222}
{"type": "epoch", "epoch": "14/100", "train_loss": 0.5402255521880256, "train_acc": 0.7326388888888888, "val_loss": 1.9756486415863037, "val_acc": 0.3611111111111111}
{"type": "epoch", "epoch": "15/100", "train_loss": 0.505564084759465, "train_acc": 0.7442129629629629, "val_loss": 1.9678350687026978, "val_acc": 0.3888888888888889}
{"type": "epoch", "epoch": "16/100", "train_loss": 0.42391972409354317, "train_acc": 0.8113425925925926, "val_loss": 2.5137431621551514, "val_acc": 0.4166666666666667}
{"type": "epoch", "epoch": "17/100", "train_loss": 0.43418112838709794, "train_acc": 0.7939814814814815, "val_loss": 2.7815558910369873, "val_acc": 0.4166666666666667}
{"type": "epoch", "epoch": "18/100", "train_loss": 0.4166445125032354, "train_acc": 0.8032407407407407, "val_loss": 2.263476848602295, "val_acc": 0.3333333333333333}
{"type": "epoch", "epoch": "19/100", "train_loss": 0.3495899902449714, "train_acc": 0.8506944444444444, "val_loss": 2.288559913635254, "val_acc": 0.3611111111111111}
{"type": "epoch", "epoch": "20/100", "train_loss": 0.3743143545256721, "train_acc": 0.8240740740740741, "val_loss": 3.3073437213897705, "val_acc": 0.3333333333333333}
{"type": "epoch", "epoch": "21/100", "train_loss": 0.3947996695836385, "train_acc": 0.8240740740740741, "val_loss": 2.1661298274993896, "val_acc": 0.3888888888888889}
{"type": "epoch", "epoch": "22/100", "train_loss": 0.47695097547990306, "train_acc": 0.7928240740740741, "val_loss": 1.9635734558105469, "val_acc": 0.4166666666666667}
{"type": "epoch", "epoch": "23/100", "train_loss": 0.39878252810902065, "train_acc": 0.8252314814814815, "val_loss": 2.5431480407714844, "val_acc": 0.3333333333333333}
{"type": "epoch", "epoch": "24/100", "train_loss": 0.3621191790810338, "train_acc": 0.8449074074074074, "val_loss": 2.198680877685547, "val_acc": 0.3888888888888889}
{"type": "epoch", "epoch": "25/100", "train_loss": 0.29017865988943314, "train_acc": 0.8900462962962963, "val_loss": 2.733470916748047, "val_acc": 0.4166666666666667}
{"type": "epoch", "epoch": "26/100", "train_loss": 0.24881838041323204, "train_acc": 0.9120370370370371, "val_loss": 3.607865571975708, "val_acc": 0.3055555555555556}
{"type": "epoch", "epoch": "27/100", "train_loss": 0.336868519032443, "train_acc": 0.8726851851851852, "val_loss": 3.5783588886260986, "val_acc": 0.4166666666666667}
{"type": "epoch", "epoch": "28/100", "train_loss": 0.20321876914412887, "train_acc": 0.9351851851851852, "val_loss": 4.090227127075195, "val_acc": 0.3611111111111111}
{"type": "epoch", "epoch": "29/100", "train_loss": 0.36348223906976207, "train_acc": 0.8483796296296297, "val_loss": 4.648759841918945, "val_acc": 0.4166666666666667}
{"type": "epoch", "epoch": "30/100", "train_loss": 0.31721447353009824, "train_acc": 0.8761574074074074, "val_loss": 2.392805814743042, "val_acc": 0.3611111111111111}
{"type": "epoch", "epoch": "31/100", "train_loss": 0.22761370959105315, "train_acc": 0.9120370370370371, "val_loss": 2.707623243331909, "val_acc": 0.3333333333333333}
{"type": "epoch", "epoch": "32/100", "train_loss": 0.3718840181827545, "train_acc": 0.8495370370370371, "val_loss": 3.310581684112549, "val_acc": 0.3055555555555556}
{"type": "epoch", "epoch": "33/100", "train_loss": 0.2165938295699932, "train_acc": 0.9247685185185185, "val_loss": 2.996864080429077, "val_acc": 0.3611111111111111}
{"type": "epoch", "epoch": "34/100", "train_loss": 0.24559474322530958, "train_acc": 0.9039351851851852, "val_loss": 2.9699220657348633, "val_acc": 0.3888888888888889}
{"type": "epoch", "epoch": "35/100", "train_loss": 0.17572794219961874, "train_acc": 0.9467592592592593, "val_loss": 3.044692039489746, "val_acc": 0.3888888888888889}
{"type": "epoch", "epoch": "36/100", "train_loss": 0.1774333064202909, "train_acc": 0.9351851851851852, "val_loss": 2.720318078994751, "val_acc": 0.3333333333333333}
{"type": "epoch", "epoch": "37/100", "train_loss": 0.14530020345140388, "train_acc": 0.9513888888888888, "val_loss": 2.4440393447875977, "val_acc": 0.3888888888888889}
{"type": "epoch", "epoch": "38/100", "train_loss": 0.29742535948753357, "train_acc": 0.8958333333333334, "val_loss": 2.6208529472351074, "val_acc": 0.3611111111111111}
{"type": "epoch", "epoch": "39/100", "train_loss": 0.2659077164199617, "train_acc": 0.8900462962962963, "val_loss": 4.0083818435668945, "val_acc": 0.4722222222222222}
{"type": "epoch", "epoch": "40/100", "train_loss": 0.14550714553506286, "train_acc": 0.9467592592592593, "val_loss": 4.385273456573486, "val_acc": 0.4166666666666667}
{"type": "epoch", "epoch": "41/100", "train_loss": 0.10291692214431586, "train_acc": 0.9733796296296297, "val_loss": 3.1753718852996826, "val_acc": 0.3888888888888889}
{"type": "epoch", "epoch": "42/100", "train_loss": 0.07247962057590485, "train_acc": 0.9872685185185185, "val_loss": 3.1608619689941406, "val_acc": 0.3611111111111111}
{"type": "epoch", "epoch": "43/100", "train_loss": 0.12245647871383915, "train_acc": 0.9664351851851852, "val_loss": 3.2577078342437744, "val_acc": 0.4166666666666667}
{"type": "epoch", "epoch": "44/100", "train_loss": 0.12461168250000035, "train_acc": 0.9583333333333334, "val_loss": 3.1876790523529053, "val_acc": 0.3333333333333333}
{"type": "epoch", "epoch": "45/100", "train_loss": 0.05322313405297421, "train_acc": 0.9861111111111112, "val_loss": 4.066030979156494, "val_acc": 0.3888888888888889}
{"type": "epoch", "epoch": "46/100", "train_loss": 0.061515800240967006, "train_acc": 0.9837962962962963, "val_loss": 3.9257431030273438, "val_acc": 0.3888888888888889}
{"type": "epoch", "epoch": "47/100", "train_loss": 0.0806356527739101, "train_acc": 0.9756944444444444, "val_loss": 4.111743927001953, "val_acc": 0.3333333333333333}
{"type": "epoch", "epoch": "48/100", "train_loss": 0.0514023549578808, "train_acc": 0.9826388888888888, "val_loss": 3.5407485961914062, "val_acc": 0.4166666666666667}
{"type": "epoch", "epoch": "49/100", "train_loss": 0.05939794649128561, "train_acc": 0.9861111111111112, "val_loss": 4.03283166885376, "val_acc": 0.4166666666666667}
{"type": "epoch", "epoch": "50/100", "train_loss": 0.02488387182906822, "train_acc": 0.9930555555555556, "val_loss": 4.226416110992432, "val_acc": 0.3888888888888889}
{"type": "epoch", "epoch": "51/100", "train_loss": 0.029399901490520547, "train_acc": 0.9895833333333334, "val_loss": 3.926767587661743, "val_acc": 0.3611111111111111}
{"type": "epoch", "epoch": "52/100", "train_loss": 0.06160437191526095, "train_acc": 0.9837962962962963, "val_loss": 4.407536506652832, "val_acc": 0.3611111111111111}
{"type": "epoch", "epoch": "53/100", "train_loss": 0.052663592138776076, "train_acc": 0.9837962962962963, "val_loss": 4.176309585571289, "val_acc": 0.3055555555555556}
{"type": "epoch", "epoch": "54/100", "train_loss": 0.024050145513481565, "train_acc": 0.9942129629629629, "val_loss": 4.549046039581299, "val_acc": 0.3333333333333333}
{"type": "epoch", "epoch": "55/100", "train_loss": 0.03473334883650144, "train_acc": 0.9918981481481481, "val_loss": 4.017675399780273, "val_acc": 0.2777777777777778}
{"type": "epoch", "epoch": "56/100", "train_loss": 0.008541606780555513, "train_acc": 1.0, "val_loss": 4.193783760070801, "val_acc": 0.4444444444444444}
{"type": "epoch", "epoch": "57/100", "train_loss": 0.026523150089714263, "train_acc": 0.9953703703703703, "val_loss": 4.365507125854492, "val_acc": 0.2777777777777778}
{"type": "epoch", "epoch": "58/100", "train_loss": 0.006879329957343914, "train_acc": 0.9988425925925926, "val_loss": 4.943933963775635, "val_acc": 0.3611111111111111}
{"type": "epoch", "epoch": "59/100", "train_loss": 0.006920305943047559, "train_acc": 0.9988425925925926, "val_loss": 4.731420993804932, "val_acc": 0.4166666666666667}
{"type": "complete", "message": "Training completed successfully for CNN-LSTM on master_highgamma!", "final_val_acc": 0.6666666666666666, "latency_ms": 18.887042999267578}

======================================
Training Model: Advanced Transformer on Dataset: HighGamma
======================================
{"type": "info", "message": "Selecting top 40 channels based on variance..."}
{"type": "info", "message": "New X shape: (360, 40, 2001)"}
{"type": "info", "message": "No metadata found. Using temporal slice..."}
{"type": "info", "message": "Augmenting training data... Original shape: (288, 40, 2001)"}
{"type": "info", "message": "Augmented shape: (864, 40, 2001)"}
{"type": "progress", "message": "Training Advanced Transformer (Conformer)..."}
{"type": "reset_chart"}
[AdvancedEEGPipeline] Using device: cuda
D:\pip_packages\torch\nn\modules\conv.py:549: UserWarning: Using padding='same' with even kernel lengths and odd dilation may require a zero-padded copy of the input be created (Triggered internally at C:\actions-runner\_work\pytorch\pytorch\pytorch\aten\src\ATen\native\Convolution.cpp:1037.)
  return F.conv2d(
{"type": "epoch", "epoch": "1/100", "train_loss": 1.1083085877554757, "train_acc": 0.36921296296296297, "val_loss": 1.0996735095977783, "val_acc": 0.3333333333333333}
{"type": "epoch", "epoch": "2/100", "train_loss": 1.0680250780923026, "train_acc": 0.4039351851851852, "val_loss": 1.088786244392395, "val_acc": 0.3611111111111111}
{"type": "epoch", "epoch": "3/100", "train_loss": 1.0307441779545374, "train_acc": 0.47800925925925924, "val_loss": 1.0663608312606812, "val_acc": 0.5277777777777778}
{"type": "epoch", "epoch": "4/100", "train_loss": 1.0028123685291834, "train_acc": 0.48032407407407407, "val_loss": 1.0340632200241089, "val_acc": 0.4722222222222222}
{"type": "epoch", "epoch": "5/100", "train_loss": 0.9598075023719242, "train_acc": 0.5324074074074074, "val_loss": 0.9902636408805847, "val_acc": 0.5833333333333334}
{"type": "epoch", "epoch": "6/100", "train_loss": 0.9126747420855931, "train_acc": 0.5509259259259259, "val_loss": 0.9936039447784424, "val_acc": 0.5277777777777778}
{"type": "epoch", "epoch": "7/100", "train_loss": 0.8679041947637286, "train_acc": 0.5833333333333334, "val_loss": 1.070439338684082, "val_acc": 0.3888888888888889}
{"type": "epoch", "epoch": "8/100", "train_loss": 0.8302371416773114, "train_acc": 0.6030092592592593, "val_loss": 1.4702872037887573, "val_acc": 0.3333333333333333}
{"type": "epoch", "epoch": "9/100", "train_loss": 0.809622028044292, "train_acc": 0.6226851851851852, "val_loss": 1.0917466878890991, "val_acc": 0.5277777777777778}
{"type": "epoch", "epoch": "10/100", "train_loss": 0.7628544867038727, "train_acc": 0.6597222222222222, "val_loss": 0.926973819732666, "val_acc": 0.5277777777777778}
{"type": "epoch", "epoch": "11/100", "train_loss": 0.6898545963423592, "train_acc": 0.7037037037037037, "val_loss": 1.118972897529602, "val_acc": 0.4444444444444444}
{"type": "epoch", "epoch": "12/100", "train_loss": 0.6361457790647235, "train_acc": 0.7546296296296297, "val_loss": 3.0385708808898926, "val_acc": 0.3333333333333333}
{"type": "epoch", "epoch": "13/100", "train_loss": 0.5932373404502869, "train_acc": 0.7708333333333334, "val_loss": 1.434178113937378, "val_acc": 0.3888888888888889}
{"type": "epoch", "epoch": "14/100", "train_loss": 0.557055230651583, "train_acc": 0.7951388888888888, "val_loss": 1.217380404472351, "val_acc": 0.5555555555555556}
{"type": "epoch", "epoch": "15/100", "train_loss": 0.46230983308383394, "train_acc": 0.8668981481481481, "val_loss": 3.0014219284057617, "val_acc": 0.3888888888888889}
{"type": "epoch", "epoch": "16/100", "train_loss": 0.43299384840897154, "train_acc": 0.8842592592592593, "val_loss": 1.4272741079330444, "val_acc": 0.4444444444444444}
{"type": "epoch", "epoch": "17/100", "train_loss": 0.4025182660136904, "train_acc": 0.8923611111111112, "val_loss": 3.3285040855407715, "val_acc": 0.2777777777777778}
{"type": "epoch", "epoch": "18/100", "train_loss": 0.3356434106826782, "train_acc": 0.9305555555555556, "val_loss": 2.157987594604492, "val_acc": 0.4722222222222222}
{"type": "epoch", "epoch": "19/100", "train_loss": 0.3101275861263275, "train_acc": 0.9398148148148148, "val_loss": 1.7033123970031738, "val_acc": 0.5833333333333334}
{"type": "epoch", "epoch": "20/100", "train_loss": 0.28066728689840864, "train_acc": 0.9618055555555556, "val_loss": 2.069223642349243, "val_acc": 0.4722222222222222}
{"type": "epoch", "epoch": "21/100", "train_loss": 0.2743239104747772, "train_acc": 0.9618055555555556, "val_loss": 3.319349527359009, "val_acc": 0.3333333333333333}
{"type": "epoch", "epoch": "22/100", "train_loss": 0.27681769004889895, "train_acc": 0.9594907407407407, "val_loss": 1.7661926746368408, "val_acc": 0.4722222222222222}
{"type": "epoch", "epoch": "23/100", "train_loss": 0.24155179198299134, "train_acc": 0.9745370370370371, "val_loss": 1.753265380859375, "val_acc": 0.5555555555555556}
{"type": "epoch", "epoch": "24/100", "train_loss": 0.22741072092737472, "train_acc": 0.9930555555555556, "val_loss": 1.7620741128921509, "val_acc": 0.5277777777777778}
{"type": "epoch", "epoch": "25/100", "train_loss": 0.22104837000370026, "train_acc": 0.9907407407407407, "val_loss": 3.464664936065674, "val_acc": 0.3611111111111111}
{"type": "epoch", "epoch": "26/100", "train_loss": 0.22848750757319586, "train_acc": 0.9826388888888888, "val_loss": 2.8659722805023193, "val_acc": 0.5833333333333334}
{"type": "epoch", "epoch": "27/100", "train_loss": 0.21776453724929265, "train_acc": 0.9895833333333334, "val_loss": 2.1503448486328125, "val_acc": 0.4722222222222222}
{"type": "epoch", "epoch": "28/100", "train_loss": 0.22907258250883647, "train_acc": 0.9814814814814815, "val_loss": 2.5027995109558105, "val_acc": 0.3888888888888889}
{"type": "epoch", "epoch": "29/100", "train_loss": 0.21109186006443842, "train_acc": 0.9930555555555556, "val_loss": 1.9742980003356934, "val_acc": 0.5}
{"type": "epoch", "epoch": "30/100", "train_loss": 0.21078799026353018, "train_acc": 0.9895833333333334, "val_loss": 3.1007041931152344, "val_acc": 0.3333333333333333}
{"type": "epoch", "epoch": "31/100", "train_loss": 0.2041597834655217, "train_acc": 0.9918981481481481, "val_loss": 1.839416742324829, "val_acc": 0.4722222222222222}
{"type": "epoch", "epoch": "32/100", "train_loss": 0.19962414034775325, "train_acc": 0.9976851851851852, "val_loss": 1.7090685367584229, "val_acc": 0.4166666666666667}
{"type": "epoch", "epoch": "33/100", "train_loss": 0.19441003565277373, "train_acc": 0.9988425925925926, "val_loss": 1.656468152999878, "val_acc": 0.5833333333333334}
{"type": "epoch", "epoch": "34/100", "train_loss": 0.19853745294468744, "train_acc": 0.9965277777777778, "val_loss": 1.6432859897613525, "val_acc": 0.5}
{"type": "epoch", "epoch": "35/100", "train_loss": 0.1921545064875058, "train_acc": 1.0, "val_loss": 1.656274437904358, "val_acc": 0.4444444444444444}
{"type": "epoch", "epoch": "36/100", "train_loss": 0.18893176636525563, "train_acc": 1.0, "val_loss": 1.4608142375946045, "val_acc": 0.5555555555555556}
{"type": "epoch", "epoch": "37/100", "train_loss": 0.18866558692284993, "train_acc": 0.9988425925925926, "val_loss": 2.7972757816314697, "val_acc": 0.4166666666666667}
{"type": "epoch", "epoch": "38/100", "train_loss": 0.18946212530136108, "train_acc": 0.9953703703703703, "val_loss": 1.7495903968811035, "val_acc": 0.5277777777777778}
{"type": "epoch", "epoch": "39/100", "train_loss": 0.18903393298387527, "train_acc": 0.9988425925925926, "val_loss": 1.7903754711151123, "val_acc": 0.4722222222222222}
{"type": "epoch", "epoch": "40/100", "train_loss": 0.19141068096671784, "train_acc": 0.9976851851851852, "val_loss": 1.5881096124649048, "val_acc": 0.5}
{"type": "epoch", "epoch": "41/100", "train_loss": 0.18772781640291214, "train_acc": 1.0, "val_loss": 1.5117559432983398, "val_acc": 0.5}
{"type": "epoch", "epoch": "42/100", "train_loss": 0.18416901145662581, "train_acc": 1.0, "val_loss": 1.442934274673462, "val_acc": 0.5555555555555556}
{"type": "epoch", "epoch": "43/100", "train_loss": 0.1815011671611241, "train_acc": 1.0, "val_loss": 1.427947998046875, "val_acc": 0.5277777777777778}
{"type": "epoch", "epoch": "44/100", "train_loss": 0.1820188100848879, "train_acc": 1.0, "val_loss": 1.7051661014556885, "val_acc": 0.4722222222222222}
{"type": "epoch", "epoch": "45/100", "train_loss": 0.18718839968953813, "train_acc": 0.9965277777777778, "val_loss": 1.7586489915847778, "val_acc": 0.5833333333333334}
{"type": "epoch", "epoch": "46/100", "train_loss": 0.18672758873019898, "train_acc": 0.9988425925925926, "val_loss": 1.7167110443115234, "val_acc": 0.4444444444444444}
{"type": "epoch", "epoch": "47/100", "train_loss": 0.1848786547780037, "train_acc": 1.0, "val_loss": 1.6272438764572144, "val_acc": 0.4444444444444444}
{"type": "epoch", "epoch": "48/100", "train_loss": 0.18263675272464752, "train_acc": 1.0, "val_loss": 1.6457544565200806, "val_acc": 0.4722222222222222}
{"type": "epoch", "epoch": "49/100", "train_loss": 0.18234821089676448, "train_acc": 1.0, "val_loss": 1.5730360746383667, "val_acc": 0.5}
{"type": "epoch", "epoch": "50/100", "train_loss": 0.18150246143341064, "train_acc": 1.0, "val_loss": 1.6218372583389282, "val_acc": 0.5555555555555556}
{"type": "epoch", "epoch": "51/100", "train_loss": 0.18083695960896357, "train_acc": 1.0, "val_loss": 1.487925410270691, "val_acc": 0.5}
{"type": "epoch", "epoch": "52/100", "train_loss": 0.17880149717841828, "train_acc": 1.0, "val_loss": 1.4966505765914917, "val_acc": 0.4722222222222222}
{"type": "epoch", "epoch": "53/100", "train_loss": 0.18084079452923366, "train_acc": 1.0, "val_loss": 1.9534026384353638, "val_acc": 0.4166666666666667}
{"type": "epoch", "epoch": "54/100", "train_loss": 0.17849697598389216, "train_acc": 1.0, "val_loss": 1.5779157876968384, "val_acc": 0.4722222222222222}
{"type": "epoch", "epoch": "55/100", "train_loss": 0.18242373317480087, "train_acc": 0.9976851851851852, "val_loss": 1.6073461771011353, "val_acc": 0.5555555555555556}
{"type": "epoch", "epoch": "56/100", "train_loss": 0.17924394458532333, "train_acc": 1.0, "val_loss": 1.5341914892196655, "val_acc": 0.5833333333333334}
{"type": "epoch", "epoch": "57/100", "train_loss": 0.1781004241534642, "train_acc": 1.0, "val_loss": 1.559456706047058, "val_acc": 0.4722222222222222}
{"type": "epoch", "epoch": "58/100", "train_loss": 0.17714971942561014, "train_acc": 1.0, "val_loss": 1.588999629020691, "val_acc": 0.4444444444444444}
{"type": "epoch", "epoch": "59/100", "train_loss": 0.1766699424811772, "train_acc": 1.0, "val_loss": 1.4935965538024902, "val_acc": 0.5277777777777778}
{"type": "epoch", "epoch": "60/100", "train_loss": 0.17860028786318644, "train_acc": 1.0, "val_loss": 1.6375677585601807, "val_acc": 0.5555555555555556}
{"type": "epoch", "epoch": "61/100", "train_loss": 0.17953842878341675, "train_acc": 1.0, "val_loss": 1.5840882062911987, "val_acc": 0.5}
{"type": "epoch", "epoch": "62/100", "train_loss": 0.17667390619005477, "train_acc": 1.0, "val_loss": 1.5974990129470825, "val_acc": 0.5277777777777778}
{"type": "epoch", "epoch": "63/100", "train_loss": 0.17919331789016724, "train_acc": 0.9988425925925926, "val_loss": 1.7233543395996094, "val_acc": 0.4722222222222222}
{"type": "epoch", "epoch": "64/100", "train_loss": 0.17877763296876634, "train_acc": 1.0, "val_loss": 1.5899831056594849, "val_acc": 0.4444444444444444}
{"type": "epoch", "epoch": "65/100", "train_loss": 0.17796919814177922, "train_acc": 0.9988425925925926, "val_loss": 1.674555778503418, "val_acc": 0.5555555555555556}
{"type": "epoch", "epoch": "66/100", "train_loss": 0.177663654088974, "train_acc": 1.0, "val_loss": 1.5613857507705688, "val_acc": 0.5}
{"type": "epoch", "epoch": "67/100", "train_loss": 0.17639632735933578, "train_acc": 1.0, "val_loss": 1.6564421653747559, "val_acc": 0.5277777777777778}
{"type": "epoch", "epoch": "68/100", "train_loss": 0.17604374885559082, "train_acc": 1.0, "val_loss": 1.5362536907196045, "val_acc": 0.4166666666666667}
{"type": "epoch", "epoch": "69/100", "train_loss": 0.17564204335212708, "train_acc": 1.0, "val_loss": 1.5267226696014404, "val_acc": 0.4722222222222222}
{"type": "epoch", "epoch": "70/100", "train_loss": 0.17622668934719904, "train_acc": 1.0, "val_loss": 1.7166932821273804, "val_acc": 0.5277777777777778}
{"type": "epoch", "epoch": "71/100", "train_loss": 0.175957624401365, "train_acc": 1.0, "val_loss": 1.5233078002929688, "val_acc": 0.5277777777777778}
{"type": "epoch", "epoch": "72/100", "train_loss": 0.17576343353305543, "train_acc": 1.0, "val_loss": 1.5481667518615723, "val_acc": 0.4722222222222222}
{"type": "epoch", "epoch": "73/100", "train_loss": 0.17445030808448792, "train_acc": 1.0, "val_loss": 1.4998539686203003, "val_acc": 0.4722222222222222}
{"type": "epoch", "epoch": "74/100", "train_loss": 0.17618782073259354, "train_acc": 1.0, "val_loss": 1.5521948337554932, "val_acc": 0.5277777777777778}
{"type": "epoch", "epoch": "75/100", "train_loss": 0.17557682203395025, "train_acc": 1.0, "val_loss": 1.6288260221481323, "val_acc": 0.5}
{"type": "epoch", "epoch": "76/100", "train_loss": 0.17566360426800592, "train_acc": 1.0, "val_loss": 1.5646580457687378, "val_acc": 0.5}
{"type": "epoch", "epoch": "77/100", "train_loss": 0.17574367033583776, "train_acc": 1.0, "val_loss": 1.5611345767974854, "val_acc": 0.5}
{"type": "epoch", "epoch": "78/100", "train_loss": 0.17408950520413263, "train_acc": 1.0, "val_loss": 1.555535912513733, "val_acc": 0.4444444444444444}
{"type": "epoch", "epoch": "79/100", "train_loss": 0.17616398419652665, "train_acc": 1.0, "val_loss": 1.596483588218689, "val_acc": 0.5277777777777778}
{"type": "epoch", "epoch": "80/100", "train_loss": 0.17652363223688944, "train_acc": 0.9988425925925926, "val_loss": 1.5874258279800415, "val_acc": 0.4722222222222222}
{"type": "epoch", "epoch": "81/100", "train_loss": 0.1762366220355034, "train_acc": 1.0, "val_loss": 1.5336830615997314, "val_acc": 0.4722222222222222}
{"type": "epoch", "epoch": "82/100", "train_loss": 0.1753457933664322, "train_acc": 1.0, "val_loss": 1.5512930154800415, "val_acc": 0.5277777777777778}
{"type": "epoch", "epoch": "83/100", "train_loss": 0.17545596190861293, "train_acc": 1.0, "val_loss": 1.531288981437683, "val_acc": 0.5}
{"type": "epoch", "epoch": "84/100", "train_loss": 0.17519050410815648, "train_acc": 0.9988425925925926, "val_loss": 1.6305139064788818, "val_acc": 0.5555555555555556}
{"type": "epoch", "epoch": "85/100", "train_loss": 0.17486859006541117, "train_acc": 1.0, "val_loss": 1.524439811706543, "val_acc": 0.5}
{"type": "epoch", "epoch": "86/100", "train_loss": 0.17503218459231512, "train_acc": 1.0, "val_loss": 1.5032401084899902, "val_acc": 0.5}
{"type": "epoch", "epoch": "87/100", "train_loss": 0.17492871305772237, "train_acc": 1.0, "val_loss": 1.5585970878601074, "val_acc": 0.5}
{"type": "epoch", "epoch": "88/100", "train_loss": 0.1751965433359146, "train_acc": 1.0, "val_loss": 1.584844946861267, "val_acc": 0.5}
{"type": "epoch", "epoch": "89/100", "train_loss": 0.17483844182321004, "train_acc": 1.0, "val_loss": 1.5329755544662476, "val_acc": 0.4444444444444444}
{"type": "epoch", "epoch": "90/100", "train_loss": 0.17333750213895524, "train_acc": 1.0, "val_loss": 1.509848713874817, "val_acc": 0.4722222222222222}
{"type": "epoch", "epoch": "91/100", "train_loss": 0.1739662108676774, "train_acc": 1.0, "val_loss": 1.502764344215393, "val_acc": 0.4722222222222222}
{"type": "epoch", "epoch": "92/100", "train_loss": 0.17687629482575826, "train_acc": 1.0, "val_loss": 1.5221760272979736, "val_acc": 0.4444444444444444}
{"type": "epoch", "epoch": "93/100", "train_loss": 0.17434847674199513, "train_acc": 1.0, "val_loss": 1.5230400562286377, "val_acc": 0.4722222222222222}
{"type": "epoch", "epoch": "94/100", "train_loss": 0.1745998156922204, "train_acc": 1.0, "val_loss": 1.5298104286193848, "val_acc": 0.5}
{"type": "epoch", "epoch": "95/100", "train_loss": 0.173723538007055, "train_acc": 1.0, "val_loss": 1.5355286598205566, "val_acc": 0.5277777777777778}
{"type": "epoch", "epoch": "96/100", "train_loss": 0.17435851054532187, "train_acc": 1.0, "val_loss": 1.535004734992981, "val_acc": 0.5277777777777778}
{"type": "epoch", "epoch": "97/100", "train_loss": 0.17496823625905172, "train_acc": 1.0, "val_loss": 1.5299667119979858, "val_acc": 0.4722222222222222}
{"type": "epoch", "epoch": "98/100", "train_loss": 0.17382129281759262, "train_acc": 1.0, "val_loss": 1.530053973197937, "val_acc": 0.4722222222222222}
{"type": "epoch", "epoch": "99/100", "train_loss": 0.17414597528321402, "train_acc": 1.0, "val_loss": 1.5344691276550293, "val_acc": 0.5277777777777778}
{"type": "epoch", "epoch": "100/100", "train_loss": 0.17448076818670546, "train_acc": 1.0, "val_loss": 1.5317158699035645, "val_acc": 0.5277777777777778}
[AdvancedEEGPipeline] Done in 819.73s
{"type": "complete", "message": "Training completed successfully for Advanced Transformer on master_highgamma!", "final_val_acc": 0.5833333333333334, "latency_ms": 76.6148567199707}

======================================
Training Model: EEGNet on Dataset: HighGamma
======================================
{"type": "info", "message": "Selecting top 40 channels based on variance..."}
{"type": "info", "message": "New X shape: (360, 40, 2001)"}
{"type": "info", "message": "No metadata found. Using temporal slice..."}
{"type": "info", "message": "Augmenting training data... Original shape: (288, 40, 2001)"}
{"type": "info", "message": "Augmented shape: (864, 40, 2001)"}
{"type": "progress", "message": "Training EEGNet..."}
{"type": "reset_chart"}
D:\pip_packages\torch\nn\modules\conv.py:549: UserWarning: Using padding='same' with even kernel lengths and odd dilation may require a zero-padded copy of the input be created (Triggered internally at C:\actions-runner\_work\pytorch\pytorch\pytorch\aten\src\ATen\native\Convolution.cpp:1037.)
  return F.conv2d(
{"type": "epoch", "epoch": 1, "total_epochs": 100, "train_loss": 1.03932613796658, "train_acc": 0.4664351851851852, "val_loss": 1.0779775381088257, "val_acc": 0.4166666666666667}
{"type": "epoch", "epoch": "1/100", "train_loss": 1.03932613796658, "train_acc": 0.4664351851851852, "val_loss": 1.0779775381088257, "val_acc": 0.4166666666666667}
{"type": "epoch", "epoch": 2, "total_epochs": 100, "train_loss": 0.8752485204626013, "train_acc": 0.6134259259259259, "val_loss": 0.9545975923538208, "val_acc": 0.5}
{"type": "epoch", "epoch": "2/100", "train_loss": 0.8752485204626013, "train_acc": 0.6134259259259259, "val_loss": 0.9545975923538208, "val_acc": 0.5}
{"type": "epoch", "epoch": 3, "total_epochs": 100, "train_loss": 0.7468458634835703, "train_acc": 0.6770833333333334, "val_loss": 0.976477861404419, "val_acc": 0.4722222222222222}
{"type": "epoch", "epoch": "3/100", "train_loss": 0.7468458634835703, "train_acc": 0.6770833333333334, "val_loss": 0.976477861404419, "val_acc": 0.4722222222222222}
{"type": "epoch", "epoch": 4, "total_epochs": 100, "train_loss": 0.6341154045528836, "train_acc": 0.7361111111111112, "val_loss": 0.9639151096343994, "val_acc": 0.5277777777777778}
{"type": "epoch", "epoch": "4/100", "train_loss": 0.6341154045528836, "train_acc": 0.7361111111111112, "val_loss": 0.9639151096343994, "val_acc": 0.5277777777777778}
{"type": "epoch", "epoch": 5, "total_epochs": 100, "train_loss": 0.515153999681826, "train_acc": 0.8043981481481481, "val_loss": 1.0224767923355103, "val_acc": 0.5}
{"type": "epoch", "epoch": "5/100", "train_loss": 0.515153999681826, "train_acc": 0.8043981481481481, "val_loss": 1.0224767923355103, "val_acc": 0.5}
{"type": "epoch", "epoch": 6, "total_epochs": 100, "train_loss": 0.4116118351618449, "train_acc": 0.8425925925925926, "val_loss": 1.0898842811584473, "val_acc": 0.5}
{"type": "epoch", "epoch": "6/100", "train_loss": 0.4116118351618449, "train_acc": 0.8425925925925926, "val_loss": 1.0898842811584473, "val_acc": 0.5}
{"type": "epoch", "epoch": 7, "total_epochs": 100, "train_loss": 0.37210987894623365, "train_acc": 0.8391203703703703, "val_loss": 1.1218376159667969, "val_acc": 0.5555555555555556}
{"type": "epoch", "epoch": "7/100", "train_loss": 0.37210987894623365, "train_acc": 0.8391203703703703, "val_loss": 1.1218376159667969, "val_acc": 0.5555555555555556}
{"type": "epoch", "epoch": 8, "total_epochs": 100, "train_loss": 0.31085681915283203, "train_acc": 0.8831018518518519, "val_loss": 1.3951536417007446, "val_acc": 0.5555555555555556}
{"type": "epoch", "epoch": "8/100", "train_loss": 0.31085681915283203, "train_acc": 0.8831018518518519, "val_loss": 1.3951536417007446, "val_acc": 0.5555555555555556}
{"type": "epoch", "epoch": 9, "total_epochs": 100, "train_loss": 0.22712587427209924, "train_acc": 0.9224537037037037, "val_loss": 1.4638067483901978, "val_acc": 0.5833333333333334}
{"type": "epoch", "epoch": "9/100", "train_loss": 0.22712587427209924, "train_acc": 0.9224537037037037, "val_loss": 1.4638067483901978, "val_acc": 0.5833333333333334}
{"type": "epoch", "epoch": 10, "total_epochs": 100, "train_loss": 0.1806992789109548, "train_acc": 0.9467592592592593, "val_loss": 1.3974416255950928, "val_acc": 0.5555555555555556}
{"type": "epoch", "epoch": "10/100", "train_loss": 0.1806992789109548, "train_acc": 0.9467592592592593, "val_loss": 1.3974416255950928, "val_acc": 0.5555555555555556}
{"type": "epoch", "epoch": 11, "total_epochs": 100, "train_loss": 0.12750462194283804, "train_acc": 0.9710648148148148, "val_loss": 1.6708775758743286, "val_acc": 0.5277777777777778}
{"type": "epoch", "epoch": "11/100", "train_loss": 0.12750462194283804, "train_acc": 0.9710648148148148, "val_loss": 1.6708775758743286, "val_acc": 0.5277777777777778}
{"type": "epoch", "epoch": 12, "total_epochs": 100, "train_loss": 0.10027325098161344, "train_acc": 0.9745370370370371, "val_loss": 1.8632246255874634, "val_acc": 0.5277777777777778}
{"type": "epoch", "epoch": "12/100", "train_loss": 0.10027325098161344, "train_acc": 0.9745370370370371, "val_loss": 1.8632246255874634, "val_acc": 0.5277777777777778}
{"type": "epoch", "epoch": 13, "total_epochs": 100, "train_loss": 0.05549004742944682, "train_acc": 0.9930555555555556, "val_loss": 2.0087778568267822, "val_acc": 0.5277777777777778}
{"type": "epoch", "epoch": "13/100", "train_loss": 0.05549004742944682, "train_acc": 0.9930555555555556, "val_loss": 2.0087778568267822, "val_acc": 0.5277777777777778}
{"type": "epoch", "epoch": 14, "total_epochs": 100, "train_loss": 0.040033003522290125, "train_acc": 0.9965277777777778, "val_loss": 2.114502191543579, "val_acc": 0.5}
{"type": "epoch", "epoch": "14/100", "train_loss": 0.040033003522290125, "train_acc": 0.9965277777777778, "val_loss": 2.114502191543579, "val_acc": 0.5}
{"type": "epoch", "epoch": 15, "total_epochs": 100, "train_loss": 0.04070869957407316, "train_acc": 0.9942129629629629, "val_loss": 1.9761221408843994, "val_acc": 0.5833333333333334}
{"type": "epoch", "epoch": "15/100", "train_loss": 0.04070869957407316, "train_acc": 0.9942129629629629, "val_loss": 1.9761221408843994, "val_acc": 0.5833333333333334}
{"type": "epoch", "epoch": 16, "total_epochs": 100, "train_loss": 0.035106677286050936, "train_acc": 0.9953703703703703, "val_loss": 2.444688081741333, "val_acc": 0.5}
{"type": "epoch", "epoch": "16/100", "train_loss": 0.035106677286050936, "train_acc": 0.9953703703703703, "val_loss": 2.444688081741333, "val_acc": 0.5}
{"type": "epoch", "epoch": 17, "total_epochs": 100, "train_loss": 0.022522898183928594, "train_acc": 0.9953703703703703, "val_loss": 2.182976722717285, "val_acc": 0.5555555555555556}
{"type": "epoch", "epoch": "17/100", "train_loss": 0.022522898183928594, "train_acc": 0.9953703703703703, "val_loss": 2.182976722717285, "val_acc": 0.5555555555555556}
{"type": "epoch", "epoch": 18, "total_epochs": 100, "train_loss": 0.01457357379021468, "train_acc": 1.0, "val_loss": 2.886157274246216, "val_acc": 0.5555555555555556}
{"type": "epoch", "epoch": "18/100", "train_loss": 0.01457357379021468, "train_acc": 1.0, "val_loss": 2.886157274246216, "val_acc": 0.5555555555555556}
{"type": "epoch", "epoch": 19, "total_epochs": 100, "train_loss": 0.008586490319834815, "train_acc": 0.9988425925925926, "val_loss": 2.768416404724121, "val_acc": 0.5}
{"type": "epoch", "epoch": "19/100", "train_loss": 0.008586490319834815, "train_acc": 0.9988425925925926, "val_loss": 2.768416404724121, "val_acc": 0.5}
{"type": "epoch", "epoch": 20, "total_epochs": 100, "train_loss": 0.01155192611946, "train_acc": 0.9988425925925926, "val_loss": 2.923245668411255, "val_acc": 0.5555555555555556}
{"type": "epoch", "epoch": "20/100", "train_loss": 0.01155192611946, "train_acc": 0.9988425925925926, "val_loss": 2.923245668411255, "val_acc": 0.5555555555555556}
{"type": "epoch", "epoch": 21, "total_epochs": 100, "train_loss": 0.005285851381443165, "train_acc": 1.0, "val_loss": 2.9828107357025146, "val_acc": 0.5277777777777778}
{"type": "epoch", "epoch": "21/100", "train_loss": 0.005285851381443165, "train_acc": 1.0, "val_loss": 2.9828107357025146, "val_acc": 0.5277777777777778}
{"type": "epoch", "epoch": 22, "total_epochs": 100, "train_loss": 0.003733298154892745, "train_acc": 1.0, "val_loss": 2.9496965408325195, "val_acc": 0.4722222222222222}
{"type": "epoch", "epoch": "22/100", "train_loss": 0.003733298154892745, "train_acc": 1.0, "val_loss": 2.9496965408325195, "val_acc": 0.4722222222222222}
{"type": "epoch", "epoch": 23, "total_epochs": 100, "train_loss": 0.016136829499845153, "train_acc": 0.9942129629629629, "val_loss": 3.1274495124816895, "val_acc": 0.5277777777777778}
{"type": "epoch", "epoch": "23/100", "train_loss": 0.016136829499845153, "train_acc": 0.9942129629629629, "val_loss": 3.1274495124816895, "val_acc": 0.5277777777777778}
{"type": "epoch", "epoch": 24, "total_epochs": 100, "train_loss": 0.00801225475690983, "train_acc": 0.9965277777777778, "val_loss": 3.2876954078674316, "val_acc": 0.5277777777777778}
{"type": "epoch", "epoch": "24/100", "train_loss": 0.00801225475690983, "train_acc": 0.9965277777777778, "val_loss": 3.2876954078674316, "val_acc": 0.5277777777777778}
{"type": "epoch", "epoch": 25, "total_epochs": 100, "train_loss": 0.0051523227658536695, "train_acc": 0.9988425925925926, "val_loss": 3.189974308013916, "val_acc": 0.5277777777777778}
{"type": "epoch", "epoch": "25/100", "train_loss": 0.0051523227658536695, "train_acc": 0.9988425925925926, "val_loss": 3.189974308013916, "val_acc": 0.5277777777777778}
{"type": "epoch", "epoch": 26, "total_epochs": 100, "train_loss": 0.0026798773970868853, "train_acc": 1.0, "val_loss": 3.1602706909179688, "val_acc": 0.4444444444444444}
{"type": "epoch", "epoch": "26/100", "train_loss": 0.0026798773970868853, "train_acc": 1.0, "val_loss": 3.1602706909179688, "val_acc": 0.4444444444444444}
{"type": "epoch", "epoch": 27, "total_epochs": 100, "train_loss": 0.0027878757704187323, "train_acc": 1.0, "val_loss": 3.099095344543457, "val_acc": 0.5}
{"type": "epoch", "epoch": "27/100", "train_loss": 0.0027878757704187323, "train_acc": 1.0, "val_loss": 3.099095344543457, "val_acc": 0.5}
{"type": "epoch", "epoch": 28, "total_epochs": 100, "train_loss": 0.0018484811815950605, "train_acc": 1.0, "val_loss": 3.402040481567383, "val_acc": 0.4722222222222222}
{"type": "epoch", "epoch": "28/100", "train_loss": 0.0018484811815950605, "train_acc": 1.0, "val_loss": 3.402040481567383, "val_acc": 0.4722222222222222}
{"type": "epoch", "epoch": 29, "total_epochs": 100, "train_loss": 0.0016769006572387836, "train_acc": 1.0, "val_loss": 3.4808480739593506, "val_acc": 0.5277777777777778}
{"type": "epoch", "epoch": "29/100", "train_loss": 0.0016769006572387836, "train_acc": 1.0, "val_loss": 3.4808480739593506, "val_acc": 0.5277777777777778}
{"type": "epoch", "epoch": 30, "total_epochs": 100, "train_loss": 0.0013489111982010029, "train_acc": 1.0, "val_loss": 2.8348934650421143, "val_acc": 0.5555555555555556}
{"type": "epoch", "epoch": "30/100", "train_loss": 0.0013489111982010029, "train_acc": 1.0, "val_loss": 2.8348934650421143, "val_acc": 0.5555555555555556}
{"type": "epoch", "epoch": 31, "total_epochs": 100, "train_loss": 0.0013940302586113965, "train_acc": 1.0, "val_loss": 3.2031748294830322, "val_acc": 0.5}
{"type": "epoch", "epoch": "31/100", "train_loss": 0.0013940302586113965, "train_acc": 1.0, "val_loss": 3.2031748294830322, "val_acc": 0.5}
{"type": "epoch", "epoch": 32, "total_epochs": 100, "train_loss": 0.001747047597611392, "train_acc": 1.0, "val_loss": 2.4876902103424072, "val_acc": 0.5555555555555556}
{"type": "epoch", "epoch": "32/100", "train_loss": 0.001747047597611392, "train_acc": 1.0, "val_loss": 2.4876902103424072, "val_acc": 0.5555555555555556}
{"type": "epoch", "epoch": 33, "total_epochs": 100, "train_loss": 0.001025366700357861, "train_acc": 1.0, "val_loss": 2.841790199279785, "val_acc": 0.5555555555555556}
{"type": "epoch", "epoch": "33/100", "train_loss": 0.001025366700357861, "train_acc": 1.0, "val_loss": 2.841790199279785, "val_acc": 0.5555555555555556}
{"type": "epoch", "epoch": 34, "total_epochs": 100, "train_loss": 0.0006375018921163348, "train_acc": 1.0, "val_loss": 3.0111443996429443, "val_acc": 0.5}
{"type": "epoch", "epoch": "34/100", "train_loss": 0.0006375018921163348, "train_acc": 1.0, "val_loss": 3.0111443996429443, "val_acc": 0.5}
{"type": "epoch", "epoch": 35, "total_epochs": 100, "train_loss": 0.0007161183489693536, "train_acc": 1.0, "val_loss": 3.463406562805176, "val_acc": 0.4444444444444444}
{"type": "epoch", "epoch": "35/100", "train_loss": 0.0007161183489693536, "train_acc": 1.0, "val_loss": 3.463406562805176, "val_acc": 0.4444444444444444}
{"type": "epoch", "epoch": 36, "total_epochs": 100, "train_loss": 0.0016478936153429527, "train_acc": 1.0, "val_loss": 3.1657376289367676, "val_acc": 0.5555555555555556}
{"type": "epoch", "epoch": "36/100", "train_loss": 0.0016478936153429527, "train_acc": 1.0, "val_loss": 3.1657376289367676, "val_acc": 0.5555555555555556}
{"type": "epoch", "epoch": 37, "total_epochs": 100, "train_loss": 0.0003901862159923271, "train_acc": 1.0, "val_loss": 3.0238888263702393, "val_acc": 0.5555555555555556}
{"type": "epoch", "epoch": "37/100", "train_loss": 0.0003901862159923271, "train_acc": 1.0, "val_loss": 3.0238888263702393, "val_acc": 0.5555555555555556}
{"type": "epoch", "epoch": 38, "total_epochs": 100, "train_loss": 0.0003653022426146048, "train_acc": 1.0, "val_loss": 3.058835029602051, "val_acc": 0.5555555555555556}
{"type": "epoch", "epoch": "38/100", "train_loss": 0.0003653022426146048, "train_acc": 1.0, "val_loss": 3.058835029602051, "val_acc": 0.5555555555555556}
{"type": "epoch", "epoch": 39, "total_epochs": 100, "train_loss": 0.00027007154292530485, "train_acc": 1.0, "val_loss": 3.0901012420654297, "val_acc": 0.5555555555555556}
{"type": "epoch", "epoch": "39/100", "train_loss": 0.00027007154292530485, "train_acc": 1.0, "val_loss": 3.0901012420654297, "val_acc": 0.5555555555555556}
{"type": "epoch", "epoch": 40, "total_epochs": 100, "train_loss": 0.00021539628505706787, "train_acc": 1.0, "val_loss": 3.1199090480804443, "val_acc": 0.5277777777777778}
{"type": "epoch", "epoch": "40/100", "train_loss": 0.00021539628505706787, "train_acc": 1.0, "val_loss": 3.1199090480804443, "val_acc": 0.5277777777777778}
{"type": "epoch", "epoch": 41, "total_epochs": 100, "train_loss": 0.00021380820760020502, "train_acc": 1.0, "val_loss": 3.142268657684326, "val_acc": 0.5555555555555556}
{"type": "epoch", "epoch": "41/100", "train_loss": 0.00021380820760020502, "train_acc": 1.0, "val_loss": 3.142268657684326, "val_acc": 0.5555555555555556}
{"type": "epoch", "epoch": 42, "total_epochs": 100, "train_loss": 0.00016055890807399042, "train_acc": 1.0, "val_loss": 3.118561029434204, "val_acc": 0.5555555555555556}
{"type": "epoch", "epoch": "42/100", "train_loss": 0.00016055890807399042, "train_acc": 1.0, "val_loss": 3.118561029434204, "val_acc": 0.5555555555555556}
{"type": "epoch", "epoch": 43, "total_epochs": 100, "train_loss": 0.00015412353807025484, "train_acc": 1.0, "val_loss": 3.1414003372192383, "val_acc": 0.5555555555555556}
{"type": "epoch", "epoch": "43/100", "train_loss": 0.00015412353807025484, "train_acc": 1.0, "val_loss": 3.1414003372192383, "val_acc": 0.5555555555555556}
{"type": "epoch", "epoch": 44, "total_epochs": 100, "train_loss": 0.00016653165221214294, "train_acc": 1.0, "val_loss": 3.164263963699341, "val_acc": 0.5555555555555556}
{"type": "epoch", "epoch": "44/100", "train_loss": 0.00016653165221214294, "train_acc": 1.0, "val_loss": 3.164263963699341, "val_acc": 0.5555555555555556}
{"type": "epoch", "epoch": 45, "total_epochs": 100, "train_loss": 0.00013125991379773176, "train_acc": 1.0, "val_loss": 3.1604044437408447, "val_acc": 0.5555555555555556}
{"type": "epoch", "epoch": "45/100", "train_loss": 0.00013125991379773176, "train_acc": 1.0, "val_loss": 3.1604044437408447, "val_acc": 0.5555555555555556}
{"type": "epoch", "epoch": 46, "total_epochs": 100, "train_loss": 0.0001656247509850396, "train_acc": 1.0, "val_loss": 3.1984148025512695, "val_acc": 0.5555555555555556}
{"type": "epoch", "epoch": "46/100", "train_loss": 0.0001656247509850396, "train_acc": 1.0, "val_loss": 3.1984148025512695, "val_acc": 0.5555555555555556}
{"type": "epoch", "epoch": 47, "total_epochs": 100, "train_loss": 0.00017491355538368225, "train_acc": 1.0, "val_loss": 3.1940510272979736, "val_acc": 0.5555555555555556}
{"type": "epoch", "epoch": "47/100", "train_loss": 0.00017491355538368225, "train_acc": 1.0, "val_loss": 3.1940510272979736, "val_acc": 0.5555555555555556}
{"type": "epoch", "epoch": 48, "total_epochs": 100, "train_loss": 0.0001263045878322036, "train_acc": 1.0, "val_loss": 3.2186267375946045, "val_acc": 0.5555555555555556}
{"type": "epoch", "epoch": "48/100", "train_loss": 0.0001263045878322036, "train_acc": 1.0, "val_loss": 3.2186267375946045, "val_acc": 0.5555555555555556}
{"type": "epoch", "epoch": 49, "total_epochs": 100, "train_loss": 0.000146593208666201, "train_acc": 1.0, "val_loss": 3.2204830646514893, "val_acc": 0.5555555555555556}
{"type": "epoch", "epoch": "49/100", "train_loss": 0.000146593208666201, "train_acc": 1.0, "val_loss": 3.2204830646514893, "val_acc": 0.5555555555555556}
{"type": "epoch", "epoch": 50, "total_epochs": 100, "train_loss": 0.0001340364968335187, "train_acc": 1.0, "val_loss": 3.226731061935425, "val_acc": 0.5555555555555556}
{"type": "epoch", "epoch": "50/100", "train_loss": 0.0001340364968335187, "train_acc": 1.0, "val_loss": 3.226731061935425, "val_acc": 0.5555555555555556}
{"type": "epoch", "epoch": 51, "total_epochs": 100, "train_loss": 0.00013207050937193412, "train_acc": 1.0, "val_loss": 3.2660813331604004, "val_acc": 0.5555555555555556}
{"type": "epoch", "epoch": "51/100", "train_loss": 0.00013207050937193412, "train_acc": 1.0, "val_loss": 3.2660813331604004, "val_acc": 0.5555555555555556}
{"type": "epoch", "epoch": 52, "total_epochs": 100, "train_loss": 0.00013747356004185148, "train_acc": 1.0, "val_loss": 3.241952657699585, "val_acc": 0.5555555555555556}
{"type": "epoch", "epoch": "52/100", "train_loss": 0.00013747356004185148, "train_acc": 1.0, "val_loss": 3.241952657699585, "val_acc": 0.5555555555555556}
{"type": "epoch", "epoch": 53, "total_epochs": 100, "train_loss": 0.00013870345773520293, "train_acc": 1.0, "val_loss": 3.26310133934021, "val_acc": 0.5555555555555556}
{"type": "epoch", "epoch": "53/100", "train_loss": 0.00013870345773520293, "train_acc": 1.0, "val_loss": 3.26310133934021, "val_acc": 0.5555555555555556}
{"type": "epoch", "epoch": 54, "total_epochs": 100, "train_loss": 0.00015215106584407664, "train_acc": 1.0, "val_loss": 3.238776922225952, "val_acc": 0.5555555555555556}
{"type": "epoch", "epoch": "54/100", "train_loss": 0.00015215106584407664, "train_acc": 1.0, "val_loss": 3.238776922225952, "val_acc": 0.5555555555555556}
{"type": "epoch", "epoch": 55, "total_epochs": 100, "train_loss": 0.00014343361059824625, "train_acc": 1.0, "val_loss": 3.304084300994873, "val_acc": 0.5833333333333334}
{"type": "epoch", "epoch": "55/100", "train_loss": 0.00014343361059824625, "train_acc": 1.0, "val_loss": 3.304084300994873, "val_acc": 0.5833333333333334}
{"type": "epoch", "epoch": 56, "total_epochs": 100, "train_loss": 0.00014019826496088945, "train_acc": 1.0, "val_loss": 3.3173232078552246, "val_acc": 0.5833333333333334}
{"type": "epoch", "epoch": "56/100", "train_loss": 0.00014019826496088945, "train_acc": 1.0, "val_loss": 3.3173232078552246, "val_acc": 0.5833333333333334}
{"type": "epoch", "epoch": 57, "total_epochs": 100, "train_loss": 0.00013440033351933516, "train_acc": 1.0, "val_loss": 3.3014276027679443, "val_acc": 0.5555555555555556}
{"type": "epoch", "epoch": "57/100", "train_loss": 0.00013440033351933516, "train_acc": 1.0, "val_loss": 3.3014276027679443, "val_acc": 0.5555555555555556}
{"type": "epoch", "epoch": 58, "total_epochs": 100, "train_loss": 0.00011462166353508278, "train_acc": 1.0, "val_loss": 3.282829999923706, "val_acc": 0.5555555555555556}
{"type": "epoch", "epoch": "58/100", "train_loss": 0.00011462166353508278, "train_acc": 1.0, "val_loss": 3.282829999923706, "val_acc": 0.5555555555555556}
{"type": "epoch", "epoch": 59, "total_epochs": 100, "train_loss": 0.00014501451342194168, "train_acc": 1.0, "val_loss": 3.2983908653259277, "val_acc": 0.5555555555555556}
{"type": "epoch", "epoch": "59/100", "train_loss": 0.00014501451342194168, "train_acc": 1.0, "val_loss": 3.2983908653259277, "val_acc": 0.5555555555555556}
{"type": "epoch", "epoch": 60, "total_epochs": 100, "train_loss": 0.00016789469454023574, "train_acc": 1.0, "val_loss": 3.3154098987579346, "val_acc": 0.5277777777777778}
{"type": "epoch", "epoch": "60/100", "train_loss": 0.00016789469454023574, "train_acc": 1.0, "val_loss": 3.3154098987579346, "val_acc": 0.5277777777777778}
{"type": "epoch", "epoch": 61, "total_epochs": 100, "train_loss": 0.00014842563757189997, "train_acc": 1.0, "val_loss": 3.2882869243621826, "val_acc": 0.5277777777777778}
{"type": "epoch", "epoch": "61/100", "train_loss": 0.00014842563757189997, "train_acc": 1.0, "val_loss": 3.2882869243621826, "val_acc": 0.5277777777777778}
{"type": "epoch", "epoch": 62, "total_epochs": 100, "train_loss": 0.00011867602114324216, "train_acc": 1.0, "val_loss": 3.34335994720459, "val_acc": 0.5555555555555556}
{"type": "epoch", "epoch": "62/100", "train_loss": 0.00011867602114324216, "train_acc": 1.0, "val_loss": 3.34335994720459, "val_acc": 0.5555555555555556}
{"type": "epoch", "epoch": 63, "total_epochs": 100, "train_loss": 0.00011969012794671235, "train_acc": 1.0, "val_loss": 3.3466596603393555, "val_acc": 0.5555555555555556}
{"type": "epoch", "epoch": "63/100", "train_loss": 0.00011969012794671235, "train_acc": 1.0, "val_loss": 3.3466596603393555, "val_acc": 0.5555555555555556}
{"type": "epoch", "epoch": 64, "total_epochs": 100, "train_loss": 9.524297934991342e-05, "train_acc": 1.0, "val_loss": 3.3700757026672363, "val_acc": 0.5555555555555556}
{"type": "epoch", "epoch": "64/100", "train_loss": 9.524297934991342e-05, "train_acc": 1.0, "val_loss": 3.3700757026672363, "val_acc": 0.5555555555555556}
{"type": "epoch", "epoch": 65, "total_epochs": 100, "train_loss": 0.00012247512737909952, "train_acc": 1.0, "val_loss": 3.38442063331604, "val_acc": 0.5555555555555556}
{"type": "epoch", "epoch": "65/100", "train_loss": 0.00012247512737909952, "train_acc": 1.0, "val_loss": 3.38442063331604, "val_acc": 0.5555555555555556}
{"type": "epoch", "epoch": 66, "total_epochs": 100, "train_loss": 0.00011236869074680187, "train_acc": 1.0, "val_loss": 3.363659620285034, "val_acc": 0.5833333333333334}
{"type": "epoch", "epoch": "66/100", "train_loss": 0.00011236869074680187, "train_acc": 1.0, "val_loss": 3.363659620285034, "val_acc": 0.5833333333333334}
{"type": "epoch", "epoch": 67, "total_epochs": 100, "train_loss": 0.00013614928832760565, "train_acc": 1.0, "val_loss": 3.3854610919952393, "val_acc": 0.5277777777777778}
{"type": "epoch", "epoch": "67/100", "train_loss": 0.00013614928832760565, "train_acc": 1.0, "val_loss": 3.3854610919952393, "val_acc": 0.5277777777777778}
{"type": "epoch", "epoch": 68, "total_epochs": 100, "train_loss": 9.284637592456959e-05, "train_acc": 1.0, "val_loss": 3.3651578426361084, "val_acc": 0.5277777777777778}
{"type": "epoch", "epoch": "68/100", "train_loss": 9.284637592456959e-05, "train_acc": 1.0, "val_loss": 3.3651578426361084, "val_acc": 0.5277777777777778}
{"type": "epoch", "epoch": 69, "total_epochs": 100, "train_loss": 0.00015663617738971003, "train_acc": 1.0, "val_loss": 3.351837635040283, "val_acc": 0.5277777777777778}
{"type": "epoch", "epoch": "69/100", "train_loss": 0.00015663617738971003, "train_acc": 1.0, "val_loss": 3.351837635040283, "val_acc": 0.5277777777777778}
{"type": "epoch", "epoch": 70, "total_epochs": 100, "train_loss": 8.738178897787023e-05, "train_acc": 1.0, "val_loss": 3.3247604370117188, "val_acc": 0.5555555555555556}
{"type": "epoch", "epoch": "70/100", "train_loss": 8.738178897787023e-05, "train_acc": 1.0, "val_loss": 3.3247604370117188, "val_acc": 0.5555555555555556}
{"type": "epoch", "epoch": 71, "total_epochs": 100, "train_loss": 0.00011687477429707845, "train_acc": 1.0, "val_loss": 3.3525614738464355, "val_acc": 0.5555555555555556}
{"type": "epoch", "epoch": "71/100", "train_loss": 0.00011687477429707845, "train_acc": 1.0, "val_loss": 3.3525614738464355, "val_acc": 0.5555555555555556}
{"type": "epoch", "epoch": 72, "total_epochs": 100, "train_loss": 9.970711889090362e-05, "train_acc": 1.0, "val_loss": 3.3695456981658936, "val_acc": 0.5555555555555556}
{"type": "epoch", "epoch": "72/100", "train_loss": 9.970711889090362e-05, "train_acc": 1.0, "val_loss": 3.3695456981658936, "val_acc": 0.5555555555555556}
{"type": "epoch", "epoch": 73, "total_epochs": 100, "train_loss": 0.00010243472125795152, "train_acc": 1.0, "val_loss": 3.3641233444213867, "val_acc": 0.5555555555555556}
{"type": "epoch", "epoch": "73/100", "train_loss": 0.00010243472125795152, "train_acc": 1.0, "val_loss": 3.3641233444213867, "val_acc": 0.5555555555555556}
{"type": "epoch", "epoch": 74, "total_epochs": 100, "train_loss": 8.329555944160179e-05, "train_acc": 1.0, "val_loss": 3.343698740005493, "val_acc": 0.5555555555555556}
{"type": "epoch", "epoch": "74/100", "train_loss": 8.329555944160179e-05, "train_acc": 1.0, "val_loss": 3.343698740005493, "val_acc": 0.5555555555555556}
{"type": "epoch", "epoch": 75, "total_epochs": 100, "train_loss": 9.681974296216611e-05, "train_acc": 1.0, "val_loss": 3.361788749694824, "val_acc": 0.5555555555555556}
{"type": "epoch", "epoch": "75/100", "train_loss": 9.681974296216611e-05, "train_acc": 1.0, "val_loss": 3.361788749694824, "val_acc": 0.5555555555555556}
{"type": "epoch", "epoch": 76, "total_epochs": 100, "train_loss": 9.837705228063796e-05, "train_acc": 1.0, "val_loss": 3.3631815910339355, "val_acc": 0.5555555555555556}
{"type": "epoch", "epoch": "76/100", "train_loss": 9.837705228063796e-05, "train_acc": 1.0, "val_loss": 3.3631815910339355, "val_acc": 0.5555555555555556}
{"type": "epoch", "epoch": 77, "total_epochs": 100, "train_loss": 0.00013325059855425798, "train_acc": 1.0, "val_loss": 3.3433961868286133, "val_acc": 0.5555555555555556}
{"type": "epoch", "epoch": "77/100", "train_loss": 0.00013325059855425798, "train_acc": 1.0, "val_loss": 3.3433961868286133, "val_acc": 0.5555555555555556}
{"type": "epoch", "epoch": 78, "total_epochs": 100, "train_loss": 8.149776193830703e-05, "train_acc": 1.0, "val_loss": 3.331963062286377, "val_acc": 0.5555555555555556}
{"type": "epoch", "epoch": "78/100", "train_loss": 8.149776193830703e-05, "train_acc": 1.0, "val_loss": 3.331963062286377, "val_acc": 0.5555555555555556}
{"type": "epoch", "epoch": 79, "total_epochs": 100, "train_loss": 0.00010965047059235749, "train_acc": 1.0, "val_loss": 3.366520881652832, "val_acc": 0.5555555555555556}
{"type": "epoch", "epoch": "79/100", "train_loss": 0.00010965047059235749, "train_acc": 1.0, "val_loss": 3.366520881652832, "val_acc": 0.5555555555555556}
{"type": "epoch", "epoch": 80, "total_epochs": 100, "train_loss": 8.842349052429199e-05, "train_acc": 1.0, "val_loss": 3.3810601234436035, "val_acc": 0.5555555555555556}
{"type": "epoch", "epoch": "80/100", "train_loss": 8.842349052429199e-05, "train_acc": 1.0, "val_loss": 3.3810601234436035, "val_acc": 0.5555555555555556}
{"type": "epoch", "epoch": 81, "total_epochs": 100, "train_loss": 9.437912592181453e-05, "train_acc": 1.0, "val_loss": 3.369865894317627, "val_acc": 0.5555555555555556}
{"type": "epoch", "epoch": "81/100", "train_loss": 9.437912592181453e-05, "train_acc": 1.0, "val_loss": 3.369865894317627, "val_acc": 0.5555555555555556}
{"type": "epoch", "epoch": 82, "total_epochs": 100, "train_loss": 7.943450300781815e-05, "train_acc": 1.0, "val_loss": 3.3755104541778564, "val_acc": 0.5555555555555556}
{"type": "epoch", "epoch": "82/100", "train_loss": 7.943450300781815e-05, "train_acc": 1.0, "val_loss": 3.3755104541778564, "val_acc": 0.5555555555555556}
{"type": "epoch", "epoch": 83, "total_epochs": 100, "train_loss": 0.000106793862802011, "train_acc": 1.0, "val_loss": 3.3709232807159424, "val_acc": 0.5555555555555556}
{"type": "epoch", "epoch": "83/100", "train_loss": 0.000106793862802011, "train_acc": 1.0, "val_loss": 3.3709232807159424, "val_acc": 0.5555555555555556}
{"type": "epoch", "epoch": 84, "total_epochs": 100, "train_loss": 0.0001107676437607518, "train_acc": 1.0, "val_loss": 3.353604316711426, "val_acc": 0.5555555555555556}
{"type": "epoch", "epoch": "84/100", "train_loss": 0.0001107676437607518, "train_acc": 1.0, "val_loss": 3.353604316711426, "val_acc": 0.5555555555555556}
{"type": "epoch", "epoch": 85, "total_epochs": 100, "train_loss": 9.617002473937141e-05, "train_acc": 1.0, "val_loss": 3.3530173301696777, "val_acc": 0.5555555555555556}
{"type": "epoch", "epoch": "85/100", "train_loss": 9.617002473937141e-05, "train_acc": 1.0, "val_loss": 3.3530173301696777, "val_acc": 0.5555555555555556}
{"type": "epoch", "epoch": 86, "total_epochs": 100, "train_loss": 0.00015312253876968666, "train_acc": 1.0, "val_loss": 3.3794126510620117, "val_acc": 0.5555555555555556}
{"type": "epoch", "epoch": "86/100", "train_loss": 0.00015312253876968666, "train_acc": 1.0, "val_loss": 3.3794126510620117, "val_acc": 0.5555555555555556}
{"type": "epoch", "epoch": 87, "total_epochs": 100, "train_loss": 0.00011122971773147583, "train_acc": 1.0, "val_loss": 3.38366436958313, "val_acc": 0.5555555555555556}
{"type": "epoch", "epoch": "87/100", "train_loss": 0.00011122971773147583, "train_acc": 1.0, "val_loss": 3.38366436958313, "val_acc": 0.5555555555555556}
{"type": "epoch", "epoch": 88, "total_epochs": 100, "train_loss": 9.117096110626503e-05, "train_acc": 1.0, "val_loss": 3.3952107429504395, "val_acc": 0.5555555555555556}
{"type": "epoch", "epoch": "88/100", "train_loss": 9.117096110626503e-05, "train_acc": 1.0, "val_loss": 3.3952107429504395, "val_acc": 0.5555555555555556}
{"type": "epoch", "epoch": 89, "total_epochs": 100, "train_loss": 8.785338313491256e-05, "train_acc": 1.0, "val_loss": 3.37369441986084, "val_acc": 0.5555555555555556}
{"type": "epoch", "epoch": "89/100", "train_loss": 8.785338313491256e-05, "train_acc": 1.0, "val_loss": 3.37369441986084, "val_acc": 0.5555555555555556}
{"type": "epoch", "epoch": 90, "total_epochs": 100, "train_loss": 0.00016187572920763933, "train_acc": 1.0, "val_loss": 3.4172048568725586, "val_acc": 0.5555555555555556}
{"type": "epoch", "epoch": "90/100", "train_loss": 0.00016187572920763933, "train_acc": 1.0, "val_loss": 3.4172048568725586, "val_acc": 0.5555555555555556}
{"type": "epoch", "epoch": 91, "total_epochs": 100, "train_loss": 0.00010449011568669919, "train_acc": 1.0, "val_loss": 3.3790316581726074, "val_acc": 0.5555555555555556}
{"type": "epoch", "epoch": "91/100", "train_loss": 0.00010449011568669919, "train_acc": 1.0, "val_loss": 3.3790316581726074, "val_acc": 0.5555555555555556}
{"type": "epoch", "epoch": 92, "total_epochs": 100, "train_loss": 8.328728101871632e-05, "train_acc": 1.0, "val_loss": 3.3772685527801514, "val_acc": 0.5555555555555556}
{"type": "epoch", "epoch": "92/100", "train_loss": 8.328728101871632e-05, "train_acc": 1.0, "val_loss": 3.3772685527801514, "val_acc": 0.5555555555555556}
{"type": "epoch", "epoch": 93, "total_epochs": 100, "train_loss": 0.00015167616031788015, "train_acc": 1.0, "val_loss": 3.377973794937134, "val_acc": 0.5555555555555556}
{"type": "epoch", "epoch": "93/100", "train_loss": 0.00015167616031788015, "train_acc": 1.0, "val_loss": 3.377973794937134, "val_acc": 0.5555555555555556}
{"type": "epoch", "epoch": 94, "total_epochs": 100, "train_loss": 7.346231076452468e-05, "train_acc": 1.0, "val_loss": 3.3820111751556396, "val_acc": 0.5555555555555556}
{"type": "epoch", "epoch": "94/100", "train_loss": 7.346231076452468e-05, "train_acc": 1.0, "val_loss": 3.3820111751556396, "val_acc": 0.5555555555555556}
{"type": "epoch", "epoch": 95, "total_epochs": 100, "train_loss": 0.00010392870064134952, "train_acc": 1.0, "val_loss": 3.3715717792510986, "val_acc": 0.5833333333333334}
{"type": "epoch", "epoch": "95/100", "train_loss": 0.00010392870064134952, "train_acc": 1.0, "val_loss": 3.3715717792510986, "val_acc": 0.5833333333333334}
{"type": "epoch", "epoch": 96, "total_epochs": 100, "train_loss": 9.059009176713448e-05, "train_acc": 1.0, "val_loss": 3.3430612087249756, "val_acc": 0.5555555555555556}
{"type": "epoch", "epoch": "96/100", "train_loss": 9.059009176713448e-05, "train_acc": 1.0, "val_loss": 3.3430612087249756, "val_acc": 0.5555555555555556}
{"type": "epoch", "epoch": 97, "total_epochs": 100, "train_loss": 8.802612622578938e-05, "train_acc": 1.0, "val_loss": 3.3636717796325684, "val_acc": 0.5555555555555556}
{"type": "epoch", "epoch": "97/100", "train_loss": 8.802612622578938e-05, "train_acc": 1.0, "val_loss": 3.3636717796325684, "val_acc": 0.5555555555555556}
{"type": "epoch", "epoch": 98, "total_epochs": 100, "train_loss": 7.259390420383877e-05, "train_acc": 1.0, "val_loss": 3.372744560241699, "val_acc": 0.5555555555555556}
{"type": "epoch", "epoch": "98/100", "train_loss": 7.259390420383877e-05, "train_acc": 1.0, "val_loss": 3.372744560241699, "val_acc": 0.5555555555555556}
{"type": "epoch", "epoch": 99, "total_epochs": 100, "train_loss": 0.00010099068835929588, "train_acc": 1.0, "val_loss": 3.4074625968933105, "val_acc": 0.5555555555555556}
{"type": "epoch", "epoch": "99/100", "train_loss": 0.00010099068835929588, "train_acc": 1.0, "val_loss": 3.4074625968933105, "val_acc": 0.5555555555555556}
EEGNet Val Preds: [2, 2, 0, 0, 0, 1, 1, 2, 0, 1, 0, 1, 0, 1, 0, 1, 2, 0, 2, 1, 2, 0, 0, 0, 1, 1, 0, 1, 1, 2, 2, 2, 0, 1, 0, 1]
EEGNet Val Truth: [2, 2, 0, 0, 0, 2, 1, 1, 0, 1, 2, 0, 0, 1, 1, 1, 1, 1, 2, 1, 2, 0, 0, 0, 2, 0, 2, 2, 1, 2, 2, 1, 2, 0, 1, 0]
{"type": "epoch", "epoch": 100, "total_epochs": 100, "train_loss": 7.640211670487015e-05, "train_acc": 1.0, "val_loss": 3.3687374591827393, "val_acc": 0.5555555555555556}
{"type": "epoch", "epoch": "100/100", "train_loss": 7.640211670487015e-05, "train_acc": 1.0, "val_loss": 3.3687374591827393, "val_acc": 0.5555555555555556}
{"type": "complete", "message": "Training completed successfully for EEGNet on master_highgamma!", "final_val_acc": 0.6388888888888888, "latency_ms": 11.156558990478516}

======================================
Training Model: Shallow ConvNet on Dataset: HighGamma
======================================
{"type": "info", "message": "Selecting top 40 channels based on variance..."}
{"type": "info", "message": "New X shape: (360, 40, 2001)"}
{"type": "info", "message": "No metadata found. Using temporal slice..."}
{"type": "info", "message": "Augmenting training data... Original shape: (288, 40, 2001)"}
{"type": "info", "message": "Augmented shape: (864, 40, 2001)"}
{"type": "progress", "message": "Training Shallow ConvNet..."}
{"type": "reset_chart"}
{"type": "epoch", "epoch": 1, "total_epochs": 100, "train_loss": 1.0366269283824496, "train_acc": 0.47685185185185186, "val_loss": 1.152878999710083, "val_acc": 0.3611111111111111}
{"type": "epoch", "epoch": "1/100", "train_loss": 1.0366269283824496, "train_acc": 0.47685185185185186, "val_loss": 1.152878999710083, "val_acc": 0.3611111111111111}
{"type": "epoch", "epoch": 2, "total_epochs": 100, "train_loss": 0.871442006693946, "train_acc": 0.6597222222222222, "val_loss": 1.0660814046859741, "val_acc": 0.3888888888888889}
{"type": "epoch", "epoch": "2/100", "train_loss": 0.871442006693946, "train_acc": 0.6597222222222222, "val_loss": 1.0660814046859741, "val_acc": 0.3888888888888889}
{"type": "epoch", "epoch": 3, "total_epochs": 100, "train_loss": 0.7742030532271774, "train_acc": 0.7314814814814815, "val_loss": 1.0294073820114136, "val_acc": 0.4444444444444444}
{"type": "epoch", "epoch": "3/100", "train_loss": 0.7742030532271774, "train_acc": 0.7314814814814815, "val_loss": 1.0294073820114136, "val_acc": 0.4444444444444444}
{"type": "epoch", "epoch": 4, "total_epochs": 100, "train_loss": 0.6757941378487481, "train_acc": 0.8113425925925926, "val_loss": 1.2753653526306152, "val_acc": 0.5}
{"type": "epoch", "epoch": "4/100", "train_loss": 0.6757941378487481, "train_acc": 0.8113425925925926, "val_loss": 1.2753653526306152, "val_acc": 0.5}
{"type": "epoch", "epoch": 5, "total_epochs": 100, "train_loss": 0.5925088326136271, "train_acc": 0.8541666666666666, "val_loss": 1.3063298463821411, "val_acc": 0.5555555555555556}
{"type": "epoch", "epoch": "5/100", "train_loss": 0.5925088326136271, "train_acc": 0.8541666666666666, "val_loss": 1.3063298463821411, "val_acc": 0.5555555555555556}
{"type": "epoch", "epoch": 6, "total_epochs": 100, "train_loss": 0.5341483729856985, "train_acc": 0.8900462962962963, "val_loss": 1.2816333770751953, "val_acc": 0.5277777777777778}
{"type": "epoch", "epoch": "6/100", "train_loss": 0.5341483729856985, "train_acc": 0.8900462962962963, "val_loss": 1.2816333770751953, "val_acc": 0.5277777777777778}
{"type": "epoch", "epoch": 7, "total_epochs": 100, "train_loss": 0.48826944055380644, "train_acc": 0.9074074074074074, "val_loss": 1.1609723567962646, "val_acc": 0.4444444444444444}
{"type": "epoch", "epoch": "7/100", "train_loss": 0.48826944055380644, "train_acc": 0.9074074074074074, "val_loss": 1.1609723567962646, "val_acc": 0.4444444444444444}
{"type": "epoch", "epoch": 8, "total_epochs": 100, "train_loss": 0.42741570207807755, "train_acc": 0.9629629629629629, "val_loss": 1.9148833751678467, "val_acc": 0.3611111111111111}
{"type": "epoch", "epoch": "8/100", "train_loss": 0.42741570207807755, "train_acc": 0.9629629629629629, "val_loss": 1.9148833751678467, "val_acc": 0.3611111111111111}
{"type": "epoch", "epoch": 9, "total_epochs": 100, "train_loss": 0.4167617139992891, "train_acc": 0.9490740740740741, "val_loss": 1.314423680305481, "val_acc": 0.4722222222222222}
{"type": "epoch", "epoch": "9/100", "train_loss": 0.4167617139992891, "train_acc": 0.9490740740740741, "val_loss": 1.314423680305481, "val_acc": 0.4722222222222222}
{"type": "epoch", "epoch": 10, "total_epochs": 100, "train_loss": 0.3642901027644122, "train_acc": 0.9895833333333334, "val_loss": 1.4844403266906738, "val_acc": 0.4166666666666667}
{"type": "epoch", "epoch": "10/100", "train_loss": 0.3642901027644122, "train_acc": 0.9895833333333334, "val_loss": 1.4844403266906738, "val_acc": 0.4166666666666667}
{"type": "epoch", "epoch": 11, "total_epochs": 100, "train_loss": 0.34605110353893703, "train_acc": 0.9976851851851852, "val_loss": 1.3269703388214111, "val_acc": 0.5277777777777778}
{"type": "epoch", "epoch": "11/100", "train_loss": 0.34605110353893703, "train_acc": 0.9976851851851852, "val_loss": 1.3269703388214111, "val_acc": 0.5277777777777778}
{"type": "epoch", "epoch": 12, "total_epochs": 100, "train_loss": 0.33526682632940785, "train_acc": 0.9965277777777778, "val_loss": 1.421511173248291, "val_acc": 0.5555555555555556}
{"type": "epoch", "epoch": "12/100", "train_loss": 0.33526682632940785, "train_acc": 0.9965277777777778, "val_loss": 1.421511173248291, "val_acc": 0.5555555555555556}
{"type": "epoch", "epoch": 13, "total_epochs": 100, "train_loss": 0.3321046001381344, "train_acc": 1.0, "val_loss": 1.4979135990142822, "val_acc": 0.5277777777777778}
{"type": "epoch", "epoch": "13/100", "train_loss": 0.3321046001381344, "train_acc": 1.0, "val_loss": 1.4979135990142822, "val_acc": 0.5277777777777778}
{"type": "epoch", "epoch": 14, "total_epochs": 100, "train_loss": 0.31798227076177243, "train_acc": 1.0, "val_loss": 1.3349676132202148, "val_acc": 0.5}
{"type": "epoch", "epoch": "14/100", "train_loss": 0.31798227076177243, "train_acc": 1.0, "val_loss": 1.3349676132202148, "val_acc": 0.5}
{"type": "epoch", "epoch": 15, "total_epochs": 100, "train_loss": 0.3215371635225084, "train_acc": 1.0, "val_loss": 1.4112622737884521, "val_acc": 0.5277777777777778}
{"type": "epoch", "epoch": "15/100", "train_loss": 0.3215371635225084, "train_acc": 1.0, "val_loss": 1.4112622737884521, "val_acc": 0.5277777777777778}
{"type": "epoch", "epoch": 16, "total_epochs": 100, "train_loss": 0.31914481299894826, "train_acc": 0.9988425925925926, "val_loss": 1.2714788913726807, "val_acc": 0.5277777777777778}
{"type": "epoch", "epoch": "16/100", "train_loss": 0.31914481299894826, "train_acc": 0.9988425925925926, "val_loss": 1.2714788913726807, "val_acc": 0.5277777777777778}
{"type": "epoch", "epoch": 17, "total_epochs": 100, "train_loss": 0.32166105288046376, "train_acc": 0.9988425925925926, "val_loss": 1.609710693359375, "val_acc": 0.5555555555555556}
{"type": "epoch", "epoch": "17/100", "train_loss": 0.32166105288046376, "train_acc": 0.9988425925925926, "val_loss": 1.609710693359375, "val_acc": 0.5555555555555556}
{"type": "epoch", "epoch": 18, "total_epochs": 100, "train_loss": 0.31337776007475676, "train_acc": 1.0, "val_loss": 1.480808973312378, "val_acc": 0.5555555555555556}
{"type": "epoch", "epoch": "18/100", "train_loss": 0.31337776007475676, "train_acc": 1.0, "val_loss": 1.480808973312378, "val_acc": 0.5555555555555556}
{"type": "epoch", "epoch": 19, "total_epochs": 100, "train_loss": 0.3166786123205114, "train_acc": 0.9988425925925926, "val_loss": 1.4163575172424316, "val_acc": 0.5277777777777778}
{"type": "epoch", "epoch": "19/100", "train_loss": 0.3166786123205114, "train_acc": 0.9988425925925926, "val_loss": 1.4163575172424316, "val_acc": 0.5277777777777778}
{"type": "epoch", "epoch": 20, "total_epochs": 100, "train_loss": 0.3086669290507281, "train_acc": 1.0, "val_loss": 1.2832804918289185, "val_acc": 0.5277777777777778}
{"type": "epoch", "epoch": "20/100", "train_loss": 0.3086669290507281, "train_acc": 1.0, "val_loss": 1.2832804918289185, "val_acc": 0.5277777777777778}
{"type": "epoch", "epoch": 21, "total_epochs": 100, "train_loss": 0.30358478647691234, "train_acc": 1.0, "val_loss": 1.3081625699996948, "val_acc": 0.4722222222222222}
{"type": "epoch", "epoch": "21/100", "train_loss": 0.30358478647691234, "train_acc": 1.0, "val_loss": 1.3081625699996948, "val_acc": 0.4722222222222222}
{"type": "epoch", "epoch": 22, "total_epochs": 100, "train_loss": 0.3016834082426848, "train_acc": 1.0, "val_loss": 1.3225696086883545, "val_acc": 0.4444444444444444}
{"type": "epoch", "epoch": "22/100", "train_loss": 0.3016834082426848, "train_acc": 1.0, "val_loss": 1.3225696086883545, "val_acc": 0.4444444444444444}
{"type": "epoch", "epoch": 23, "total_epochs": 100, "train_loss": 0.30363626391799364, "train_acc": 1.0, "val_loss": 1.3187901973724365, "val_acc": 0.5}
{"type": "epoch", "epoch": "23/100", "train_loss": 0.30363626391799364, "train_acc": 1.0, "val_loss": 1.3187901973724365, "val_acc": 0.5}
{"type": "epoch", "epoch": 24, "total_epochs": 100, "train_loss": 0.30168406830893624, "train_acc": 1.0, "val_loss": 1.2768663167953491, "val_acc": 0.4722222222222222}
{"type": "epoch", "epoch": "24/100", "train_loss": 0.30168406830893624, "train_acc": 1.0, "val_loss": 1.2768663167953491, "val_acc": 0.4722222222222222}
{"type": "epoch", "epoch": 25, "total_epochs": 100, "train_loss": 0.3005770941575368, "train_acc": 1.0, "val_loss": 1.3500124216079712, "val_acc": 0.4722222222222222}
{"type": "epoch", "epoch": "25/100", "train_loss": 0.3005770941575368, "train_acc": 1.0, "val_loss": 1.3500124216079712, "val_acc": 0.4722222222222222}
{"type": "epoch", "epoch": 26, "total_epochs": 100, "train_loss": 0.3014735413922204, "train_acc": 1.0, "val_loss": 1.3314173221588135, "val_acc": 0.5}
{"type": "epoch", "epoch": "26/100", "train_loss": 0.3014735413922204, "train_acc": 1.0, "val_loss": 1.3314173221588135, "val_acc": 0.5}
{"type": "epoch", "epoch": 27, "total_epochs": 100, "train_loss": 0.2989688681231605, "train_acc": 1.0, "val_loss": 1.3157705068588257, "val_acc": 0.4444444444444444}
{"type": "epoch", "epoch": "27/100", "train_loss": 0.2989688681231605, "train_acc": 1.0, "val_loss": 1.3157705068588257, "val_acc": 0.4444444444444444}
{"type": "epoch", "epoch": 28, "total_epochs": 100, "train_loss": 0.2972606674388603, "train_acc": 1.0, "val_loss": 1.3241777420043945, "val_acc": 0.5277777777777778}
{"type": "epoch", "epoch": "28/100", "train_loss": 0.2972606674388603, "train_acc": 1.0, "val_loss": 1.3241777420043945, "val_acc": 0.5277777777777778}
{"type": "epoch", "epoch": 29, "total_epochs": 100, "train_loss": 0.29698395287549056, "train_acc": 1.0, "val_loss": 1.3208365440368652, "val_acc": 0.5}
{"type": "epoch", "epoch": "29/100", "train_loss": 0.29698395287549056, "train_acc": 1.0, "val_loss": 1.3208365440368652, "val_acc": 0.5}
{"type": "epoch", "epoch": 30, "total_epochs": 100, "train_loss": 0.2980317208502028, "train_acc": 1.0, "val_loss": 1.334038496017456, "val_acc": 0.5555555555555556}
{"type": "epoch", "epoch": "30/100", "train_loss": 0.2980317208502028, "train_acc": 1.0, "val_loss": 1.334038496017456, "val_acc": 0.5555555555555556}
{"type": "epoch", "epoch": 31, "total_epochs": 100, "train_loss": 0.2964694124680978, "train_acc": 1.0, "val_loss": 1.294691562652588, "val_acc": 0.5}
{"type": "epoch", "epoch": "31/100", "train_loss": 0.2964694124680978, "train_acc": 1.0, "val_loss": 1.294691562652588, "val_acc": 0.5}
{"type": "epoch", "epoch": 32, "total_epochs": 100, "train_loss": 0.2991059499758261, "train_acc": 1.0, "val_loss": 1.3011765480041504, "val_acc": 0.5}
{"type": "epoch", "epoch": "32/100", "train_loss": 0.2991059499758261, "train_acc": 1.0, "val_loss": 1.3011765480041504, "val_acc": 0.5}
{"type": "epoch", "epoch": 33, "total_epochs": 100, "train_loss": 0.2967096136675941, "train_acc": 1.0, "val_loss": 1.2430157661437988, "val_acc": 0.5}
{"type": "epoch", "epoch": "33/100", "train_loss": 0.2967096136675941, "train_acc": 1.0, "val_loss": 1.2430157661437988, "val_acc": 0.5}
{"type": "epoch", "epoch": 34, "total_epochs": 100, "train_loss": 0.29825036724408466, "train_acc": 1.0, "val_loss": 1.2587051391601562, "val_acc": 0.4722222222222222}
{"type": "epoch", "epoch": "34/100", "train_loss": 0.29825036724408466, "train_acc": 1.0, "val_loss": 1.2587051391601562, "val_acc": 0.4722222222222222}
{"type": "epoch", "epoch": 35, "total_epochs": 100, "train_loss": 0.2968205081091987, "train_acc": 1.0, "val_loss": 1.346435785293579, "val_acc": 0.5}
{"type": "epoch", "epoch": "35/100", "train_loss": 0.2968205081091987, "train_acc": 1.0, "val_loss": 1.346435785293579, "val_acc": 0.5}
{"type": "epoch", "epoch": 36, "total_epochs": 100, "train_loss": 0.2969529121010392, "train_acc": 1.0, "val_loss": 1.3166106939315796, "val_acc": 0.5277777777777778}
{"type": "epoch", "epoch": "36/100", "train_loss": 0.2969529121010392, "train_acc": 1.0, "val_loss": 1.3166106939315796, "val_acc": 0.5277777777777778}
{"type": "epoch", "epoch": 37, "total_epochs": 100, "train_loss": 0.2962564892239041, "train_acc": 1.0, "val_loss": 1.3405988216400146, "val_acc": 0.5555555555555556}
{"type": "epoch", "epoch": "37/100", "train_loss": 0.2962564892239041, "train_acc": 1.0, "val_loss": 1.3405988216400146, "val_acc": 0.5555555555555556}
{"type": "epoch", "epoch": 38, "total_epochs": 100, "train_loss": 0.295020099039431, "train_acc": 1.0, "val_loss": 1.2545393705368042, "val_acc": 0.5}
{"type": "epoch", "epoch": "38/100", "train_loss": 0.295020099039431, "train_acc": 1.0, "val_loss": 1.2545393705368042, "val_acc": 0.5}
{"type": "epoch", "epoch": 39, "total_epochs": 100, "train_loss": 0.29518140466124926, "train_acc": 1.0, "val_loss": 1.26365065574646, "val_acc": 0.5}
{"type": "epoch", "epoch": "39/100", "train_loss": 0.29518140466124926, "train_acc": 1.0, "val_loss": 1.26365065574646, "val_acc": 0.5}
{"type": "epoch", "epoch": 40, "total_epochs": 100, "train_loss": 0.29513613714112175, "train_acc": 1.0, "val_loss": 1.2842562198638916, "val_acc": 0.4444444444444444}
{"type": "epoch", "epoch": "40/100", "train_loss": 0.29513613714112175, "train_acc": 1.0, "val_loss": 1.2842562198638916, "val_acc": 0.4444444444444444}
{"type": "epoch", "epoch": 41, "total_epochs": 100, "train_loss": 0.2961723340882195, "train_acc": 1.0, "val_loss": 1.296151876449585, "val_acc": 0.5}
{"type": "epoch", "epoch": "41/100", "train_loss": 0.2961723340882195, "train_acc": 1.0, "val_loss": 1.296151876449585, "val_acc": 0.5}
{"type": "epoch", "epoch": 42, "total_epochs": 100, "train_loss": 0.2950748293488114, "train_acc": 1.0, "val_loss": 1.3070544004440308, "val_acc": 0.5}
{"type": "epoch", "epoch": "42/100", "train_loss": 0.2950748293488114, "train_acc": 1.0, "val_loss": 1.3070544004440308, "val_acc": 0.5}
{"type": "epoch", "epoch": 43, "total_epochs": 100, "train_loss": 0.2947593165768517, "train_acc": 1.0, "val_loss": 1.2921234369277954, "val_acc": 0.4722222222222222}
{"type": "epoch", "epoch": "43/100", "train_loss": 0.2947593165768517, "train_acc": 1.0, "val_loss": 1.2921234369277954, "val_acc": 0.4722222222222222}
{"type": "epoch", "epoch": 44, "total_epochs": 100, "train_loss": 0.29843009180492824, "train_acc": 1.0, "val_loss": 1.3450226783752441, "val_acc": 0.5277777777777778}
{"type": "epoch", "epoch": "44/100", "train_loss": 0.29843009180492824, "train_acc": 1.0, "val_loss": 1.3450226783752441, "val_acc": 0.5277777777777778}
{"type": "epoch", "epoch": 45, "total_epochs": 100, "train_loss": 0.29805236613308944, "train_acc": 1.0, "val_loss": 1.3196704387664795, "val_acc": 0.5}
{"type": "epoch", "epoch": "45/100", "train_loss": 0.29805236613308944, "train_acc": 1.0, "val_loss": 1.3196704387664795, "val_acc": 0.5}
{"type": "epoch", "epoch": 46, "total_epochs": 100, "train_loss": 0.2946479993837851, "train_acc": 1.0, "val_loss": 1.276796579360962, "val_acc": 0.5}
{"type": "epoch", "epoch": "46/100", "train_loss": 0.2946479993837851, "train_acc": 1.0, "val_loss": 1.276796579360962, "val_acc": 0.5}
{"type": "epoch", "epoch": 47, "total_epochs": 100, "train_loss": 0.2941509728078489, "train_acc": 1.0, "val_loss": 1.2858527898788452, "val_acc": 0.4722222222222222}
{"type": "epoch", "epoch": "47/100", "train_loss": 0.2941509728078489, "train_acc": 1.0, "val_loss": 1.2858527898788452, "val_acc": 0.4722222222222222}
{"type": "epoch", "epoch": 48, "total_epochs": 100, "train_loss": 0.2940062880516052, "train_acc": 1.0, "val_loss": 1.2880892753601074, "val_acc": 0.5}
{"type": "epoch", "epoch": "48/100", "train_loss": 0.2940062880516052, "train_acc": 1.0, "val_loss": 1.2880892753601074, "val_acc": 0.5}
{"type": "epoch", "epoch": 49, "total_epochs": 100, "train_loss": 0.2936667259092684, "train_acc": 1.0, "val_loss": 1.255842924118042, "val_acc": 0.5}
{"type": "epoch", "epoch": "49/100", "train_loss": 0.2936667259092684, "train_acc": 1.0, "val_loss": 1.255842924118042, "val_acc": 0.5}
{"type": "epoch", "epoch": 50, "total_epochs": 100, "train_loss": 0.29349668599941114, "train_acc": 1.0, "val_loss": 1.2647355794906616, "val_acc": 0.5277777777777778}
{"type": "epoch", "epoch": "50/100", "train_loss": 0.29349668599941114, "train_acc": 1.0, "val_loss": 1.2647355794906616, "val_acc": 0.5277777777777778}
{"type": "epoch", "epoch": 51, "total_epochs": 100, "train_loss": 0.2932044819549278, "train_acc": 1.0, "val_loss": 1.2457964420318604, "val_acc": 0.5277777777777778}
{"type": "epoch", "epoch": "51/100", "train_loss": 0.2932044819549278, "train_acc": 1.0, "val_loss": 1.2457964420318604, "val_acc": 0.5277777777777778}
{"type": "epoch", "epoch": 52, "total_epochs": 100, "train_loss": 0.29353061428776495, "train_acc": 1.0, "val_loss": 1.261400818824768, "val_acc": 0.5277777777777778}
{"type": "epoch", "epoch": "52/100", "train_loss": 0.29353061428776495, "train_acc": 1.0, "val_loss": 1.261400818824768, "val_acc": 0.5277777777777778}
{"type": "epoch", "epoch": 53, "total_epochs": 100, "train_loss": 0.2929333912001716, "train_acc": 1.0, "val_loss": 1.282322883605957, "val_acc": 0.5277777777777778}
{"type": "epoch", "epoch": "53/100", "train_loss": 0.2929333912001716, "train_acc": 1.0, "val_loss": 1.282322883605957, "val_acc": 0.5277777777777778}
{"type": "epoch", "epoch": 54, "total_epochs": 100, "train_loss": 0.2927554183536106, "train_acc": 1.0, "val_loss": 1.265727162361145, "val_acc": 0.5555555555555556}
{"type": "epoch", "epoch": "54/100", "train_loss": 0.2927554183536106, "train_acc": 1.0, "val_loss": 1.265727162361145, "val_acc": 0.5555555555555556}
{"type": "epoch", "epoch": 55, "total_epochs": 100, "train_loss": 0.29319216035030504, "train_acc": 1.0, "val_loss": 1.254611849784851, "val_acc": 0.5}
{"type": "epoch", "epoch": "55/100", "train_loss": 0.29319216035030504, "train_acc": 1.0, "val_loss": 1.254611849784851, "val_acc": 0.5}
{"type": "epoch", "epoch": 56, "total_epochs": 100, "train_loss": 0.2937837176852756, "train_acc": 1.0, "val_loss": 1.282512903213501, "val_acc": 0.5}
{"type": "epoch", "epoch": "56/100", "train_loss": 0.2937837176852756, "train_acc": 1.0, "val_loss": 1.282512903213501, "val_acc": 0.5}
{"type": "epoch", "epoch": 57, "total_epochs": 100, "train_loss": 0.29344359040260315, "train_acc": 1.0, "val_loss": 1.28669011592865, "val_acc": 0.5}
{"type": "epoch", "epoch": "57/100", "train_loss": 0.29344359040260315, "train_acc": 1.0, "val_loss": 1.28669011592865, "val_acc": 0.5}
{"type": "epoch", "epoch": 58, "total_epochs": 100, "train_loss": 0.29394756423102486, "train_acc": 1.0, "val_loss": 1.2507915496826172, "val_acc": 0.5277777777777778}
{"type": "epoch", "epoch": "58/100", "train_loss": 0.29394756423102486, "train_acc": 1.0, "val_loss": 1.2507915496826172, "val_acc": 0.5277777777777778}
{"type": "epoch", "epoch": 59, "total_epochs": 100, "train_loss": 0.2939560479587979, "train_acc": 1.0, "val_loss": 1.3040953874588013, "val_acc": 0.5}
{"type": "epoch", "epoch": "59/100", "train_loss": 0.2939560479587979, "train_acc": 1.0, "val_loss": 1.3040953874588013, "val_acc": 0.5}
{"type": "epoch", "epoch": 60, "total_epochs": 100, "train_loss": 0.29334344576906274, "train_acc": 1.0, "val_loss": 1.2907061576843262, "val_acc": 0.5}
{"type": "epoch", "epoch": "60/100", "train_loss": 0.29334344576906274, "train_acc": 1.0, "val_loss": 1.2907061576843262, "val_acc": 0.5}
{"type": "epoch", "epoch": 61, "total_epochs": 100, "train_loss": 0.29323579095028063, "train_acc": 1.0, "val_loss": 1.2877575159072876, "val_acc": 0.5277777777777778}
{"type": "epoch", "epoch": "61/100", "train_loss": 0.29323579095028063, "train_acc": 1.0, "val_loss": 1.2877575159072876, "val_acc": 0.5277777777777778}
{"type": "epoch", "epoch": 62, "total_epochs": 100, "train_loss": 0.29275843611469976, "train_acc": 1.0, "val_loss": 1.2589372396469116, "val_acc": 0.5}
{"type": "epoch", "epoch": "62/100", "train_loss": 0.29275843611469976, "train_acc": 1.0, "val_loss": 1.2589372396469116, "val_acc": 0.5}
{"type": "epoch", "epoch": 63, "total_epochs": 100, "train_loss": 0.2923266346807833, "train_acc": 1.0, "val_loss": 1.2749947309494019, "val_acc": 0.5}
{"type": "epoch", "epoch": "63/100", "train_loss": 0.2923266346807833, "train_acc": 1.0, "val_loss": 1.2749947309494019, "val_acc": 0.5}
{"type": "epoch", "epoch": 64, "total_epochs": 100, "train_loss": 0.29234344650197913, "train_acc": 1.0, "val_loss": 1.2824726104736328, "val_acc": 0.5277777777777778}
{"type": "epoch", "epoch": "64/100", "train_loss": 0.29234344650197913, "train_acc": 1.0, "val_loss": 1.2824726104736328, "val_acc": 0.5277777777777778}
{"type": "epoch", "epoch": 65, "total_epochs": 100, "train_loss": 0.29267263412475586, "train_acc": 1.0, "val_loss": 1.2596944570541382, "val_acc": 0.5}
{"type": "epoch", "epoch": "65/100", "train_loss": 0.29267263412475586, "train_acc": 1.0, "val_loss": 1.2596944570541382, "val_acc": 0.5}
{"type": "epoch", "epoch": 66, "total_epochs": 100, "train_loss": 0.2927047345373366, "train_acc": 1.0, "val_loss": 1.2577002048492432, "val_acc": 0.5555555555555556}
{"type": "epoch", "epoch": "66/100", "train_loss": 0.2927047345373366, "train_acc": 1.0, "val_loss": 1.2577002048492432, "val_acc": 0.5555555555555556}
{"type": "epoch", "epoch": 67, "total_epochs": 100, "train_loss": 0.2929034608381766, "train_acc": 1.0, "val_loss": 1.286848545074463, "val_acc": 0.5277777777777778}
{"type": "epoch", "epoch": "67/100", "train_loss": 0.2929034608381766, "train_acc": 1.0, "val_loss": 1.286848545074463, "val_acc": 0.5277777777777778}
{"type": "epoch", "epoch": 68, "total_epochs": 100, "train_loss": 0.292916899477994, "train_acc": 1.0, "val_loss": 1.2607426643371582, "val_acc": 0.5277777777777778}
{"type": "epoch", "epoch": "68/100", "train_loss": 0.292916899477994, "train_acc": 1.0, "val_loss": 1.2607426643371582, "val_acc": 0.5277777777777778}
{"type": "epoch", "epoch": 69, "total_epochs": 100, "train_loss": 0.2926647122259493, "train_acc": 1.0, "val_loss": 1.260995626449585, "val_acc": 0.5}
{"type": "epoch", "epoch": "69/100", "train_loss": 0.2926647122259493, "train_acc": 1.0, "val_loss": 1.260995626449585, "val_acc": 0.5}
{"type": "epoch", "epoch": 70, "total_epochs": 100, "train_loss": 0.2926440261028431, "train_acc": 1.0, "val_loss": 1.267670750617981, "val_acc": 0.5}
{"type": "epoch", "epoch": "70/100", "train_loss": 0.2926440261028431, "train_acc": 1.0, "val_loss": 1.267670750617981, "val_acc": 0.5}
{"type": "epoch", "epoch": 71, "total_epochs": 100, "train_loss": 0.29264082621645043, "train_acc": 1.0, "val_loss": 1.2548664808273315, "val_acc": 0.5277777777777778}
{"type": "epoch", "epoch": "71/100", "train_loss": 0.29264082621645043, "train_acc": 1.0, "val_loss": 1.2548664808273315, "val_acc": 0.5277777777777778}
{"type": "epoch", "epoch": 72, "total_epochs": 100, "train_loss": 0.29226470876623084, "train_acc": 1.0, "val_loss": 1.26365327835083, "val_acc": 0.5277777777777778}
{"type": "epoch", "epoch": "72/100", "train_loss": 0.29226470876623084, "train_acc": 1.0, "val_loss": 1.26365327835083, "val_acc": 0.5277777777777778}
{"type": "epoch", "epoch": 73, "total_epochs": 100, "train_loss": 0.2925553995150107, "train_acc": 1.0, "val_loss": 1.2634196281433105, "val_acc": 0.5277777777777778}
{"type": "epoch", "epoch": "73/100", "train_loss": 0.2925553995150107, "train_acc": 1.0, "val_loss": 1.2634196281433105, "val_acc": 0.5277777777777778}
{"type": "epoch", "epoch": 74, "total_epochs": 100, "train_loss": 0.29227698732305457, "train_acc": 1.0, "val_loss": 1.2651093006134033, "val_acc": 0.5277777777777778}
{"type": "epoch", "epoch": "74/100", "train_loss": 0.29227698732305457, "train_acc": 1.0, "val_loss": 1.2651093006134033, "val_acc": 0.5277777777777778}
{"type": "epoch", "epoch": 75, "total_epochs": 100, "train_loss": 0.29209169855824224, "train_acc": 1.0, "val_loss": 1.2660517692565918, "val_acc": 0.5277777777777778}
{"type": "epoch", "epoch": "75/100", "train_loss": 0.29209169855824224, "train_acc": 1.0, "val_loss": 1.2660517692565918, "val_acc": 0.5277777777777778}
{"type": "epoch", "epoch": 76, "total_epochs": 100, "train_loss": 0.29271994807102064, "train_acc": 1.0, "val_loss": 1.2662116289138794, "val_acc": 0.5}
{"type": "epoch", "epoch": "76/100", "train_loss": 0.29271994807102064, "train_acc": 1.0, "val_loss": 1.2662116289138794, "val_acc": 0.5}
{"type": "epoch", "epoch": 77, "total_epochs": 100, "train_loss": 0.29257570262308474, "train_acc": 1.0, "val_loss": 1.2652329206466675, "val_acc": 0.5277777777777778}
{"type": "epoch", "epoch": "77/100", "train_loss": 0.29257570262308474, "train_acc": 1.0, "val_loss": 1.2652329206466675, "val_acc": 0.5277777777777778}
{"type": "epoch", "epoch": 78, "total_epochs": 100, "train_loss": 0.2923438979519738, "train_acc": 1.0, "val_loss": 1.2566224336624146, "val_acc": 0.5555555555555556}
{"type": "epoch", "epoch": "78/100", "train_loss": 0.2923438979519738, "train_acc": 1.0, "val_loss": 1.2566224336624146, "val_acc": 0.5555555555555556}
{"type": "epoch", "epoch": 79, "total_epochs": 100, "train_loss": 0.2927062279648251, "train_acc": 1.0, "val_loss": 1.26726496219635, "val_acc": 0.5277777777777778}
{"type": "epoch", "epoch": "79/100", "train_loss": 0.2927062279648251, "train_acc": 1.0, "val_loss": 1.26726496219635, "val_acc": 0.5277777777777778}
{"type": "epoch", "epoch": 80, "total_epochs": 100, "train_loss": 0.2924344837665558, "train_acc": 1.0, "val_loss": 1.2640796899795532, "val_acc": 0.5}
{"type": "epoch", "epoch": "80/100", "train_loss": 0.2924344837665558, "train_acc": 1.0, "val_loss": 1.2640796899795532, "val_acc": 0.5}
{"type": "epoch", "epoch": 81, "total_epochs": 100, "train_loss": 0.29241899870060106, "train_acc": 1.0, "val_loss": 1.2666980028152466, "val_acc": 0.5277777777777778}
{"type": "epoch", "epoch": "81/100", "train_loss": 0.29241899870060106, "train_acc": 1.0, "val_loss": 1.2666980028152466, "val_acc": 0.5277777777777778}
{"type": "epoch", "epoch": 82, "total_epochs": 100, "train_loss": 0.2926839523845249, "train_acc": 1.0, "val_loss": 1.2692363262176514, "val_acc": 0.5277777777777778}
{"type": "epoch", "epoch": "82/100", "train_loss": 0.2926839523845249, "train_acc": 1.0, "val_loss": 1.2692363262176514, "val_acc": 0.5277777777777778}
{"type": "epoch", "epoch": 83, "total_epochs": 100, "train_loss": 0.2924252582920922, "train_acc": 1.0, "val_loss": 1.2738500833511353, "val_acc": 0.5277777777777778}
{"type": "epoch", "epoch": "83/100", "train_loss": 0.2924252582920922, "train_acc": 1.0, "val_loss": 1.2738500833511353, "val_acc": 0.5277777777777778}
{"type": "epoch", "epoch": 84, "total_epochs": 100, "train_loss": 0.29274255920339515, "train_acc": 1.0, "val_loss": 1.272605538368225, "val_acc": 0.5}
{"type": "epoch", "epoch": "84/100", "train_loss": 0.29274255920339515, "train_acc": 1.0, "val_loss": 1.272605538368225, "val_acc": 0.5}
{"type": "epoch", "epoch": 85, "total_epochs": 100, "train_loss": 0.29227253132396275, "train_acc": 1.0, "val_loss": 1.271713137626648, "val_acc": 0.5277777777777778}
{"type": "epoch", "epoch": "85/100", "train_loss": 0.29227253132396275, "train_acc": 1.0, "val_loss": 1.271713137626648, "val_acc": 0.5277777777777778}
{"type": "epoch", "epoch": 86, "total_epochs": 100, "train_loss": 0.2920038203398387, "train_acc": 1.0, "val_loss": 1.268682599067688, "val_acc": 0.5277777777777778}
{"type": "epoch", "epoch": "86/100", "train_loss": 0.2920038203398387, "train_acc": 1.0, "val_loss": 1.268682599067688, "val_acc": 0.5277777777777778}
{"type": "epoch", "epoch": 87, "total_epochs": 100, "train_loss": 0.29251503613260055, "train_acc": 1.0, "val_loss": 1.2719205617904663, "val_acc": 0.5277777777777778}
{"type": "epoch", "epoch": "87/100", "train_loss": 0.29251503613260055, "train_acc": 1.0, "val_loss": 1.2719205617904663, "val_acc": 0.5277777777777778}
{"type": "epoch", "epoch": 88, "total_epochs": 100, "train_loss": 0.2921123935116662, "train_acc": 1.0, "val_loss": 1.2734724283218384, "val_acc": 0.5277777777777778}
{"type": "epoch", "epoch": "88/100", "train_loss": 0.2921123935116662, "train_acc": 1.0, "val_loss": 1.2734724283218384, "val_acc": 0.5277777777777778}
{"type": "epoch", "epoch": 89, "total_epochs": 100, "train_loss": 0.29205475250879925, "train_acc": 1.0, "val_loss": 1.2680379152297974, "val_acc": 0.5277777777777778}
{"type": "epoch", "epoch": "89/100", "train_loss": 0.29205475250879925, "train_acc": 1.0, "val_loss": 1.2680379152297974, "val_acc": 0.5277777777777778}
{"type": "epoch", "epoch": 90, "total_epochs": 100, "train_loss": 0.29199439728701554, "train_acc": 1.0, "val_loss": 1.2699477672576904, "val_acc": 0.5277777777777778}
{"type": "epoch", "epoch": "90/100", "train_loss": 0.29199439728701554, "train_acc": 1.0, "val_loss": 1.2699477672576904, "val_acc": 0.5277777777777778}
{"type": "epoch", "epoch": 91, "total_epochs": 100, "train_loss": 0.2924547482419897, "train_acc": 1.0, "val_loss": 1.2680118083953857, "val_acc": 0.5277777777777778}
{"type": "epoch", "epoch": "91/100", "train_loss": 0.2924547482419897, "train_acc": 1.0, "val_loss": 1.2680118083953857, "val_acc": 0.5277777777777778}
{"type": "epoch", "epoch": 92, "total_epochs": 100, "train_loss": 0.29191296851193466, "train_acc": 1.0, "val_loss": 1.2674533128738403, "val_acc": 0.5277777777777778}
{"type": "epoch", "epoch": "92/100", "train_loss": 0.29191296851193466, "train_acc": 1.0, "val_loss": 1.2674533128738403, "val_acc": 0.5277777777777778}
{"type": "epoch", "epoch": 93, "total_epochs": 100, "train_loss": 0.2922352000519081, "train_acc": 1.0, "val_loss": 1.2707455158233643, "val_acc": 0.5277777777777778}
{"type": "epoch", "epoch": "93/100", "train_loss": 0.2922352000519081, "train_acc": 1.0, "val_loss": 1.2707455158233643, "val_acc": 0.5277777777777778}
{"type": "epoch", "epoch": 94, "total_epochs": 100, "train_loss": 0.29273572674504034, "train_acc": 1.0, "val_loss": 1.270621657371521, "val_acc": 0.5277777777777778}
{"type": "epoch", "epoch": "94/100", "train_loss": 0.29273572674504034, "train_acc": 1.0, "val_loss": 1.270621657371521, "val_acc": 0.5277777777777778}
{"type": "epoch", "epoch": 95, "total_epochs": 100, "train_loss": 0.2922740026756569, "train_acc": 1.0, "val_loss": 1.2722312211990356, "val_acc": 0.5277777777777778}
{"type": "epoch", "epoch": "95/100", "train_loss": 0.2922740026756569, "train_acc": 1.0, "val_loss": 1.2722312211990356, "val_acc": 0.5277777777777778}
{"type": "epoch", "epoch": 96, "total_epochs": 100, "train_loss": 0.29237577429524175, "train_acc": 1.0, "val_loss": 1.2710628509521484, "val_acc": 0.5277777777777778}
{"type": "epoch", "epoch": "96/100", "train_loss": 0.29237577429524175, "train_acc": 1.0, "val_loss": 1.2710628509521484, "val_acc": 0.5277777777777778}
{"type": "epoch", "epoch": 97, "total_epochs": 100, "train_loss": 0.2920818273667936, "train_acc": 1.0, "val_loss": 1.2706162929534912, "val_acc": 0.5277777777777778}
{"type": "epoch", "epoch": "97/100", "train_loss": 0.2920818273667936, "train_acc": 1.0, "val_loss": 1.2706162929534912, "val_acc": 0.5277777777777778}
{"type": "epoch", "epoch": 98, "total_epochs": 100, "train_loss": 0.2928229073683421, "train_acc": 1.0, "val_loss": 1.2709214687347412, "val_acc": 0.5277777777777778}
{"type": "epoch", "epoch": "98/100", "train_loss": 0.2928229073683421, "train_acc": 1.0, "val_loss": 1.2709214687347412, "val_acc": 0.5277777777777778}
{"type": "epoch", "epoch": 99, "total_epochs": 100, "train_loss": 0.2918699350621965, "train_acc": 1.0, "val_loss": 1.270533561706543, "val_acc": 0.5277777777777778}
{"type": "epoch", "epoch": "99/100", "train_loss": 0.2918699350621965, "train_acc": 1.0, "val_loss": 1.270533561706543, "val_acc": 0.5277777777777778}
{"type": "epoch", "epoch": 100, "total_epochs": 100, "train_loss": 0.292299645918387, "train_acc": 1.0, "val_loss": 1.2714685201644897, "val_acc": 0.5277777777777778}
{"type": "epoch", "epoch": "100/100", "train_loss": 0.292299645918387, "train_acc": 1.0, "val_loss": 1.2714685201644897, "val_acc": 0.5277777777777778}
{"type": "complete", "message": "Training completed successfully for Shallow ConvNet on master_highgamma!", "final_val_acc": 0.5277777777777778, "latency_ms": 12.809038162231445}

======================================
Training Model: MiniRocket on Dataset: WayEEGGAL
======================================
{"type": "info", "message": "Dataset already has exactly 32 channels. Keeping original spatial order."}
{"type": "info", "message": "No metadata found. Using temporal slice..."}
{"type": "info", "message": "Augmenting training data... Original shape: (216, 32, 656)"}
{"type": "info", "message": "Augmented shape: (648, 32, 656)"}
{"type": "progress", "message": "Training GPU-Accelerated MiniRocket..."}
[MiniRocketPipeline] Using device: cuda
[MiniRocketPipeline] Extracting PPV features on GPU...
[MiniRocketPipeline] Training GPU MLP Head...
[MiniRocketPipeline] Done in 8.63s
{"type": "chart_update", "epoch": 100, "train_loss": 0.0, "train_acc": 0.4212962962962963, "val_loss": 0.0, "val_acc": 0.2857142857142857}
{"type": "complete", "message": "Training completed successfully for MiniRocket on master_way!", "final_val_acc": 0.32142857142857145, "latency_ms": 55.35459518432617}

======================================
Training Model: CNN-LSTM on Dataset: WayEEGGAL
======================================
{"type": "info", "message": "Dataset already has exactly 32 channels. Keeping original spatial order."}
{"type": "info", "message": "No metadata found. Using temporal slice..."}
{"type": "info", "message": "Augmenting training data... Original shape: (216, 32, 656)"}
{"type": "info", "message": "Augmented shape: (648, 32, 656)"}
{"type": "progress", "message": "Training CNN-LSTM Baseline..."}
{"type": "reset_chart"}
{"type": "epoch", "epoch": "1/100", "train_loss": 1.3881218050733024, "train_acc": 0.24845679012345678, "val_loss": 1.3747541904449463, "val_acc": 0.2857142857142857}
{"type": "epoch", "epoch": "2/100", "train_loss": 1.3645546995563271, "train_acc": 0.33024691358024694, "val_loss": 1.3570677042007446, "val_acc": 0.32142857142857145}
{"type": "epoch", "epoch": "3/100", "train_loss": 1.3090439784673997, "train_acc": 0.37191358024691357, "val_loss": 1.552734613418579, "val_acc": 0.35714285714285715}
{"type": "epoch", "epoch": "4/100", "train_loss": 1.1697790828751928, "train_acc": 0.4305555555555556, "val_loss": 1.9057546854019165, "val_acc": 0.35714285714285715}
{"type": "epoch", "epoch": "5/100", "train_loss": 0.989595107090326, "train_acc": 0.5185185185185185, "val_loss": 2.9775784015655518, "val_acc": 0.2857142857142857}
{"type": "epoch", "epoch": "6/100", "train_loss": 0.923554261525472, "train_acc": 0.5802469135802469, "val_loss": 3.470581531524658, "val_acc": 0.25}
{"type": "epoch", "epoch": "7/100", "train_loss": 0.8076182353643724, "train_acc": 0.6404320987654321, "val_loss": 4.309114933013916, "val_acc": 0.25}
{"type": "epoch", "epoch": "8/100", "train_loss": 0.7798513247642989, "train_acc": 0.6311728395061729, "val_loss": 4.879265308380127, "val_acc": 0.2857142857142857}
{"type": "epoch", "epoch": "9/100", "train_loss": 0.6699370513727636, "train_acc": 0.6867283950617284, "val_loss": 5.717164039611816, "val_acc": 0.25}
{"type": "epoch", "epoch": "10/100", "train_loss": 0.6506143204959822, "train_acc": 0.6867283950617284, "val_loss": 5.401642322540283, "val_acc": 0.25}
{"type": "epoch", "epoch": "11/100", "train_loss": 0.6245284433718081, "train_acc": 0.6990740740740741, "val_loss": 6.163397312164307, "val_acc": 0.25}
{"type": "epoch", "epoch": "12/100", "train_loss": 0.5152394359494433, "train_acc": 0.7623456790123457, "val_loss": 7.034077167510986, "val_acc": 0.25}
{"type": "epoch", "epoch": "13/100", "train_loss": 0.4920572469263901, "train_acc": 0.7453703703703703, "val_loss": 6.848486423492432, "val_acc": 0.25}
{"type": "epoch", "epoch": "14/100", "train_loss": 0.5345813904279544, "train_acc": 0.7577160493827161, "val_loss": 6.651226997375488, "val_acc": 0.32142857142857145}
{"type": "epoch", "epoch": "15/100", "train_loss": 0.4724889478565734, "train_acc": 0.7854938271604939, "val_loss": 6.949347496032715, "val_acc": 0.32142857142857145}
{"type": "epoch", "epoch": "16/100", "train_loss": 0.5787097907360689, "train_acc": 0.7361111111111112, "val_loss": 6.995523929595947, "val_acc": 0.35714285714285715}
{"type": "epoch", "epoch": "17/100", "train_loss": 0.4896982900890303, "train_acc": 0.7546296296296297, "val_loss": 7.407558441162109, "val_acc": 0.2857142857142857}
{"type": "epoch", "epoch": "18/100", "train_loss": 0.4612456692589654, "train_acc": 0.7608024691358025, "val_loss": 8.108399391174316, "val_acc": 0.2857142857142857}
{"type": "epoch", "epoch": "19/100", "train_loss": 0.4334817197587755, "train_acc": 0.8009259259259259, "val_loss": 9.00647258758545, "val_acc": 0.25}
{"type": "epoch", "epoch": "20/100", "train_loss": 0.49144643913080666, "train_acc": 0.7654320987654321, "val_loss": 5.522395610809326, "val_acc": 0.32142857142857145}
{"type": "epoch", "epoch": "21/100", "train_loss": 0.4205981331107057, "train_acc": 0.8209876543209876, "val_loss": 9.146989822387695, "val_acc": 0.25}
{"type": "epoch", "epoch": "22/100", "train_loss": 0.38764766410545065, "train_acc": 0.8194444444444444, "val_loss": 8.571141242980957, "val_acc": 0.2857142857142857}
{"type": "epoch", "epoch": "23/100", "train_loss": 0.34926844967736137, "train_acc": 0.8425925925925926, "val_loss": 8.850930213928223, "val_acc": 0.2857142857142857}
{"type": "epoch", "epoch": "24/100", "train_loss": 0.37153191919679995, "train_acc": 0.8271604938271605, "val_loss": 10.02416706085205, "val_acc": 0.25}
{"type": "epoch", "epoch": "25/100", "train_loss": 0.34884527141665234, "train_acc": 0.8364197530864198, "val_loss": 8.98054027557373, "val_acc": 0.32142857142857145}
{"type": "epoch", "epoch": "26/100", "train_loss": 0.3337386758239181, "train_acc": 0.8441358024691358, "val_loss": 9.717428207397461, "val_acc": 0.32142857142857145}
{"type": "epoch", "epoch": "27/100", "train_loss": 0.35338308193065504, "train_acc": 0.8564814814814815, "val_loss": 10.251871109008789, "val_acc": 0.25}
{"type": "epoch", "epoch": "28/100", "train_loss": 0.2988984100980523, "train_acc": 0.8703703703703703, "val_loss": 10.118348121643066, "val_acc": 0.32142857142857145}
{"type": "epoch", "epoch": "29/100", "train_loss": 0.30089458565653104, "train_acc": 0.8904320987654321, "val_loss": 10.32248592376709, "val_acc": 0.2857142857142857}
{"type": "epoch", "epoch": "30/100", "train_loss": 0.29561704452391024, "train_acc": 0.8734567901234568, "val_loss": 10.34509563446045, "val_acc": 0.32142857142857145}
{"type": "epoch", "epoch": "31/100", "train_loss": 0.2975485383728404, "train_acc": 0.8734567901234568, "val_loss": 11.589731216430664, "val_acc": 0.25}
{"type": "epoch", "epoch": "32/100", "train_loss": 0.34947815353487743, "train_acc": 0.8487654320987654, "val_loss": 12.146445274353027, "val_acc": 0.25}
{"type": "epoch", "epoch": "33/100", "train_loss": 0.2837019027383239, "train_acc": 0.8873456790123457, "val_loss": 12.119954109191895, "val_acc": 0.25}
{"type": "epoch", "epoch": "34/100", "train_loss": 0.2632959404109437, "train_acc": 0.8827160493827161, "val_loss": 11.213601112365723, "val_acc": 0.2857142857142857}
{"type": "epoch", "epoch": "35/100", "train_loss": 0.2903784145543605, "train_acc": 0.8811728395061729, "val_loss": 11.093782424926758, "val_acc": 0.2857142857142857}
{"type": "epoch", "epoch": "36/100", "train_loss": 0.2550335165895062, "train_acc": 0.8842592592592593, "val_loss": 12.066429138183594, "val_acc": 0.2857142857142857}
{"type": "epoch", "epoch": "37/100", "train_loss": 0.2605091701319188, "train_acc": 0.8950617283950617, "val_loss": 13.074457168579102, "val_acc": 0.25}
{"type": "epoch", "epoch": "38/100", "train_loss": 0.2528025176790025, "train_acc": 0.9104938271604939, "val_loss": 11.73229694366455, "val_acc": 0.32142857142857145}
{"type": "epoch", "epoch": "39/100", "train_loss": 0.32655773486620115, "train_acc": 0.8580246913580247, "val_loss": 13.381871223449707, "val_acc": 0.25}
{"type": "epoch", "epoch": "40/100", "train_loss": 0.2525195192407679, "train_acc": 0.9182098765432098, "val_loss": 13.558175086975098, "val_acc": 0.25}
{"type": "epoch", "epoch": "41/100", "train_loss": 0.23488717756153624, "train_acc": 0.9074074074074074, "val_loss": 13.47743034362793, "val_acc": 0.25}
{"type": "epoch", "epoch": "42/100", "train_loss": 0.20987163134563117, "train_acc": 0.9166666666666666, "val_loss": 13.851000785827637, "val_acc": 0.25}
{"type": "epoch", "epoch": "43/100", "train_loss": 0.19688513028768845, "train_acc": 0.9367283950617284, "val_loss": 12.712991714477539, "val_acc": 0.25}
{"type": "epoch", "epoch": "44/100", "train_loss": 0.19771358646728374, "train_acc": 0.9151234567901234, "val_loss": 14.044425010681152, "val_acc": 0.25}
{"type": "epoch", "epoch": "45/100", "train_loss": 0.16965443576559608, "train_acc": 0.9459876543209876, "val_loss": 14.469069480895996, "val_acc": 0.25}
{"type": "epoch", "epoch": "46/100", "train_loss": 0.15418054752143812, "train_acc": 0.9367283950617284, "val_loss": 14.249763488769531, "val_acc": 0.25}
{"type": "epoch", "epoch": "47/100", "train_loss": 0.1932156001344139, "train_acc": 0.9228395061728395, "val_loss": 14.46709156036377, "val_acc": 0.25}
{"type": "epoch", "epoch": "48/100", "train_loss": 0.1620616360946938, "train_acc": 0.9459876543209876, "val_loss": 14.871111869812012, "val_acc": 0.25}
{"type": "epoch", "epoch": "49/100", "train_loss": 0.17208755237084847, "train_acc": 0.9429012345679012, "val_loss": 14.682016372680664, "val_acc": 0.25}
{"type": "epoch", "epoch": "50/100", "train_loss": 0.20440748775446857, "train_acc": 0.9089506172839507, "val_loss": 15.10897159576416, "val_acc": 0.25}
{"type": "epoch", "epoch": "51/100", "train_loss": 0.17655170331766576, "train_acc": 0.9320987654320988, "val_loss": 14.991708755493164, "val_acc": 0.25}
{"type": "epoch", "epoch": "52/100", "train_loss": 0.14871462186177573, "train_acc": 0.9521604938271605, "val_loss": 13.95461368560791, "val_acc": 0.2857142857142857}
{"type": "epoch", "epoch": "53/100", "train_loss": 0.13710188056215827, "train_acc": 0.9429012345679012, "val_loss": 14.295380592346191, "val_acc": 0.2857142857142857}
{"type": "complete", "message": "Training completed successfully for CNN-LSTM on master_way!", "final_val_acc": 0.39285714285714285, "latency_ms": 9.064435958862305}

======================================
Training Model: Advanced Transformer on Dataset: WayEEGGAL
======================================
{"type": "info", "message": "Dataset already has exactly 32 channels. Keeping original spatial order."}
{"type": "info", "message": "No metadata found. Using temporal slice..."}
{"type": "info", "message": "Augmenting training data... Original shape: (216, 32, 656)"}
{"type": "info", "message": "Augmented shape: (648, 32, 656)"}
{"type": "progress", "message": "Training Advanced Transformer (Conformer)..."}
{"type": "reset_chart"}
[AdvancedEEGPipeline] Using device: cuda
D:\pip_packages\torch\nn\modules\conv.py:549: UserWarning: Using padding='same' with even kernel lengths and odd dilation may require a zero-padded copy of the input be created (Triggered internally at C:\actions-runner\_work\pytorch\pytorch\pytorch\aten\src\ATen\native\Convolution.cpp:1037.)
  return F.conv2d(
{"type": "epoch", "epoch": "1/100", "train_loss": 1.397136308930137, "train_acc": 0.2839506172839506, "val_loss": 1.374167561531067, "val_acc": 0.2857142857142857}
{"type": "epoch", "epoch": "2/100", "train_loss": 1.3833746043118564, "train_acc": 0.26697530864197533, "val_loss": 1.362503170967102, "val_acc": 0.2857142857142857}
{"type": "epoch", "epoch": "3/100", "train_loss": 1.3662627935409546, "train_acc": 0.3287037037037037, "val_loss": 1.3490185737609863, "val_acc": 0.2857142857142857}
{"type": "epoch", "epoch": "4/100", "train_loss": 1.360852230678905, "train_acc": 0.3395061728395062, "val_loss": 1.3311811685562134, "val_acc": 0.2857142857142857}
{"type": "epoch", "epoch": "5/100", "train_loss": 1.327473759651184, "train_acc": 0.33487654320987653, "val_loss": 1.3061158657073975, "val_acc": 0.32142857142857145}
{"type": "epoch", "epoch": "6/100", "train_loss": 1.2957149418917568, "train_acc": 0.37808641975308643, "val_loss": 1.3124949932098389, "val_acc": 0.32142857142857145}
{"type": "epoch", "epoch": "7/100", "train_loss": 1.2632064710963855, "train_acc": 0.38425925925925924, "val_loss": 1.2735973596572876, "val_acc": 0.35714285714285715}
{"type": "epoch", "epoch": "8/100", "train_loss": 1.2184377691962502, "train_acc": 0.4058641975308642, "val_loss": 1.4446295499801636, "val_acc": 0.2857142857142857}
{"type": "epoch", "epoch": "9/100", "train_loss": 1.1983241059563376, "train_acc": 0.44290123456790126, "val_loss": 1.7955543994903564, "val_acc": 0.2857142857142857}
{"type": "epoch", "epoch": "10/100", "train_loss": 1.0950117273764177, "train_acc": 0.4691358024691358, "val_loss": 1.9522557258605957, "val_acc": 0.2857142857142857}
{"type": "epoch", "epoch": "11/100", "train_loss": 1.0727526166222312, "train_acc": 0.5123456790123457, "val_loss": 1.3930680751800537, "val_acc": 0.35714285714285715}
{"type": "epoch", "epoch": "12/100", "train_loss": 1.0628027753396467, "train_acc": 0.48148148148148145, "val_loss": 1.6026638746261597, "val_acc": 0.32142857142857145}
{"type": "epoch", "epoch": "13/100", "train_loss": 0.9775190841067921, "train_acc": 0.5246913580246914, "val_loss": 2.5380849838256836, "val_acc": 0.25}
{"type": "epoch", "epoch": "14/100", "train_loss": 1.0124922557310625, "train_acc": 0.5339506172839507, "val_loss": 2.4265832901000977, "val_acc": 0.2857142857142857}
{"type": "epoch", "epoch": "15/100", "train_loss": 0.9568728912960399, "train_acc": 0.5432098765432098, "val_loss": 1.9457590579986572, "val_acc": 0.32142857142857145}
{"type": "epoch", "epoch": "16/100", "train_loss": 0.9101692492311652, "train_acc": 0.5879629629629629, "val_loss": 2.410900831222534, "val_acc": 0.2857142857142857}
{"type": "epoch", "epoch": "17/100", "train_loss": 0.8743283965370872, "train_acc": 0.6095679012345679, "val_loss": 2.141425132751465, "val_acc": 0.35714285714285715}
{"type": "epoch", "epoch": "18/100", "train_loss": 0.7810437408360568, "train_acc": 0.6358024691358025, "val_loss": 2.1849758625030518, "val_acc": 0.35714285714285715}
{"type": "epoch", "epoch": "19/100", "train_loss": 0.669623998078433, "train_acc": 0.720679012345679, "val_loss": 2.1732921600341797, "val_acc": 0.39285714285714285}
{"type": "epoch", "epoch": "20/100", "train_loss": 0.6247457536784086, "train_acc": 0.7438271604938271, "val_loss": 2.0003554821014404, "val_acc": 0.42857142857142855}
{"type": "epoch", "epoch": "21/100", "train_loss": 0.584132969379425, "train_acc": 0.7592592592592593, "val_loss": 1.9622799158096313, "val_acc": 0.39285714285714285}
{"type": "epoch", "epoch": "22/100", "train_loss": 0.557787689295682, "train_acc": 0.8009259259259259, "val_loss": 2.011359930038452, "val_acc": 0.32142857142857145}
{"type": "epoch", "epoch": "23/100", "train_loss": 0.5726262493567034, "train_acc": 0.808641975308642, "val_loss": 2.0116443634033203, "val_acc": 0.5}
{"type": "epoch", "epoch": "24/100", "train_loss": 0.5950216352939606, "train_acc": 0.8055555555555556, "val_loss": 1.5376925468444824, "val_acc": 0.5714285714285714}
{"type": "epoch", "epoch": "25/100", "train_loss": 0.5673564726656134, "train_acc": 0.8070987654320988, "val_loss": 1.065307378768921, "val_acc": 0.6071428571428571}
{"type": "epoch", "epoch": "26/100", "train_loss": 0.6381722580302845, "train_acc": 0.7962962962962963, "val_loss": 1.112980604171753, "val_acc": 0.6071428571428571}
{"type": "epoch", "epoch": "27/100", "train_loss": 0.5134427547454834, "train_acc": 0.8395061728395061, "val_loss": 1.5756326913833618, "val_acc": 0.5714285714285714}
{"type": "epoch", "epoch": "28/100", "train_loss": 0.47940763289278204, "train_acc": 0.8533950617283951, "val_loss": 1.143402338027954, "val_acc": 0.6071428571428571}
{"type": "epoch", "epoch": "29/100", "train_loss": 0.4712951725179499, "train_acc": 0.8780864197530864, "val_loss": 1.3139820098876953, "val_acc": 0.5714285714285714}
{"type": "epoch", "epoch": "30/100", "train_loss": 0.45080687782981177, "train_acc": 0.8765432098765432, "val_loss": 1.552363395690918, "val_acc": 0.6428571428571429}
{"type": "epoch", "epoch": "31/100", "train_loss": 0.5009411221200769, "train_acc": 0.8888888888888888, "val_loss": 1.884372591972351, "val_acc": 0.5714285714285714}
{"type": "epoch", "epoch": "32/100", "train_loss": 0.5595089332623915, "train_acc": 0.8348765432098766, "val_loss": 1.53948974609375, "val_acc": 0.5357142857142857}
{"type": "epoch", "epoch": "33/100", "train_loss": 0.5319685637950897, "train_acc": 0.8533950617283951, "val_loss": 1.1131863594055176, "val_acc": 0.6071428571428571}
{"type": "epoch", "epoch": "34/100", "train_loss": 0.48971880836920306, "train_acc": 0.8518518518518519, "val_loss": 1.456751823425293, "val_acc": 0.5714285714285714}
{"type": "epoch", "epoch": "35/100", "train_loss": 0.4194054657762701, "train_acc": 0.8888888888888888, "val_loss": 1.7691529989242554, "val_acc": 0.5357142857142857}
{"type": "epoch", "epoch": "36/100", "train_loss": 0.3839095776731318, "train_acc": 0.8996913580246914, "val_loss": 1.616160273551941, "val_acc": 0.5357142857142857}
{"type": "epoch", "epoch": "37/100", "train_loss": 0.3627106953750957, "train_acc": 0.9290123456790124, "val_loss": 1.9284746646881104, "val_acc": 0.5357142857142857}
{"type": "epoch", "epoch": "38/100", "train_loss": 0.3873936642299999, "train_acc": 0.9151234567901234, "val_loss": 1.6310460567474365, "val_acc": 0.6071428571428571}
{"type": "epoch", "epoch": "39/100", "train_loss": 0.3932883522727273, "train_acc": 0.9135802469135802, "val_loss": 0.8373440504074097, "val_acc": 0.6785714285714286}
{"type": "epoch", "epoch": "40/100", "train_loss": 0.3082474876533855, "train_acc": 0.9629629629629629, "val_loss": 1.7512354850769043, "val_acc": 0.6428571428571429}
{"type": "epoch", "epoch": "41/100", "train_loss": 0.32491169192574243, "train_acc": 0.9490740740740741, "val_loss": 1.8303754329681396, "val_acc": 0.5714285714285714}
{"type": "epoch", "epoch": "42/100", "train_loss": 0.35086229172619904, "train_acc": 0.9475308641975309, "val_loss": 1.637394666671753, "val_acc": 0.5714285714285714}
{"type": "epoch", "epoch": "43/100", "train_loss": 0.4157549251209606, "train_acc": 0.9351851851851852, "val_loss": 1.596081018447876, "val_acc": 0.6428571428571429}
{"type": "epoch", "epoch": "44/100", "train_loss": 0.3276393603194844, "train_acc": 0.9429012345679012, "val_loss": 1.100576639175415, "val_acc": 0.6428571428571429}
{"type": "epoch", "epoch": "45/100", "train_loss": 0.3088996031067588, "train_acc": 0.9567901234567902, "val_loss": 1.434164047241211, "val_acc": 0.6428571428571429}
{"type": "epoch", "epoch": "46/100", "train_loss": 0.296741935339841, "train_acc": 0.9645061728395061, "val_loss": 1.9032765626907349, "val_acc": 0.6071428571428571}
{"type": "epoch", "epoch": "47/100", "train_loss": 0.3217921704053879, "train_acc": 0.9567901234567902, "val_loss": 1.4410523176193237, "val_acc": 0.6071428571428571}
{"type": "epoch", "epoch": "48/100", "train_loss": 0.2692342847585678, "train_acc": 0.9722222222222222, "val_loss": 1.5378003120422363, "val_acc": 0.6428571428571429}
{"type": "epoch", "epoch": "49/100", "train_loss": 0.2543651271950115, "train_acc": 0.9768518518518519, "val_loss": 0.8994408845901489, "val_acc": 0.75}
{"type": "epoch", "epoch": "50/100", "train_loss": 0.28638704121112823, "train_acc": 0.9629629629629629, "val_loss": 1.7044780254364014, "val_acc": 0.6428571428571429}
{"type": "epoch", "epoch": "51/100", "train_loss": 0.2517673115838658, "train_acc": 0.9753086419753086, "val_loss": 1.7337558269500732, "val_acc": 0.6428571428571429}
{"type": "epoch", "epoch": "52/100", "train_loss": 0.2674045820127834, "train_acc": 0.970679012345679, "val_loss": 1.579929232597351, "val_acc": 0.6428571428571429}
{"type": "epoch", "epoch": "53/100", "train_loss": 0.25435674732381647, "train_acc": 0.9845679012345679, "val_loss": 1.6157830953598022, "val_acc": 0.6428571428571429}
{"type": "epoch", "epoch": "54/100", "train_loss": 0.31797432086684485, "train_acc": 0.970679012345679, "val_loss": 1.6243479251861572, "val_acc": 0.6428571428571429}
{"type": "epoch", "epoch": "55/100", "train_loss": 0.3098939630118283, "train_acc": 0.9490740740740741, "val_loss": 1.4293156862258911, "val_acc": 0.6071428571428571}
{"type": "epoch", "epoch": "56/100", "train_loss": 0.2686262401667508, "train_acc": 0.9660493827160493, "val_loss": 1.4396686553955078, "val_acc": 0.5714285714285714}
{"type": "epoch", "epoch": "57/100", "train_loss": 0.24937482313676315, "train_acc": 0.9845679012345679, "val_loss": 1.8097623586654663, "val_acc": 0.5714285714285714}
{"type": "epoch", "epoch": "58/100", "train_loss": 0.23932003433054144, "train_acc": 0.9845679012345679, "val_loss": 1.797141194343567, "val_acc": 0.6428571428571429}
{"type": "epoch", "epoch": "59/100", "train_loss": 0.246902043169195, "train_acc": 0.9783950617283951, "val_loss": 1.7422008514404297, "val_acc": 0.6428571428571429}
{"type": "epoch", "epoch": "60/100", "train_loss": 0.24334836412559857, "train_acc": 0.9891975308641975, "val_loss": 1.7437390089035034, "val_acc": 0.6071428571428571}
{"type": "epoch", "epoch": "61/100", "train_loss": 0.3108819790861823, "train_acc": 0.9814814814814815, "val_loss": 1.8553962707519531, "val_acc": 0.5357142857142857}
{"type": "epoch", "epoch": "62/100", "train_loss": 0.32876422053033655, "train_acc": 0.9490740740740741, "val_loss": 1.3174999952316284, "val_acc": 0.5714285714285714}
{"type": "epoch", "epoch": "63/100", "train_loss": 0.28338364443995734, "train_acc": 0.9691358024691358, "val_loss": 1.6245719194412231, "val_acc": 0.6071428571428571}
{"type": "epoch", "epoch": "64/100", "train_loss": 0.2713890048590573, "train_acc": 0.9660493827160493, "val_loss": 1.2735041379928589, "val_acc": 0.6785714285714286}
{"type": "epoch", "epoch": "65/100", "train_loss": 0.2534323172135787, "train_acc": 0.9783950617283951, "val_loss": 1.633349061012268, "val_acc": 0.6428571428571429}
{"type": "epoch", "epoch": "66/100", "train_loss": 0.2514998560602015, "train_acc": 0.9768518518518519, "val_loss": 1.597690224647522, "val_acc": 0.6428571428571429}
{"type": "epoch", "epoch": "67/100", "train_loss": 0.2546659030697562, "train_acc": 0.9830246913580247, "val_loss": 1.3515936136245728, "val_acc": 0.6785714285714286}
{"type": "epoch", "epoch": "68/100", "train_loss": 0.2675761878490448, "train_acc": 0.9737654320987654, "val_loss": 1.778186559677124, "val_acc": 0.6428571428571429}
{"type": "epoch", "epoch": "69/100", "train_loss": 0.2488661747087132, "train_acc": 0.9799382716049383, "val_loss": 1.6933345794677734, "val_acc": 0.6428571428571429}
{"type": "epoch", "epoch": "70/100", "train_loss": 0.25068155743859033, "train_acc": 0.9737654320987654, "val_loss": 1.6064417362213135, "val_acc": 0.6428571428571429}
{"type": "epoch", "epoch": "71/100", "train_loss": 0.22753276879137213, "train_acc": 0.9891975308641975, "val_loss": 1.6323121786117554, "val_acc": 0.6428571428571429}
{"type": "epoch", "epoch": "72/100", "train_loss": 0.2207281318577853, "train_acc": 0.9953703703703703, "val_loss": 1.6188185214996338, "val_acc": 0.6428571428571429}
{"type": "epoch", "epoch": "73/100", "train_loss": 0.26153565672310913, "train_acc": 0.9922839506172839, "val_loss": 1.6519893407821655, "val_acc": 0.6428571428571429}
{"type": "epoch", "epoch": "74/100", "train_loss": 0.2540894800966436, "train_acc": 0.9814814814814815, "val_loss": 1.6587978601455688, "val_acc": 0.6428571428571429}
{"type": "epoch", "epoch": "75/100", "train_loss": 0.24387877231294458, "train_acc": 0.9845679012345679, "val_loss": 1.732747197151184, "val_acc": 0.6428571428571429}
{"type": "epoch", "epoch": "76/100", "train_loss": 0.2529700913212516, "train_acc": 0.9799382716049383, "val_loss": 1.702852487564087, "val_acc": 0.6428571428571429}
{"type": "epoch", "epoch": "77/100", "train_loss": 0.23015019974925302, "train_acc": 0.9891975308641975, "val_loss": 1.476473331451416, "val_acc": 0.6428571428571429}
{"type": "epoch", "epoch": "78/100", "train_loss": 0.23770969428799368, "train_acc": 0.9830246913580247, "val_loss": 1.6835718154907227, "val_acc": 0.6428571428571429}
{"type": "epoch", "epoch": "79/100", "train_loss": 0.24128741838715292, "train_acc": 0.9922839506172839, "val_loss": 1.756736159324646, "val_acc": 0.6428571428571429}
{"type": "epoch", "epoch": "80/100", "train_loss": 0.2217999981208281, "train_acc": 0.9938271604938271, "val_loss": 1.7071101665496826, "val_acc": 0.6428571428571429}
{"type": "epoch", "epoch": "81/100", "train_loss": 0.22113354233178226, "train_acc": 0.9953703703703703, "val_loss": 1.7016875743865967, "val_acc": 0.6428571428571429}
{"type": "epoch", "epoch": "82/100", "train_loss": 0.22522486746311188, "train_acc": 0.9907407407407407, "val_loss": 1.717323899269104, "val_acc": 0.6428571428571429}
{"type": "epoch", "epoch": "83/100", "train_loss": 0.23340549658645282, "train_acc": 0.9891975308641975, "val_loss": 1.6935021877288818, "val_acc": 0.6428571428571429}
{"type": "epoch", "epoch": "84/100", "train_loss": 0.2272011556408622, "train_acc": 0.9907407407407407, "val_loss": 1.6757771968841553, "val_acc": 0.6428571428571429}
{"type": "epoch", "epoch": "85/100", "train_loss": 0.22082304954528809, "train_acc": 0.9922839506172839, "val_loss": 1.6988632678985596, "val_acc": 0.6428571428571429}
{"type": "epoch", "epoch": "86/100", "train_loss": 0.2756930061362006, "train_acc": 0.9922839506172839, "val_loss": 1.7086811065673828, "val_acc": 0.6428571428571429}
{"type": "epoch", "epoch": "87/100", "train_loss": 0.2154024758122184, "train_acc": 0.9969135802469136, "val_loss": 1.6588224172592163, "val_acc": 0.6428571428571429}
{"type": "epoch", "epoch": "88/100", "train_loss": 0.22540913657708603, "train_acc": 0.9969135802469136, "val_loss": 1.6616216897964478, "val_acc": 0.6428571428571429}
{"type": "epoch", "epoch": "89/100", "train_loss": 0.2199148115786639, "train_acc": 0.9953703703703703, "val_loss": 1.638052225112915, "val_acc": 0.6428571428571429}
{"type": "epoch", "epoch": "90/100", "train_loss": 0.26032099534164777, "train_acc": 0.9922839506172839, "val_loss": 1.6193047761917114, "val_acc": 0.6428571428571429}
{"type": "epoch", "epoch": "91/100", "train_loss": 0.21753422645005313, "train_acc": 0.9984567901234568, "val_loss": 1.6150270700454712, "val_acc": 0.6428571428571429}
{"type": "epoch", "epoch": "92/100", "train_loss": 0.22068515555425125, "train_acc": 0.9953703703703703, "val_loss": 1.6286152601242065, "val_acc": 0.6428571428571429}
{"type": "epoch", "epoch": "93/100", "train_loss": 0.24821524863893335, "train_acc": 0.9876543209876543, "val_loss": 1.6134464740753174, "val_acc": 0.6428571428571429}
{"type": "epoch", "epoch": "94/100", "train_loss": 0.2249148108742454, "train_acc": 0.9938271604938271, "val_loss": 1.6471378803253174, "val_acc": 0.6428571428571429}
{"type": "epoch", "epoch": "95/100", "train_loss": 0.225556803020564, "train_acc": 0.9907407407407407, "val_loss": 1.6419079303741455, "val_acc": 0.6428571428571429}
{"type": "epoch", "epoch": "96/100", "train_loss": 0.21953588724136353, "train_acc": 0.9938271604938271, "val_loss": 1.6621208190917969, "val_acc": 0.6428571428571429}
{"type": "epoch", "epoch": "97/100", "train_loss": 0.23784768174995075, "train_acc": 0.9876543209876543, "val_loss": 1.6333314180374146, "val_acc": 0.6428571428571429}
{"type": "epoch", "epoch": "98/100", "train_loss": 0.21992034803737293, "train_acc": 0.9922839506172839, "val_loss": 1.6302028894424438, "val_acc": 0.6428571428571429}
{"type": "epoch", "epoch": "99/100", "train_loss": 0.21911208060654727, "train_acc": 0.9953703703703703, "val_loss": 1.6626436710357666, "val_acc": 0.6428571428571429}
{"type": "epoch", "epoch": "100/100", "train_loss": 0.22086955877867612, "train_acc": 0.9938271604938271, "val_loss": 1.6458598375320435, "val_acc": 0.6428571428571429}
[AdvancedEEGPipeline] Done in 132.55s
{"type": "complete", "message": "Training completed successfully for Advanced Transformer on master_way!", "final_val_acc": 0.8928571428571429, "latency_ms": 13.769865036010742}

======================================
Training Model: EEGNet on Dataset: WayEEGGAL
======================================
{"type": "info", "message": "Dataset already has exactly 32 channels. Keeping original spatial order."}
{"type": "info", "message": "No metadata found. Using temporal slice..."}
{"type": "info", "message": "Augmenting training data... Original shape: (216, 32, 656)"}
{"type": "info", "message": "Augmented shape: (648, 32, 656)"}
{"type": "progress", "message": "Training EEGNet..."}
{"type": "reset_chart"}
D:\pip_packages\torch\nn\modules\conv.py:549: UserWarning: Using padding='same' with even kernel lengths and odd dilation may require a zero-padded copy of the input be created (Triggered internally at C:\actions-runner\_work\pytorch\pytorch\pytorch\aten\src\ATen\native\Convolution.cpp:1037.)
  return F.conv2d(
{"type": "epoch", "epoch": 1, "total_epochs": 100, "train_loss": 1.4351448718412423, "train_acc": 0.25617283950617287, "val_loss": 1.4079396724700928, "val_acc": 0.2857142857142857}
{"type": "epoch", "epoch": "1/100", "train_loss": 1.4351448718412423, "train_acc": 0.25617283950617287, "val_loss": 1.4079396724700928, "val_acc": 0.2857142857142857}
{"type": "epoch", "epoch": 2, "total_epochs": 100, "train_loss": 1.3173681188512731, "train_acc": 0.35030864197530864, "val_loss": 1.5739713907241821, "val_acc": 0.2857142857142857}
{"type": "epoch", "epoch": "2/100", "train_loss": 1.3173681188512731, "train_acc": 0.35030864197530864, "val_loss": 1.5739713907241821, "val_acc": 0.2857142857142857}
{"type": "epoch", "epoch": 3, "total_epochs": 100, "train_loss": 1.2559228590977045, "train_acc": 0.3734567901234568, "val_loss": 1.653685212135315, "val_acc": 0.2857142857142857}
{"type": "epoch", "epoch": "3/100", "train_loss": 1.2559228590977045, "train_acc": 0.3734567901234568, "val_loss": 1.653685212135315, "val_acc": 0.2857142857142857}
{"type": "epoch", "epoch": 4, "total_epochs": 100, "train_loss": 1.1918167302637925, "train_acc": 0.42901234567901236, "val_loss": 1.6488854885101318, "val_acc": 0.2857142857142857}
{"type": "epoch", "epoch": "4/100", "train_loss": 1.1918167302637925, "train_acc": 0.42901234567901236, "val_loss": 1.6488854885101318, "val_acc": 0.2857142857142857}
{"type": "epoch", "epoch": 5, "total_epochs": 100, "train_loss": 1.098003246166088, "train_acc": 0.4521604938271605, "val_loss": 1.5246175527572632, "val_acc": 0.2857142857142857}
{"type": "epoch", "epoch": "5/100", "train_loss": 1.098003246166088, "train_acc": 0.4521604938271605, "val_loss": 1.5246175527572632, "val_acc": 0.2857142857142857}
{"type": "epoch", "epoch": 6, "total_epochs": 100, "train_loss": 1.0261315946225766, "train_acc": 0.5092592592592593, "val_loss": 1.2889596223831177, "val_acc": 0.32142857142857145}
{"type": "epoch", "epoch": "6/100", "train_loss": 1.0261315946225766, "train_acc": 0.5092592592592593, "val_loss": 1.2889596223831177, "val_acc": 0.32142857142857145}
{"type": "epoch", "epoch": 7, "total_epochs": 100, "train_loss": 0.9217078008769471, "train_acc": 0.5632716049382716, "val_loss": 2.1869277954101562, "val_acc": 0.2857142857142857}
{"type": "epoch", "epoch": "7/100", "train_loss": 0.9217078008769471, "train_acc": 0.5632716049382716, "val_loss": 2.1869277954101562, "val_acc": 0.2857142857142857}
{"type": "epoch", "epoch": 8, "total_epochs": 100, "train_loss": 0.8835667033254364, "train_acc": 0.5540123456790124, "val_loss": 2.9756686687469482, "val_acc": 0.2857142857142857}
{"type": "epoch", "epoch": "8/100", "train_loss": 0.8835667033254364, "train_acc": 0.5540123456790124, "val_loss": 2.9756686687469482, "val_acc": 0.2857142857142857}
{"type": "epoch", "epoch": 9, "total_epochs": 100, "train_loss": 0.8415406545003256, "train_acc": 0.5802469135802469, "val_loss": 2.312351703643799, "val_acc": 0.2857142857142857}
{"type": "epoch", "epoch": "9/100", "train_loss": 0.8415406545003256, "train_acc": 0.5802469135802469, "val_loss": 2.312351703643799, "val_acc": 0.2857142857142857}
{"type": "epoch", "epoch": 10, "total_epochs": 100, "train_loss": 0.7742715235109683, "train_acc": 0.6527777777777778, "val_loss": 2.663625955581665, "val_acc": 0.2857142857142857}
{"type": "epoch", "epoch": "10/100", "train_loss": 0.7742715235109683, "train_acc": 0.6527777777777778, "val_loss": 2.663625955581665, "val_acc": 0.2857142857142857}
{"type": "epoch", "epoch": 11, "total_epochs": 100, "train_loss": 0.7536933922473296, "train_acc": 0.6589506172839507, "val_loss": 2.86204195022583, "val_acc": 0.2857142857142857}
{"type": "epoch", "epoch": "11/100", "train_loss": 0.7536933922473296, "train_acc": 0.6589506172839507, "val_loss": 2.86204195022583, "val_acc": 0.2857142857142857}
{"type": "epoch", "epoch": 12, "total_epochs": 100, "train_loss": 0.6834462365986388, "train_acc": 0.6774691358024691, "val_loss": 3.1618740558624268, "val_acc": 0.2857142857142857}
{"type": "epoch", "epoch": "12/100", "train_loss": 0.6834462365986388, "train_acc": 0.6774691358024691, "val_loss": 3.1618740558624268, "val_acc": 0.2857142857142857}
{"type": "epoch", "epoch": 13, "total_epochs": 100, "train_loss": 0.6292727199601539, "train_acc": 0.7037037037037037, "val_loss": 2.929335117340088, "val_acc": 0.2857142857142857}
{"type": "epoch", "epoch": "13/100", "train_loss": 0.6292727199601539, "train_acc": 0.7037037037037037, "val_loss": 2.929335117340088, "val_acc": 0.2857142857142857}
{"type": "epoch", "epoch": 14, "total_epochs": 100, "train_loss": 0.5860951859274028, "train_acc": 0.7361111111111112, "val_loss": 3.4768288135528564, "val_acc": 0.32142857142857145}
{"type": "epoch", "epoch": "14/100", "train_loss": 0.5860951859274028, "train_acc": 0.7361111111111112, "val_loss": 3.4768288135528564, "val_acc": 0.32142857142857145}
{"type": "epoch", "epoch": 15, "total_epochs": 100, "train_loss": 0.5752545109501591, "train_acc": 0.7361111111111112, "val_loss": 3.232982635498047, "val_acc": 0.2857142857142857}
{"type": "epoch", "epoch": "15/100", "train_loss": 0.5752545109501591, "train_acc": 0.7361111111111112, "val_loss": 3.232982635498047, "val_acc": 0.2857142857142857}
{"type": "epoch", "epoch": 16, "total_epochs": 100, "train_loss": 0.5306505627102323, "train_acc": 0.75, "val_loss": 3.420440912246704, "val_acc": 0.2857142857142857}
{"type": "epoch", "epoch": "16/100", "train_loss": 0.5306505627102323, "train_acc": 0.75, "val_loss": 3.420440912246704, "val_acc": 0.2857142857142857}
{"type": "epoch", "epoch": 17, "total_epochs": 100, "train_loss": 0.45319815623907395, "train_acc": 0.7993827160493827, "val_loss": 3.3658154010772705, "val_acc": 0.2857142857142857}
{"type": "epoch", "epoch": "17/100", "train_loss": 0.45319815623907395, "train_acc": 0.7993827160493827, "val_loss": 3.3658154010772705, "val_acc": 0.2857142857142857}
{"type": "epoch", "epoch": 18, "total_epochs": 100, "train_loss": 0.460215562655602, "train_acc": 0.779320987654321, "val_loss": 2.9862465858459473, "val_acc": 0.2857142857142857}
{"type": "epoch", "epoch": "18/100", "train_loss": 0.460215562655602, "train_acc": 0.779320987654321, "val_loss": 2.9862465858459473, "val_acc": 0.2857142857142857}
{"type": "epoch", "epoch": 19, "total_epochs": 100, "train_loss": 0.45790808289139356, "train_acc": 0.779320987654321, "val_loss": 3.1772570610046387, "val_acc": 0.2857142857142857}
{"type": "epoch", "epoch": "19/100", "train_loss": 0.45790808289139356, "train_acc": 0.779320987654321, "val_loss": 3.1772570610046387, "val_acc": 0.2857142857142857}
{"type": "epoch", "epoch": 20, "total_epochs": 100, "train_loss": 0.3940318837577914, "train_acc": 0.8070987654320988, "val_loss": 3.0399041175842285, "val_acc": 0.32142857142857145}
{"type": "epoch", "epoch": "20/100", "train_loss": 0.3940318837577914, "train_acc": 0.8070987654320988, "val_loss": 3.0399041175842285, "val_acc": 0.32142857142857145}
{"type": "epoch", "epoch": 21, "total_epochs": 100, "train_loss": 0.40024492181377647, "train_acc": 0.8040123456790124, "val_loss": 3.6354472637176514, "val_acc": 0.2857142857142857}
{"type": "epoch", "epoch": "21/100", "train_loss": 0.40024492181377647, "train_acc": 0.8040123456790124, "val_loss": 3.6354472637176514, "val_acc": 0.2857142857142857}
{"type": "epoch", "epoch": 22, "total_epochs": 100, "train_loss": 0.38243541011103876, "train_acc": 0.8240740740740741, "val_loss": 3.191038131713867, "val_acc": 0.32142857142857145}
{"type": "epoch", "epoch": "22/100", "train_loss": 0.38243541011103876, "train_acc": 0.8240740740740741, "val_loss": 3.191038131713867, "val_acc": 0.32142857142857145}
{"type": "epoch", "epoch": 23, "total_epochs": 100, "train_loss": 0.334513587716185, "train_acc": 0.8657407407407407, "val_loss": 4.246493816375732, "val_acc": 0.32142857142857145}
{"type": "epoch", "epoch": "23/100", "train_loss": 0.334513587716185, "train_acc": 0.8657407407407407, "val_loss": 4.246493816375732, "val_acc": 0.32142857142857145}
{"type": "epoch", "epoch": 24, "total_epochs": 100, "train_loss": 0.3315508571671851, "train_acc": 0.8518518518518519, "val_loss": 3.754244327545166, "val_acc": 0.2857142857142857}
{"type": "epoch", "epoch": "24/100", "train_loss": 0.3315508571671851, "train_acc": 0.8518518518518519, "val_loss": 3.754244327545166, "val_acc": 0.2857142857142857}
{"type": "epoch", "epoch": 25, "total_epochs": 100, "train_loss": 0.31798448386015715, "train_acc": 0.8611111111111112, "val_loss": 4.007649898529053, "val_acc": 0.2857142857142857}
{"type": "epoch", "epoch": "25/100", "train_loss": 0.31798448386015715, "train_acc": 0.8611111111111112, "val_loss": 4.007649898529053, "val_acc": 0.2857142857142857}
{"type": "epoch", "epoch": 26, "total_epochs": 100, "train_loss": 0.33421024716930625, "train_acc": 0.8410493827160493, "val_loss": 4.349194526672363, "val_acc": 0.2857142857142857}
{"type": "epoch", "epoch": "26/100", "train_loss": 0.33421024716930625, "train_acc": 0.8410493827160493, "val_loss": 4.349194526672363, "val_acc": 0.2857142857142857}
{"type": "epoch", "epoch": 27, "total_epochs": 100, "train_loss": 0.3123771643932955, "train_acc": 0.8518518518518519, "val_loss": 3.779154062271118, "val_acc": 0.32142857142857145}
{"type": "epoch", "epoch": "27/100", "train_loss": 0.3123771643932955, "train_acc": 0.8518518518518519, "val_loss": 3.779154062271118, "val_acc": 0.32142857142857145}
{"type": "epoch", "epoch": 28, "total_epochs": 100, "train_loss": 0.2622622928501647, "train_acc": 0.8888888888888888, "val_loss": 4.089673042297363, "val_acc": 0.32142857142857145}
{"type": "epoch", "epoch": "28/100", "train_loss": 0.2622622928501647, "train_acc": 0.8888888888888888, "val_loss": 4.089673042297363, "val_acc": 0.32142857142857145}
{"type": "epoch", "epoch": 29, "total_epochs": 100, "train_loss": 0.2575513654285007, "train_acc": 0.9120370370370371, "val_loss": 4.593206882476807, "val_acc": 0.2857142857142857}
{"type": "epoch", "epoch": "29/100", "train_loss": 0.2575513654285007, "train_acc": 0.9120370370370371, "val_loss": 4.593206882476807, "val_acc": 0.2857142857142857}
{"type": "epoch", "epoch": 30, "total_epochs": 100, "train_loss": 0.2452636029985216, "train_acc": 0.9027777777777778, "val_loss": 3.940061092376709, "val_acc": 0.32142857142857145}
{"type": "epoch", "epoch": "30/100", "train_loss": 0.2452636029985216, "train_acc": 0.9027777777777778, "val_loss": 3.940061092376709, "val_acc": 0.32142857142857145}
{"type": "epoch", "epoch": 31, "total_epochs": 100, "train_loss": 0.2130708091052962, "train_acc": 0.9228395061728395, "val_loss": 3.721472978591919, "val_acc": 0.32142857142857145}
{"type": "epoch", "epoch": "31/100", "train_loss": 0.2130708091052962, "train_acc": 0.9228395061728395, "val_loss": 3.721472978591919, "val_acc": 0.32142857142857145}
{"type": "epoch", "epoch": 32, "total_epochs": 100, "train_loss": 0.2692474023795422, "train_acc": 0.9058641975308642, "val_loss": 4.360937595367432, "val_acc": 0.32142857142857145}
{"type": "epoch", "epoch": "32/100", "train_loss": 0.2692474023795422, "train_acc": 0.9058641975308642, "val_loss": 4.360937595367432, "val_acc": 0.32142857142857145}
{"type": "epoch", "epoch": 33, "total_epochs": 100, "train_loss": 0.23325478000405395, "train_acc": 0.9089506172839507, "val_loss": 3.8444230556488037, "val_acc": 0.32142857142857145}
{"type": "epoch", "epoch": "33/100", "train_loss": 0.23325478000405395, "train_acc": 0.9089506172839507, "val_loss": 3.8444230556488037, "val_acc": 0.32142857142857145}
{"type": "epoch", "epoch": 34, "total_epochs": 100, "train_loss": 0.1921554156291632, "train_acc": 0.933641975308642, "val_loss": 3.9248080253601074, "val_acc": 0.32142857142857145}
{"type": "epoch", "epoch": "34/100", "train_loss": 0.1921554156291632, "train_acc": 0.933641975308642, "val_loss": 3.9248080253601074, "val_acc": 0.32142857142857145}
{"type": "epoch", "epoch": 35, "total_epochs": 100, "train_loss": 0.17197706228421059, "train_acc": 0.9274691358024691, "val_loss": 4.106671333312988, "val_acc": 0.35714285714285715}
{"type": "epoch", "epoch": "35/100", "train_loss": 0.17197706228421059, "train_acc": 0.9274691358024691, "val_loss": 4.106671333312988, "val_acc": 0.35714285714285715}
{"type": "epoch", "epoch": 36, "total_epochs": 100, "train_loss": 0.1556899724183259, "train_acc": 0.941358024691358, "val_loss": 4.655188083648682, "val_acc": 0.32142857142857145}
{"type": "epoch", "epoch": "36/100", "train_loss": 0.1556899724183259, "train_acc": 0.941358024691358, "val_loss": 4.655188083648682, "val_acc": 0.32142857142857145}
{"type": "epoch", "epoch": 37, "total_epochs": 100, "train_loss": 0.20445867673850354, "train_acc": 0.9135802469135802, "val_loss": 3.5293333530426025, "val_acc": 0.35714285714285715}
{"type": "epoch", "epoch": "37/100", "train_loss": 0.20445867673850354, "train_acc": 0.9135802469135802, "val_loss": 3.5293333530426025, "val_acc": 0.35714285714285715}
{"type": "epoch", "epoch": 38, "total_epochs": 100, "train_loss": 0.1716383945794753, "train_acc": 0.9367283950617284, "val_loss": 4.617600440979004, "val_acc": 0.32142857142857145}
{"type": "epoch", "epoch": "38/100", "train_loss": 0.1716383945794753, "train_acc": 0.9367283950617284, "val_loss": 4.617600440979004, "val_acc": 0.32142857142857145}
{"type": "epoch", "epoch": 39, "total_epochs": 100, "train_loss": 0.1600014015480324, "train_acc": 0.9367283950617284, "val_loss": 4.012516498565674, "val_acc": 0.32142857142857145}
{"type": "epoch", "epoch": "39/100", "train_loss": 0.1600014015480324, "train_acc": 0.9367283950617284, "val_loss": 4.012516498565674, "val_acc": 0.32142857142857145}
{"type": "epoch", "epoch": 40, "total_epochs": 100, "train_loss": 0.14257635157785298, "train_acc": 0.9583333333333334, "val_loss": 4.659300804138184, "val_acc": 0.32142857142857145}
{"type": "epoch", "epoch": "40/100", "train_loss": 0.14257635157785298, "train_acc": 0.9583333333333334, "val_loss": 4.659300804138184, "val_acc": 0.32142857142857145}
{"type": "epoch", "epoch": 41, "total_epochs": 100, "train_loss": 0.14990567572322894, "train_acc": 0.9459876543209876, "val_loss": 4.2620110511779785, "val_acc": 0.32142857142857145}
{"type": "epoch", "epoch": "41/100", "train_loss": 0.14990567572322894, "train_acc": 0.9459876543209876, "val_loss": 4.2620110511779785, "val_acc": 0.32142857142857145}
{"type": "epoch", "epoch": 42, "total_epochs": 100, "train_loss": 0.08825794855753581, "train_acc": 0.9737654320987654, "val_loss": 4.403832912445068, "val_acc": 0.32142857142857145}
{"type": "epoch", "epoch": "42/100", "train_loss": 0.08825794855753581, "train_acc": 0.9737654320987654, "val_loss": 4.403832912445068, "val_acc": 0.32142857142857145}
{"type": "epoch", "epoch": 43, "total_epochs": 100, "train_loss": 0.1282416530597357, "train_acc": 0.9490740740740741, "val_loss": 4.308408260345459, "val_acc": 0.35714285714285715}
{"type": "epoch", "epoch": "43/100", "train_loss": 0.1282416530597357, "train_acc": 0.9490740740740741, "val_loss": 4.308408260345459, "val_acc": 0.35714285714285715}
{"type": "epoch", "epoch": 44, "total_epochs": 100, "train_loss": 0.1087401251734039, "train_acc": 0.9537037037037037, "val_loss": 4.519297122955322, "val_acc": 0.32142857142857145}
{"type": "epoch", "epoch": "44/100", "train_loss": 0.1087401251734039, "train_acc": 0.9537037037037037, "val_loss": 4.519297122955322, "val_acc": 0.32142857142857145}
{"type": "epoch", "epoch": 45, "total_epochs": 100, "train_loss": 0.08792939009489836, "train_acc": 0.9691358024691358, "val_loss": 4.321345329284668, "val_acc": 0.35714285714285715}
{"type": "epoch", "epoch": "45/100", "train_loss": 0.08792939009489836, "train_acc": 0.9691358024691358, "val_loss": 4.321345329284668, "val_acc": 0.35714285714285715}
{"type": "epoch", "epoch": 46, "total_epochs": 100, "train_loss": 0.08079378693192094, "train_acc": 0.970679012345679, "val_loss": 4.106505870819092, "val_acc": 0.35714285714285715}
{"type": "epoch", "epoch": "46/100", "train_loss": 0.08079378693192094, "train_acc": 0.970679012345679, "val_loss": 4.106505870819092, "val_acc": 0.35714285714285715}
{"type": "epoch", "epoch": 47, "total_epochs": 100, "train_loss": 0.08283989002675186, "train_acc": 0.9768518518518519, "val_loss": 4.213260650634766, "val_acc": 0.32142857142857145}
{"type": "epoch", "epoch": "47/100", "train_loss": 0.08283989002675186, "train_acc": 0.9768518518518519, "val_loss": 4.213260650634766, "val_acc": 0.32142857142857145}
{"type": "epoch", "epoch": 48, "total_epochs": 100, "train_loss": 0.07029524850256649, "train_acc": 0.9799382716049383, "val_loss": 4.464619159698486, "val_acc": 0.32142857142857145}
{"type": "epoch", "epoch": "48/100", "train_loss": 0.07029524850256649, "train_acc": 0.9799382716049383, "val_loss": 4.464619159698486, "val_acc": 0.32142857142857145}
{"type": "epoch", "epoch": 49, "total_epochs": 100, "train_loss": 0.06738134151623573, "train_acc": 0.9768518518518519, "val_loss": 4.0720930099487305, "val_acc": 0.32142857142857145}
{"type": "epoch", "epoch": "49/100", "train_loss": 0.06738134151623573, "train_acc": 0.9768518518518519, "val_loss": 4.0720930099487305, "val_acc": 0.32142857142857145}
{"type": "epoch", "epoch": 50, "total_epochs": 100, "train_loss": 0.06732439111780238, "train_acc": 0.9783950617283951, "val_loss": 4.333747863769531, "val_acc": 0.35714285714285715}
{"type": "epoch", "epoch": "50/100", "train_loss": 0.06732439111780238, "train_acc": 0.9783950617283951, "val_loss": 4.333747863769531, "val_acc": 0.35714285714285715}
{"type": "epoch", "epoch": 51, "total_epochs": 100, "train_loss": 0.05597242013907727, "train_acc": 0.9753086419753086, "val_loss": 4.266733169555664, "val_acc": 0.32142857142857145}
{"type": "epoch", "epoch": "51/100", "train_loss": 0.05597242013907727, "train_acc": 0.9753086419753086, "val_loss": 4.266733169555664, "val_acc": 0.32142857142857145}
{"type": "epoch", "epoch": 52, "total_epochs": 100, "train_loss": 0.03957701906745816, "train_acc": 0.9830246913580247, "val_loss": 4.421050548553467, "val_acc": 0.32142857142857145}
{"type": "epoch", "epoch": "52/100", "train_loss": 0.03957701906745816, "train_acc": 0.9830246913580247, "val_loss": 4.421050548553467, "val_acc": 0.32142857142857145}
{"type": "epoch", "epoch": 53, "total_epochs": 100, "train_loss": 0.05075605048073663, "train_acc": 0.9799382716049383, "val_loss": 4.456207752227783, "val_acc": 0.35714285714285715}
{"type": "epoch", "epoch": "53/100", "train_loss": 0.05075605048073663, "train_acc": 0.9799382716049383, "val_loss": 4.456207752227783, "val_acc": 0.35714285714285715}
{"type": "epoch", "epoch": 54, "total_epochs": 100, "train_loss": 0.043396300003852376, "train_acc": 0.9907407407407407, "val_loss": 4.5655903816223145, "val_acc": 0.32142857142857145}
{"type": "epoch", "epoch": "54/100", "train_loss": 0.043396300003852376, "train_acc": 0.9907407407407407, "val_loss": 4.5655903816223145, "val_acc": 0.32142857142857145}
{"type": "epoch", "epoch": 55, "total_epochs": 100, "train_loss": 0.054364018970065646, "train_acc": 0.9876543209876543, "val_loss": 4.6275787353515625, "val_acc": 0.32142857142857145}
{"type": "epoch", "epoch": "55/100", "train_loss": 0.054364018970065646, "train_acc": 0.9876543209876543, "val_loss": 4.6275787353515625, "val_acc": 0.32142857142857145}
{"type": "epoch", "epoch": 56, "total_epochs": 100, "train_loss": 0.04286441538068983, "train_acc": 0.9922839506172839, "val_loss": 4.606612205505371, "val_acc": 0.32142857142857145}
{"type": "epoch", "epoch": "56/100", "train_loss": 0.04286441538068983, "train_acc": 0.9922839506172839, "val_loss": 4.606612205505371, "val_acc": 0.32142857142857145}
{"type": "epoch", "epoch": 57, "total_epochs": 100, "train_loss": 0.04865056717837298, "train_acc": 0.9876543209876543, "val_loss": 4.256640911102295, "val_acc": 0.32142857142857145}
{"type": "epoch", "epoch": "57/100", "train_loss": 0.04865056717837298, "train_acc": 0.9876543209876543, "val_loss": 4.256640911102295, "val_acc": 0.32142857142857145}
{"type": "epoch", "epoch": 58, "total_epochs": 100, "train_loss": 0.025191422597861585, "train_acc": 0.9969135802469136, "val_loss": 4.358545780181885, "val_acc": 0.32142857142857145}
{"type": "epoch", "epoch": "58/100", "train_loss": 0.025191422597861585, "train_acc": 0.9969135802469136, "val_loss": 4.358545780181885, "val_acc": 0.32142857142857145}
{"type": "epoch", "epoch": 59, "total_epochs": 100, "train_loss": 0.024279024865892198, "train_acc": 0.9969135802469136, "val_loss": 4.403500080108643, "val_acc": 0.32142857142857145}
{"type": "epoch", "epoch": "59/100", "train_loss": 0.024279024865892198, "train_acc": 0.9969135802469136, "val_loss": 4.403500080108643, "val_acc": 0.32142857142857145}
{"type": "epoch", "epoch": 60, "total_epochs": 100, "train_loss": 0.023507553118246573, "train_acc": 0.9938271604938271, "val_loss": 4.57033109664917, "val_acc": 0.32142857142857145}
{"type": "epoch", "epoch": "60/100", "train_loss": 0.023507553118246573, "train_acc": 0.9938271604938271, "val_loss": 4.57033109664917, "val_acc": 0.32142857142857145}
{"type": "epoch", "epoch": 61, "total_epochs": 100, "train_loss": 0.022611646740524856, "train_acc": 0.9922839506172839, "val_loss": 4.629940032958984, "val_acc": 0.32142857142857145}
{"type": "epoch", "epoch": "61/100", "train_loss": 0.022611646740524856, "train_acc": 0.9922839506172839, "val_loss": 4.629940032958984, "val_acc": 0.32142857142857145}
{"type": "epoch", "epoch": 62, "total_epochs": 100, "train_loss": 0.015466460475215205, "train_acc": 0.9969135802469136, "val_loss": 4.584945201873779, "val_acc": 0.32142857142857145}
{"type": "epoch", "epoch": "62/100", "train_loss": 0.015466460475215205, "train_acc": 0.9969135802469136, "val_loss": 4.584945201873779, "val_acc": 0.32142857142857145}
{"type": "epoch", "epoch": 63, "total_epochs": 100, "train_loss": 0.02284377666167271, "train_acc": 0.9984567901234568, "val_loss": 4.51345682144165, "val_acc": 0.32142857142857145}
{"type": "epoch", "epoch": "63/100", "train_loss": 0.02284377666167271, "train_acc": 0.9984567901234568, "val_loss": 4.51345682144165, "val_acc": 0.32142857142857145}
{"type": "epoch", "epoch": 64, "total_epochs": 100, "train_loss": 0.02597369235238911, "train_acc": 0.9922839506172839, "val_loss": 4.568014621734619, "val_acc": 0.32142857142857145}
{"type": "epoch", "epoch": "64/100", "train_loss": 0.02597369235238911, "train_acc": 0.9922839506172839, "val_loss": 4.568014621734619, "val_acc": 0.32142857142857145}
{"type": "epoch", "epoch": 65, "total_epochs": 100, "train_loss": 0.02382591035630968, "train_acc": 0.9907407407407407, "val_loss": 4.239643096923828, "val_acc": 0.32142857142857145}
{"type": "epoch", "epoch": "65/100", "train_loss": 0.02382591035630968, "train_acc": 0.9907407407407407, "val_loss": 4.239643096923828, "val_acc": 0.32142857142857145}
{"type": "epoch", "epoch": 66, "total_epochs": 100, "train_loss": 0.015493492285410563, "train_acc": 0.9969135802469136, "val_loss": 4.594481468200684, "val_acc": 0.32142857142857145}
{"type": "epoch", "epoch": "66/100", "train_loss": 0.015493492285410563, "train_acc": 0.9969135802469136, "val_loss": 4.594481468200684, "val_acc": 0.32142857142857145}
{"type": "epoch", "epoch": 67, "total_epochs": 100, "train_loss": 0.02173886622911618, "train_acc": 0.9969135802469136, "val_loss": 4.6523661613464355, "val_acc": 0.32142857142857145}
{"type": "epoch", "epoch": "67/100", "train_loss": 0.02173886622911618, "train_acc": 0.9969135802469136, "val_loss": 4.6523661613464355, "val_acc": 0.32142857142857145}
{"type": "epoch", "epoch": 68, "total_epochs": 100, "train_loss": 0.017239128365928745, "train_acc": 0.9953703703703703, "val_loss": 4.530423164367676, "val_acc": 0.32142857142857145}
{"type": "epoch", "epoch": "68/100", "train_loss": 0.017239128365928745, "train_acc": 0.9953703703703703, "val_loss": 4.530423164367676, "val_acc": 0.32142857142857145}
{"type": "epoch", "epoch": 69, "total_epochs": 100, "train_loss": 0.015091232311578445, "train_acc": 0.9969135802469136, "val_loss": 4.593559265136719, "val_acc": 0.32142857142857145}
{"type": "epoch", "epoch": "69/100", "train_loss": 0.015091232311578445, "train_acc": 0.9969135802469136, "val_loss": 4.593559265136719, "val_acc": 0.32142857142857145}
{"type": "epoch", "epoch": 70, "total_epochs": 100, "train_loss": 0.014306420897260124, "train_acc": 0.9984567901234568, "val_loss": 4.569509029388428, "val_acc": 0.32142857142857145}
{"type": "epoch", "epoch": "70/100", "train_loss": 0.014306420897260124, "train_acc": 0.9984567901234568, "val_loss": 4.569509029388428, "val_acc": 0.32142857142857145}
{"type": "epoch", "epoch": 71, "total_epochs": 100, "train_loss": 0.005368500580022364, "train_acc": 1.0, "val_loss": 4.596428871154785, "val_acc": 0.32142857142857145}
{"type": "epoch", "epoch": "71/100", "train_loss": 0.005368500580022364, "train_acc": 1.0, "val_loss": 4.596428871154785, "val_acc": 0.32142857142857145}
{"type": "epoch", "epoch": 72, "total_epochs": 100, "train_loss": 0.007063829604490304, "train_acc": 0.9984567901234568, "val_loss": 4.6835103034973145, "val_acc": 0.32142857142857145}
{"type": "epoch", "epoch": "72/100", "train_loss": 0.007063829604490304, "train_acc": 0.9984567901234568, "val_loss": 4.6835103034973145, "val_acc": 0.32142857142857145}
{"type": "epoch", "epoch": 73, "total_epochs": 100, "train_loss": 0.023402244220545262, "train_acc": 0.9953703703703703, "val_loss": 4.685457706451416, "val_acc": 0.32142857142857145}
{"type": "epoch", "epoch": "73/100", "train_loss": 0.023402244220545262, "train_acc": 0.9953703703703703, "val_loss": 4.685457706451416, "val_acc": 0.32142857142857145}
{"type": "epoch", "epoch": 74, "total_epochs": 100, "train_loss": 0.005134591349848994, "train_acc": 1.0, "val_loss": 4.777470588684082, "val_acc": 0.32142857142857145}
{"type": "epoch", "epoch": "74/100", "train_loss": 0.005134591349848994, "train_acc": 1.0, "val_loss": 4.777470588684082, "val_acc": 0.32142857142857145}
{"type": "epoch", "epoch": 75, "total_epochs": 100, "train_loss": 0.004942442899868812, "train_acc": 1.0, "val_loss": 4.9434404373168945, "val_acc": 0.32142857142857145}
{"type": "epoch", "epoch": "75/100", "train_loss": 0.004942442899868812, "train_acc": 1.0, "val_loss": 4.9434404373168945, "val_acc": 0.32142857142857145}
{"type": "epoch", "epoch": 76, "total_epochs": 100, "train_loss": 0.00503294261885278, "train_acc": 0.9984567901234568, "val_loss": 4.827193260192871, "val_acc": 0.32142857142857145}
{"type": "epoch", "epoch": "76/100", "train_loss": 0.00503294261885278, "train_acc": 0.9984567901234568, "val_loss": 4.827193260192871, "val_acc": 0.32142857142857145}
{"type": "epoch", "epoch": 77, "total_epochs": 100, "train_loss": 0.008318129145068886, "train_acc": 0.9984567901234568, "val_loss": 4.903773784637451, "val_acc": 0.32142857142857145}
{"type": "epoch", "epoch": "77/100", "train_loss": 0.008318129145068886, "train_acc": 0.9984567901234568, "val_loss": 4.903773784637451, "val_acc": 0.32142857142857145}
{"type": "epoch", "epoch": 78, "total_epochs": 100, "train_loss": 0.005197062904452101, "train_acc": 1.0, "val_loss": 4.650355339050293, "val_acc": 0.32142857142857145}
{"type": "epoch", "epoch": "78/100", "train_loss": 0.005197062904452101, "train_acc": 1.0, "val_loss": 4.650355339050293, "val_acc": 0.32142857142857145}
{"type": "epoch", "epoch": 79, "total_epochs": 100, "train_loss": 0.011404699013556964, "train_acc": 0.9969135802469136, "val_loss": 4.720190525054932, "val_acc": 0.32142857142857145}
{"type": "epoch", "epoch": "79/100", "train_loss": 0.011404699013556964, "train_acc": 0.9969135802469136, "val_loss": 4.720190525054932, "val_acc": 0.32142857142857145}
{"type": "epoch", "epoch": 80, "total_epochs": 100, "train_loss": 0.00460473034116957, "train_acc": 1.0, "val_loss": 4.841404438018799, "val_acc": 0.32142857142857145}
{"type": "epoch", "epoch": "80/100", "train_loss": 0.00460473034116957, "train_acc": 1.0, "val_loss": 4.841404438018799, "val_acc": 0.32142857142857145}
{"type": "epoch", "epoch": 81, "total_epochs": 100, "train_loss": 0.0042696735005319855, "train_acc": 1.0, "val_loss": 4.757840633392334, "val_acc": 0.32142857142857145}
{"type": "epoch", "epoch": "81/100", "train_loss": 0.0042696735005319855, "train_acc": 1.0, "val_loss": 4.757840633392334, "val_acc": 0.32142857142857145}
{"type": "epoch", "epoch": 82, "total_epochs": 100, "train_loss": 0.005689504705829385, "train_acc": 1.0, "val_loss": 4.699192523956299, "val_acc": 0.32142857142857145}
{"type": "epoch", "epoch": "82/100", "train_loss": 0.005689504705829385, "train_acc": 1.0, "val_loss": 4.699192523956299, "val_acc": 0.32142857142857145}
{"type": "epoch", "epoch": 83, "total_epochs": 100, "train_loss": 0.005568461653626996, "train_acc": 0.9984567901234568, "val_loss": 4.760985851287842, "val_acc": 0.32142857142857145}
{"type": "epoch", "epoch": "83/100", "train_loss": 0.005568461653626996, "train_acc": 0.9984567901234568, "val_loss": 4.760985851287842, "val_acc": 0.32142857142857145}
{"type": "epoch", "epoch": 84, "total_epochs": 100, "train_loss": 0.004650177043161274, "train_acc": 1.0, "val_loss": 4.821727752685547, "val_acc": 0.32142857142857145}
{"type": "epoch", "epoch": "84/100", "train_loss": 0.004650177043161274, "train_acc": 1.0, "val_loss": 4.821727752685547, "val_acc": 0.32142857142857145}
{"type": "epoch", "epoch": 85, "total_epochs": 100, "train_loss": 0.004251809767734857, "train_acc": 1.0, "val_loss": 4.759481906890869, "val_acc": 0.32142857142857145}
{"type": "epoch", "epoch": "85/100", "train_loss": 0.004251809767734857, "train_acc": 1.0, "val_loss": 4.759481906890869, "val_acc": 0.32142857142857145}
{"type": "epoch", "epoch": 86, "total_epochs": 100, "train_loss": 0.003985468988065366, "train_acc": 1.0, "val_loss": 4.712296962738037, "val_acc": 0.32142857142857145}
{"type": "epoch", "epoch": "86/100", "train_loss": 0.003985468988065366, "train_acc": 1.0, "val_loss": 4.712296962738037, "val_acc": 0.32142857142857145}
{"type": "epoch", "epoch": 87, "total_epochs": 100, "train_loss": 0.007181501682893729, "train_acc": 0.9969135802469136, "val_loss": 4.85660982131958, "val_acc": 0.32142857142857145}
{"type": "epoch", "epoch": "87/100", "train_loss": 0.007181501682893729, "train_acc": 0.9969135802469136, "val_loss": 4.85660982131958, "val_acc": 0.32142857142857145}
{"type": "epoch", "epoch": 88, "total_epochs": 100, "train_loss": 0.006996449129081067, "train_acc": 0.9984567901234568, "val_loss": 4.732620716094971, "val_acc": 0.32142857142857145}
{"type": "epoch", "epoch": "88/100", "train_loss": 0.006996449129081067, "train_acc": 0.9984567901234568, "val_loss": 4.732620716094971, "val_acc": 0.32142857142857145}
{"type": "epoch", "epoch": 89, "total_epochs": 100, "train_loss": 0.004091576293662742, "train_acc": 1.0, "val_loss": 4.782167911529541, "val_acc": 0.32142857142857145}
{"type": "epoch", "epoch": "89/100", "train_loss": 0.004091576293662742, "train_acc": 1.0, "val_loss": 4.782167911529541, "val_acc": 0.32142857142857145}
{"type": "epoch", "epoch": 90, "total_epochs": 100, "train_loss": 0.0045243759214142224, "train_acc": 1.0, "val_loss": 4.8198652267456055, "val_acc": 0.32142857142857145}
{"type": "epoch", "epoch": "90/100", "train_loss": 0.0045243759214142224, "train_acc": 1.0, "val_loss": 4.8198652267456055, "val_acc": 0.32142857142857145}
{"type": "epoch", "epoch": 91, "total_epochs": 100, "train_loss": 0.011695245165883758, "train_acc": 0.9969135802469136, "val_loss": 4.936591625213623, "val_acc": 0.32142857142857145}
{"type": "epoch", "epoch": "91/100", "train_loss": 0.011695245165883758, "train_acc": 0.9969135802469136, "val_loss": 4.936591625213623, "val_acc": 0.32142857142857145}
{"type": "epoch", "epoch": 92, "total_epochs": 100, "train_loss": 0.004460021301552102, "train_acc": 0.9984567901234568, "val_loss": 4.7889862060546875, "val_acc": 0.32142857142857145}
{"type": "epoch", "epoch": "92/100", "train_loss": 0.004460021301552102, "train_acc": 0.9984567901234568, "val_loss": 4.7889862060546875, "val_acc": 0.32142857142857145}
{"type": "epoch", "epoch": 93, "total_epochs": 100, "train_loss": 0.0043465715867501715, "train_acc": 1.0, "val_loss": 4.8115081787109375, "val_acc": 0.32142857142857145}
{"type": "epoch", "epoch": "93/100", "train_loss": 0.0043465715867501715, "train_acc": 1.0, "val_loss": 4.8115081787109375, "val_acc": 0.32142857142857145}
{"type": "epoch", "epoch": 94, "total_epochs": 100, "train_loss": 0.0032549758016327283, "train_acc": 1.0, "val_loss": 4.7714080810546875, "val_acc": 0.32142857142857145}
{"type": "epoch", "epoch": "94/100", "train_loss": 0.0032549758016327283, "train_acc": 1.0, "val_loss": 4.7714080810546875, "val_acc": 0.32142857142857145}
{"type": "epoch", "epoch": 95, "total_epochs": 100, "train_loss": 0.003096603317025267, "train_acc": 1.0, "val_loss": 4.874080657958984, "val_acc": 0.32142857142857145}
{"type": "epoch", "epoch": "95/100", "train_loss": 0.003096603317025267, "train_acc": 1.0, "val_loss": 4.874080657958984, "val_acc": 0.32142857142857145}
{"type": "epoch", "epoch": 96, "total_epochs": 100, "train_loss": 0.015268235294907182, "train_acc": 0.9969135802469136, "val_loss": 4.743034839630127, "val_acc": 0.32142857142857145}
{"type": "epoch", "epoch": "96/100", "train_loss": 0.015268235294907182, "train_acc": 0.9969135802469136, "val_loss": 4.743034839630127, "val_acc": 0.32142857142857145}
{"type": "epoch", "epoch": 97, "total_epochs": 100, "train_loss": 0.01804837547702554, "train_acc": 0.9969135802469136, "val_loss": 4.932648181915283, "val_acc": 0.32142857142857145}
{"type": "epoch", "epoch": "97/100", "train_loss": 0.01804837547702554, "train_acc": 0.9969135802469136, "val_loss": 4.932648181915283, "val_acc": 0.32142857142857145}
{"type": "epoch", "epoch": 98, "total_epochs": 100, "train_loss": 0.00627550666714892, "train_acc": 0.9984567901234568, "val_loss": 4.771925926208496, "val_acc": 0.32142857142857145}
{"type": "epoch", "epoch": "98/100", "train_loss": 0.00627550666714892, "train_acc": 0.9984567901234568, "val_loss": 4.771925926208496, "val_acc": 0.32142857142857145}
{"type": "epoch", "epoch": 99, "total_epochs": 100, "train_loss": 0.003156849631556758, "train_acc": 1.0, "val_loss": 4.834958076477051, "val_acc": 0.32142857142857145}
{"type": "epoch", "epoch": "99/100", "train_loss": 0.003156849631556758, "train_acc": 1.0, "val_loss": 4.834958076477051, "val_acc": 0.32142857142857145}
EEGNet Val Preds: [2, 2, 2, 2, 1, 2, 3, 1, 0, 2, 1, 1, 2, 3, 2, 2, 2, 1, 2, 2, 2, 2, 1, 2, 2, 3, 2, 3]
EEGNet Val Truth: [1, 3, 2, 2, 0, 2, 1, 1, 3, 1, 0, 0, 1, 0, 3, 0, 3, 0, 2, 3, 3, 1, 1, 0, 2, 3, 2, 2]
{"type": "epoch", "epoch": 100, "total_epochs": 100, "train_loss": 0.004674140317940417, "train_acc": 1.0, "val_loss": 4.945324420928955, "val_acc": 0.32142857142857145}
{"type": "epoch", "epoch": "100/100", "train_loss": 0.004674140317940417, "train_acc": 1.0, "val_loss": 4.945324420928955, "val_acc": 0.32142857142857145}
{"type": "complete", "message": "Training completed successfully for EEGNet on master_way!", "final_val_acc": 0.6071428571428571, "latency_ms": 12.826204299926758}

======================================
Training Model: Shallow ConvNet on Dataset: WayEEGGAL
======================================
{"type": "info", "message": "Dataset already has exactly 32 channels. Keeping original spatial order."}
{"type": "info", "message": "No metadata found. Using temporal slice..."}
{"type": "info", "message": "Augmenting training data... Original shape: (216, 32, 656)"}
{"type": "info", "message": "Augmented shape: (648, 32, 656)"}
{"type": "progress", "message": "Training Shallow ConvNet..."}
{"type": "reset_chart"}
{"type": "epoch", "epoch": 1, "total_epochs": 100, "train_loss": 1.4735609381287187, "train_acc": 0.25308641975308643, "val_loss": 1.3843071460723877, "val_acc": 0.2857142857142857}
{"type": "epoch", "epoch": "1/100", "train_loss": 1.4735609381287187, "train_acc": 0.25308641975308643, "val_loss": 1.3843071460723877, "val_acc": 0.2857142857142857}
{"type": "epoch", "epoch": 2, "total_epochs": 100, "train_loss": 1.3754648087937156, "train_acc": 0.28858024691358025, "val_loss": 1.3713550567626953, "val_acc": 0.32142857142857145}
{"type": "epoch", "epoch": "2/100", "train_loss": 1.3754648087937156, "train_acc": 0.28858024691358025, "val_loss": 1.3713550567626953, "val_acc": 0.32142857142857145}
{"type": "epoch", "epoch": 3, "total_epochs": 100, "train_loss": 1.3239721825093398, "train_acc": 0.3533950617283951, "val_loss": 1.283189058303833, "val_acc": 0.5}
{"type": "epoch", "epoch": "3/100", "train_loss": 1.3239721825093398, "train_acc": 0.3533950617283951, "val_loss": 1.283189058303833, "val_acc": 0.5}
{"type": "epoch", "epoch": 4, "total_epochs": 100, "train_loss": 1.2686184159031622, "train_acc": 0.3950617283950617, "val_loss": 1.233426570892334, "val_acc": 0.5}
{"type": "epoch", "epoch": "4/100", "train_loss": 1.2686184159031622, "train_acc": 0.3950617283950617, "val_loss": 1.233426570892334, "val_acc": 0.5}
{"type": "epoch", "epoch": 5, "total_epochs": 100, "train_loss": 1.1976427546253912, "train_acc": 0.44907407407407407, "val_loss": 1.2292534112930298, "val_acc": 0.4642857142857143}
{"type": "epoch", "epoch": "5/100", "train_loss": 1.1976427546253912, "train_acc": 0.44907407407407407, "val_loss": 1.2292534112930298, "val_acc": 0.4642857142857143}
{"type": "epoch", "epoch": 6, "total_epochs": 100, "train_loss": 1.135519242581026, "train_acc": 0.4660493827160494, "val_loss": 1.873642921447754, "val_acc": 0.32142857142857145}
{"type": "epoch", "epoch": "6/100", "train_loss": 1.135519242581026, "train_acc": 0.4660493827160494, "val_loss": 1.873642921447754, "val_acc": 0.32142857142857145}
{"type": "epoch", "epoch": 7, "total_epochs": 100, "train_loss": 1.0873079417664329, "train_acc": 0.5015432098765432, "val_loss": 1.6481600999832153, "val_acc": 0.32142857142857145}
{"type": "epoch", "epoch": "7/100", "train_loss": 1.0873079417664329, "train_acc": 0.5015432098765432, "val_loss": 1.6481600999832153, "val_acc": 0.32142857142857145}
{"type": "epoch", "epoch": 8, "total_epochs": 100, "train_loss": 1.06697584670267, "train_acc": 0.5679012345679012, "val_loss": 1.4000444412231445, "val_acc": 0.35714285714285715}
{"type": "epoch", "epoch": "8/100", "train_loss": 1.06697584670267, "train_acc": 0.5679012345679012, "val_loss": 1.4000444412231445, "val_acc": 0.35714285714285715}
{"type": "epoch", "epoch": 9, "total_epochs": 100, "train_loss": 1.0173779004885826, "train_acc": 0.5648148148148148, "val_loss": 1.957949161529541, "val_acc": 0.32142857142857145}
{"type": "epoch", "epoch": "9/100", "train_loss": 1.0173779004885826, "train_acc": 0.5648148148148148, "val_loss": 1.957949161529541, "val_acc": 0.32142857142857145}
{"type": "epoch", "epoch": 10, "total_epochs": 100, "train_loss": 0.9849434193269706, "train_acc": 0.595679012345679, "val_loss": 1.7360689640045166, "val_acc": 0.35714285714285715}
{"type": "epoch", "epoch": "10/100", "train_loss": 0.9849434193269706, "train_acc": 0.595679012345679, "val_loss": 1.7360689640045166, "val_acc": 0.35714285714285715}
{"type": "epoch", "epoch": 11, "total_epochs": 100, "train_loss": 0.9385499439121764, "train_acc": 0.6435185185185185, "val_loss": 2.0360214710235596, "val_acc": 0.2857142857142857}
{"type": "epoch", "epoch": "11/100", "train_loss": 0.9385499439121764, "train_acc": 0.6435185185185185, "val_loss": 2.0360214710235596, "val_acc": 0.2857142857142857}
{"type": "epoch", "epoch": 12, "total_epochs": 100, "train_loss": 0.9514098241005415, "train_acc": 0.6265432098765432, "val_loss": 1.5842344760894775, "val_acc": 0.39285714285714285}
{"type": "epoch", "epoch": "12/100", "train_loss": 0.9514098241005415, "train_acc": 0.6265432098765432, "val_loss": 1.5842344760894775, "val_acc": 0.39285714285714285}
{"type": "epoch", "epoch": 13, "total_epochs": 100, "train_loss": 0.9190838329585982, "train_acc": 0.6712962962962963, "val_loss": 1.7392953634262085, "val_acc": 0.35714285714285715}
{"type": "epoch", "epoch": "13/100", "train_loss": 0.9190838329585982, "train_acc": 0.6712962962962963, "val_loss": 1.7392953634262085, "val_acc": 0.35714285714285715}
{"type": "epoch", "epoch": 14, "total_epochs": 100, "train_loss": 0.8444156977865431, "train_acc": 0.6975308641975309, "val_loss": 2.109719753265381, "val_acc": 0.39285714285714285}
{"type": "epoch", "epoch": "14/100", "train_loss": 0.8444156977865431, "train_acc": 0.6975308641975309, "val_loss": 2.109719753265381, "val_acc": 0.39285714285714285}
{"type": "epoch", "epoch": 15, "total_epochs": 100, "train_loss": 0.8079070883032716, "train_acc": 0.7283950617283951, "val_loss": 1.978195071220398, "val_acc": 0.32142857142857145}
{"type": "epoch", "epoch": "15/100", "train_loss": 0.8079070883032716, "train_acc": 0.7283950617283951, "val_loss": 1.978195071220398, "val_acc": 0.32142857142857145}
{"type": "epoch", "epoch": 16, "total_epochs": 100, "train_loss": 0.8142458421212656, "train_acc": 0.7037037037037037, "val_loss": 2.2800395488739014, "val_acc": 0.35714285714285715}
{"type": "epoch", "epoch": "16/100", "train_loss": 0.8142458421212656, "train_acc": 0.7037037037037037, "val_loss": 2.2800395488739014, "val_acc": 0.35714285714285715}
{"type": "epoch", "epoch": 17, "total_epochs": 100, "train_loss": 0.8100936795458381, "train_acc": 0.7453703703703703, "val_loss": 1.859631896018982, "val_acc": 0.32142857142857145}
{"type": "epoch", "epoch": "17/100", "train_loss": 0.8100936795458381, "train_acc": 0.7453703703703703, "val_loss": 1.859631896018982, "val_acc": 0.32142857142857145}
{"type": "epoch", "epoch": 18, "total_epochs": 100, "train_loss": 0.7831103006998698, "train_acc": 0.7546296296296297, "val_loss": 2.8211283683776855, "val_acc": 0.32142857142857145}
{"type": "epoch", "epoch": "18/100", "train_loss": 0.7831103006998698, "train_acc": 0.7546296296296297, "val_loss": 2.8211283683776855, "val_acc": 0.32142857142857145}
{"type": "epoch", "epoch": 19, "total_epochs": 100, "train_loss": 0.8048446546366186, "train_acc": 0.7422839506172839, "val_loss": 3.0369210243225098, "val_acc": 0.35714285714285715}
{"type": "epoch", "epoch": "19/100", "train_loss": 0.8048446546366186, "train_acc": 0.7422839506172839, "val_loss": 3.0369210243225098, "val_acc": 0.35714285714285715}
{"type": "epoch", "epoch": 20, "total_epochs": 100, "train_loss": 0.7475693579073306, "train_acc": 0.7669753086419753, "val_loss": 2.2808728218078613, "val_acc": 0.35714285714285715}
{"type": "epoch", "epoch": "20/100", "train_loss": 0.7475693579073306, "train_acc": 0.7669753086419753, "val_loss": 2.2808728218078613, "val_acc": 0.35714285714285715}
{"type": "epoch", "epoch": 21, "total_epochs": 100, "train_loss": 0.7210127593558512, "train_acc": 0.7993827160493827, "val_loss": 2.5956060886383057, "val_acc": 0.32142857142857145}
{"type": "epoch", "epoch": "21/100", "train_loss": 0.7210127593558512, "train_acc": 0.7993827160493827, "val_loss": 2.5956060886383057, "val_acc": 0.32142857142857145}
{"type": "epoch", "epoch": 22, "total_epochs": 100, "train_loss": 0.7096463883364642, "train_acc": 0.7762345679012346, "val_loss": 2.0834577083587646, "val_acc": 0.32142857142857145}
{"type": "epoch", "epoch": "22/100", "train_loss": 0.7096463883364642, "train_acc": 0.7762345679012346, "val_loss": 2.0834577083587646, "val_acc": 0.32142857142857145}
{"type": "epoch", "epoch": 23, "total_epochs": 100, "train_loss": 0.7102422066676763, "train_acc": 0.7885802469135802, "val_loss": 3.1293137073516846, "val_acc": 0.35714285714285715}
{"type": "epoch", "epoch": "23/100", "train_loss": 0.7102422066676763, "train_acc": 0.7885802469135802, "val_loss": 3.1293137073516846, "val_acc": 0.35714285714285715}
{"type": "epoch", "epoch": 24, "total_epochs": 100, "train_loss": 0.6596059291451065, "train_acc": 0.8379629629629629, "val_loss": 2.939547061920166, "val_acc": 0.32142857142857145}
{"type": "epoch", "epoch": "24/100", "train_loss": 0.6596059291451065, "train_acc": 0.8379629629629629, "val_loss": 2.939547061920166, "val_acc": 0.32142857142857145}
{"type": "epoch", "epoch": 25, "total_epochs": 100, "train_loss": 0.6625625807561992, "train_acc": 0.8317901234567902, "val_loss": 2.6696107387542725, "val_acc": 0.32142857142857145}
{"type": "epoch", "epoch": "25/100", "train_loss": 0.6625625807561992, "train_acc": 0.8317901234567902, "val_loss": 2.6696107387542725, "val_acc": 0.32142857142857145}
{"type": "epoch", "epoch": 26, "total_epochs": 100, "train_loss": 0.6512200243679094, "train_acc": 0.8549382716049383, "val_loss": 2.6361119747161865, "val_acc": 0.32142857142857145}
{"type": "epoch", "epoch": "26/100", "train_loss": 0.6512200243679094, "train_acc": 0.8549382716049383, "val_loss": 2.6361119747161865, "val_acc": 0.32142857142857145}
{"type": "epoch", "epoch": 27, "total_epochs": 100, "train_loss": 0.6305967863695121, "train_acc": 0.8425925925925926, "val_loss": 2.652085304260254, "val_acc": 0.32142857142857145}
{"type": "epoch", "epoch": "27/100", "train_loss": 0.6305967863695121, "train_acc": 0.8425925925925926, "val_loss": 2.652085304260254, "val_acc": 0.32142857142857145}
{"type": "epoch", "epoch": 28, "total_epochs": 100, "train_loss": 0.6698459166067617, "train_acc": 0.8117283950617284, "val_loss": 2.655324935913086, "val_acc": 0.35714285714285715}
{"type": "epoch", "epoch": "28/100", "train_loss": 0.6698459166067617, "train_acc": 0.8117283950617284, "val_loss": 2.655324935913086, "val_acc": 0.35714285714285715}
{"type": "epoch", "epoch": 29, "total_epochs": 100, "train_loss": 0.6274353663126627, "train_acc": 0.8379629629629629, "val_loss": 2.404808759689331, "val_acc": 0.35714285714285715}
{"type": "epoch", "epoch": "29/100", "train_loss": 0.6274353663126627, "train_acc": 0.8379629629629629, "val_loss": 2.404808759689331, "val_acc": 0.35714285714285715}
{"type": "epoch", "epoch": 30, "total_epochs": 100, "train_loss": 0.6389458525327989, "train_acc": 0.8472222222222222, "val_loss": 2.340886116027832, "val_acc": 0.35714285714285715}
{"type": "epoch", "epoch": "30/100", "train_loss": 0.6389458525327989, "train_acc": 0.8472222222222222, "val_loss": 2.340886116027832, "val_acc": 0.35714285714285715}
{"type": "epoch", "epoch": 31, "total_epochs": 100, "train_loss": 0.6002768057364004, "train_acc": 0.8780864197530864, "val_loss": 2.667506217956543, "val_acc": 0.32142857142857145}
{"type": "epoch", "epoch": "31/100", "train_loss": 0.6002768057364004, "train_acc": 0.8780864197530864, "val_loss": 2.667506217956543, "val_acc": 0.32142857142857145}
{"type": "epoch", "epoch": 32, "total_epochs": 100, "train_loss": 0.5880965524249606, "train_acc": 0.8888888888888888, "val_loss": 2.5170226097106934, "val_acc": 0.32142857142857145}
{"type": "epoch", "epoch": "32/100", "train_loss": 0.5880965524249606, "train_acc": 0.8888888888888888, "val_loss": 2.5170226097106934, "val_acc": 0.32142857142857145}
{"type": "epoch", "epoch": 33, "total_epochs": 100, "train_loss": 0.5937330148838185, "train_acc": 0.8719135802469136, "val_loss": 1.9822975397109985, "val_acc": 0.42857142857142855}
{"type": "epoch", "epoch": "33/100", "train_loss": 0.5937330148838185, "train_acc": 0.8719135802469136, "val_loss": 1.9822975397109985, "val_acc": 0.42857142857142855}
{"type": "epoch", "epoch": 34, "total_epochs": 100, "train_loss": 0.564461546179689, "train_acc": 0.8981481481481481, "val_loss": 2.8212924003601074, "val_acc": 0.32142857142857145}
{"type": "epoch", "epoch": "34/100", "train_loss": 0.564461546179689, "train_acc": 0.8981481481481481, "val_loss": 2.8212924003601074, "val_acc": 0.32142857142857145}
{"type": "epoch", "epoch": 35, "total_epochs": 100, "train_loss": 0.5387227998839484, "train_acc": 0.9135802469135802, "val_loss": 2.218644380569458, "val_acc": 0.42857142857142855}
{"type": "epoch", "epoch": "35/100", "train_loss": 0.5387227998839484, "train_acc": 0.9135802469135802, "val_loss": 2.218644380569458, "val_acc": 0.42857142857142855}
{"type": "epoch", "epoch": 36, "total_epochs": 100, "train_loss": 0.5447242105448687, "train_acc": 0.8950617283950617, "val_loss": 2.7298638820648193, "val_acc": 0.32142857142857145}
{"type": "epoch", "epoch": "36/100", "train_loss": 0.5447242105448687, "train_acc": 0.8950617283950617, "val_loss": 2.7298638820648193, "val_acc": 0.32142857142857145}
{"type": "epoch", "epoch": 37, "total_epochs": 100, "train_loss": 0.5563101297543372, "train_acc": 0.8950617283950617, "val_loss": 2.3824005126953125, "val_acc": 0.35714285714285715}
{"type": "epoch", "epoch": "37/100", "train_loss": 0.5563101297543372, "train_acc": 0.8950617283950617, "val_loss": 2.3824005126953125, "val_acc": 0.35714285714285715}
{"type": "epoch", "epoch": 38, "total_epochs": 100, "train_loss": 0.5807110218354213, "train_acc": 0.8796296296296297, "val_loss": 2.3449556827545166, "val_acc": 0.39285714285714285}
{"type": "epoch", "epoch": "38/100", "train_loss": 0.5807110218354213, "train_acc": 0.8796296296296297, "val_loss": 2.3449556827545166, "val_acc": 0.39285714285714285}
{"type": "epoch", "epoch": 39, "total_epochs": 100, "train_loss": 0.5205109693385936, "train_acc": 0.9182098765432098, "val_loss": 2.708235263824463, "val_acc": 0.35714285714285715}
{"type": "epoch", "epoch": "39/100", "train_loss": 0.5205109693385936, "train_acc": 0.9182098765432098, "val_loss": 2.708235263824463, "val_acc": 0.35714285714285715}
{"type": "epoch", "epoch": 40, "total_epochs": 100, "train_loss": 0.5362477935390708, "train_acc": 0.9212962962962963, "val_loss": 2.6770339012145996, "val_acc": 0.35714285714285715}
{"type": "epoch", "epoch": "40/100", "train_loss": 0.5362477935390708, "train_acc": 0.9212962962962963, "val_loss": 2.6770339012145996, "val_acc": 0.35714285714285715}
{"type": "epoch", "epoch": 41, "total_epochs": 100, "train_loss": 0.5393324545872065, "train_acc": 0.9151234567901234, "val_loss": 2.3394436836242676, "val_acc": 0.39285714285714285}
{"type": "epoch", "epoch": "41/100", "train_loss": 0.5393324545872065, "train_acc": 0.9151234567901234, "val_loss": 2.3394436836242676, "val_acc": 0.39285714285714285}
{"type": "epoch", "epoch": 42, "total_epochs": 100, "train_loss": 0.5793019385985386, "train_acc": 0.8904320987654321, "val_loss": 2.444303512573242, "val_acc": 0.39285714285714285}
{"type": "epoch", "epoch": "42/100", "train_loss": 0.5793019385985386, "train_acc": 0.8904320987654321, "val_loss": 2.444303512573242, "val_acc": 0.39285714285714285}
{"type": "epoch", "epoch": 43, "total_epochs": 100, "train_loss": 0.5522012681136896, "train_acc": 0.8981481481481481, "val_loss": 2.0964505672454834, "val_acc": 0.39285714285714285}
{"type": "epoch", "epoch": "43/100", "train_loss": 0.5522012681136896, "train_acc": 0.8981481481481481, "val_loss": 2.0964505672454834, "val_acc": 0.39285714285714285}
{"type": "epoch", "epoch": 44, "total_epochs": 100, "train_loss": 0.5218753402615771, "train_acc": 0.9274691358024691, "val_loss": 2.7513017654418945, "val_acc": 0.32142857142857145}
{"type": "epoch", "epoch": "44/100", "train_loss": 0.5218753402615771, "train_acc": 0.9274691358024691, "val_loss": 2.7513017654418945, "val_acc": 0.32142857142857145}
{"type": "epoch", "epoch": 45, "total_epochs": 100, "train_loss": 0.5043607037744404, "train_acc": 0.9290123456790124, "val_loss": 2.6170601844787598, "val_acc": 0.35714285714285715}
{"type": "epoch", "epoch": "45/100", "train_loss": 0.5043607037744404, "train_acc": 0.9290123456790124, "val_loss": 2.6170601844787598, "val_acc": 0.35714285714285715}
{"type": "epoch", "epoch": 46, "total_epochs": 100, "train_loss": 0.49185405837164986, "train_acc": 0.9290123456790124, "val_loss": 2.4838292598724365, "val_acc": 0.35714285714285715}
{"type": "epoch", "epoch": "46/100", "train_loss": 0.49185405837164986, "train_acc": 0.9290123456790124, "val_loss": 2.4838292598724365, "val_acc": 0.35714285714285715}
{"type": "epoch", "epoch": 47, "total_epochs": 100, "train_loss": 0.4704995442319799, "train_acc": 0.9521604938271605, "val_loss": 2.511464834213257, "val_acc": 0.39285714285714285}
{"type": "epoch", "epoch": "47/100", "train_loss": 0.4704995442319799, "train_acc": 0.9521604938271605, "val_loss": 2.511464834213257, "val_acc": 0.39285714285714285}
{"type": "epoch", "epoch": 48, "total_epochs": 100, "train_loss": 0.45919437099386146, "train_acc": 0.9552469135802469, "val_loss": 2.753858804702759, "val_acc": 0.32142857142857145}
{"type": "epoch", "epoch": "48/100", "train_loss": 0.45919437099386146, "train_acc": 0.9552469135802469, "val_loss": 2.753858804702759, "val_acc": 0.32142857142857145}
{"type": "epoch", "epoch": 49, "total_epochs": 100, "train_loss": 0.4872639775276184, "train_acc": 0.9290123456790124, "val_loss": 2.6062023639678955, "val_acc": 0.35714285714285715}
{"type": "epoch", "epoch": "49/100", "train_loss": 0.4872639775276184, "train_acc": 0.9290123456790124, "val_loss": 2.6062023639678955, "val_acc": 0.35714285714285715}
{"type": "epoch", "epoch": 50, "total_epochs": 100, "train_loss": 0.456927795469025, "train_acc": 0.9552469135802469, "val_loss": 2.5873515605926514, "val_acc": 0.35714285714285715}
{"type": "epoch", "epoch": "50/100", "train_loss": 0.456927795469025, "train_acc": 0.9552469135802469, "val_loss": 2.5873515605926514, "val_acc": 0.35714285714285715}
{"type": "epoch", "epoch": 51, "total_epochs": 100, "train_loss": 0.4719569800812521, "train_acc": 0.9506172839506173, "val_loss": 2.4923110008239746, "val_acc": 0.39285714285714285}
{"type": "epoch", "epoch": "51/100", "train_loss": 0.4719569800812521, "train_acc": 0.9506172839506173, "val_loss": 2.4923110008239746, "val_acc": 0.39285714285714285}
{"type": "epoch", "epoch": 52, "total_epochs": 100, "train_loss": 0.44680227320871235, "train_acc": 0.9567901234567902, "val_loss": 2.6550307273864746, "val_acc": 0.35714285714285715}
{"type": "epoch", "epoch": "52/100", "train_loss": 0.44680227320871235, "train_acc": 0.9567901234567902, "val_loss": 2.6550307273864746, "val_acc": 0.35714285714285715}
{"type": "epoch", "epoch": 53, "total_epochs": 100, "train_loss": 0.45136149871496506, "train_acc": 0.9521604938271605, "val_loss": 2.5396475791931152, "val_acc": 0.35714285714285715}
{"type": "epoch", "epoch": "53/100", "train_loss": 0.45136149871496506, "train_acc": 0.9521604938271605, "val_loss": 2.5396475791931152, "val_acc": 0.35714285714285715}
{"type": "epoch", "epoch": 54, "total_epochs": 100, "train_loss": 0.4506777819292045, "train_acc": 0.9521604938271605, "val_loss": 2.531432628631592, "val_acc": 0.39285714285714285}
{"type": "epoch", "epoch": "54/100", "train_loss": 0.4506777819292045, "train_acc": 0.9521604938271605, "val_loss": 2.531432628631592, "val_acc": 0.39285714285714285}
{"type": "epoch", "epoch": 55, "total_epochs": 100, "train_loss": 0.4167222042142609, "train_acc": 0.9753086419753086, "val_loss": 2.5408432483673096, "val_acc": 0.35714285714285715}
{"type": "epoch", "epoch": "55/100", "train_loss": 0.4167222042142609, "train_acc": 0.9753086419753086, "val_loss": 2.5408432483673096, "val_acc": 0.35714285714285715}
{"type": "epoch", "epoch": 56, "total_epochs": 100, "train_loss": 0.43390578620227765, "train_acc": 0.9629629629629629, "val_loss": 2.6453800201416016, "val_acc": 0.35714285714285715}
{"type": "epoch", "epoch": "56/100", "train_loss": 0.43390578620227765, "train_acc": 0.9629629629629629, "val_loss": 2.6453800201416016, "val_acc": 0.35714285714285715}
{"type": "epoch", "epoch": 57, "total_epochs": 100, "train_loss": 0.4466608939347444, "train_acc": 0.9567901234567902, "val_loss": 2.436955690383911, "val_acc": 0.39285714285714285}
{"type": "epoch", "epoch": "57/100", "train_loss": 0.4466608939347444, "train_acc": 0.9567901234567902, "val_loss": 2.436955690383911, "val_acc": 0.39285714285714285}
{"type": "epoch", "epoch": 58, "total_epochs": 100, "train_loss": 0.4126124617494183, "train_acc": 0.9768518518518519, "val_loss": 2.578361749649048, "val_acc": 0.35714285714285715}
{"type": "epoch", "epoch": "58/100", "train_loss": 0.4126124617494183, "train_acc": 0.9768518518518519, "val_loss": 2.578361749649048, "val_acc": 0.35714285714285715}
{"type": "epoch", "epoch": 59, "total_epochs": 100, "train_loss": 0.4037951370816172, "train_acc": 0.9891975308641975, "val_loss": 2.7281861305236816, "val_acc": 0.32142857142857145}
{"type": "epoch", "epoch": "59/100", "train_loss": 0.4037951370816172, "train_acc": 0.9891975308641975, "val_loss": 2.7281861305236816, "val_acc": 0.32142857142857145}
{"type": "epoch", "epoch": 60, "total_epochs": 100, "train_loss": 0.4191740295033396, "train_acc": 0.9737654320987654, "val_loss": 2.5225343704223633, "val_acc": 0.35714285714285715}
{"type": "epoch", "epoch": "60/100", "train_loss": 0.4191740295033396, "train_acc": 0.9737654320987654, "val_loss": 2.5225343704223633, "val_acc": 0.35714285714285715}
{"type": "epoch", "epoch": 61, "total_epochs": 100, "train_loss": 0.4251281611713362, "train_acc": 0.9691358024691358, "val_loss": 2.4267754554748535, "val_acc": 0.39285714285714285}
{"type": "epoch", "epoch": "61/100", "train_loss": 0.4251281611713362, "train_acc": 0.9691358024691358, "val_loss": 2.4267754554748535, "val_acc": 0.39285714285714285}
{"type": "epoch", "epoch": 62, "total_epochs": 100, "train_loss": 0.40548678092014645, "train_acc": 0.9783950617283951, "val_loss": 2.344733715057373, "val_acc": 0.39285714285714285}
{"type": "epoch", "epoch": "62/100", "train_loss": 0.40548678092014645, "train_acc": 0.9783950617283951, "val_loss": 2.344733715057373, "val_acc": 0.39285714285714285}
{"type": "epoch", "epoch": 63, "total_epochs": 100, "train_loss": 0.39842971828248763, "train_acc": 0.9768518518518519, "val_loss": 2.4043710231781006, "val_acc": 0.39285714285714285}
{"type": "epoch", "epoch": "63/100", "train_loss": 0.39842971828248763, "train_acc": 0.9768518518518519, "val_loss": 2.4043710231781006, "val_acc": 0.39285714285714285}
{"type": "epoch", "epoch": 64, "total_epochs": 100, "train_loss": 0.41725491888729144, "train_acc": 0.9675925925925926, "val_loss": 2.579118013381958, "val_acc": 0.35714285714285715}
{"type": "epoch", "epoch": "64/100", "train_loss": 0.41725491888729144, "train_acc": 0.9675925925925926, "val_loss": 2.579118013381958, "val_acc": 0.35714285714285715}
{"type": "epoch", "epoch": 65, "total_epochs": 100, "train_loss": 0.4277594266114412, "train_acc": 0.9675925925925926, "val_loss": 2.365055799484253, "val_acc": 0.39285714285714285}
{"type": "epoch", "epoch": "65/100", "train_loss": 0.4277594266114412, "train_acc": 0.9675925925925926, "val_loss": 2.365055799484253, "val_acc": 0.39285714285714285}
{"type": "epoch", "epoch": 66, "total_epochs": 100, "train_loss": 0.41256805996835966, "train_acc": 0.9753086419753086, "val_loss": 2.4109737873077393, "val_acc": 0.39285714285714285}
{"type": "epoch", "epoch": "66/100", "train_loss": 0.41256805996835966, "train_acc": 0.9753086419753086, "val_loss": 2.4109737873077393, "val_acc": 0.39285714285714285}
{"type": "epoch", "epoch": 67, "total_epochs": 100, "train_loss": 0.38223345117804447, "train_acc": 0.9907407407407407, "val_loss": 2.390291929244995, "val_acc": 0.39285714285714285}
{"type": "epoch", "epoch": "67/100", "train_loss": 0.38223345117804447, "train_acc": 0.9907407407407407, "val_loss": 2.390291929244995, "val_acc": 0.39285714285714285}
{"type": "epoch", "epoch": 68, "total_epochs": 100, "train_loss": 0.39750453351456444, "train_acc": 0.9799382716049383, "val_loss": 2.477914333343506, "val_acc": 0.35714285714285715}
{"type": "epoch", "epoch": "68/100", "train_loss": 0.39750453351456444, "train_acc": 0.9799382716049383, "val_loss": 2.477914333343506, "val_acc": 0.35714285714285715}
{"type": "epoch", "epoch": 69, "total_epochs": 100, "train_loss": 0.39226641846291815, "train_acc": 0.9799382716049383, "val_loss": 2.2689173221588135, "val_acc": 0.39285714285714285}
{"type": "epoch", "epoch": "69/100", "train_loss": 0.39226641846291815, "train_acc": 0.9799382716049383, "val_loss": 2.2689173221588135, "val_acc": 0.39285714285714285}
{"type": "epoch", "epoch": 70, "total_epochs": 100, "train_loss": 0.3942150135099152, "train_acc": 0.9830246913580247, "val_loss": 2.543292999267578, "val_acc": 0.35714285714285715}
{"type": "epoch", "epoch": "70/100", "train_loss": 0.3942150135099152, "train_acc": 0.9830246913580247, "val_loss": 2.543292999267578, "val_acc": 0.35714285714285715}
{"type": "epoch", "epoch": 71, "total_epochs": 100, "train_loss": 0.3897200977360761, "train_acc": 0.9845679012345679, "val_loss": 2.351120948791504, "val_acc": 0.39285714285714285}
{"type": "epoch", "epoch": "71/100", "train_loss": 0.3897200977360761, "train_acc": 0.9845679012345679, "val_loss": 2.351120948791504, "val_acc": 0.39285714285714285}
{"type": "epoch", "epoch": 72, "total_epochs": 100, "train_loss": 0.3820081618097093, "train_acc": 0.9876543209876543, "val_loss": 2.553640604019165, "val_acc": 0.35714285714285715}
{"type": "epoch", "epoch": "72/100", "train_loss": 0.3820081618097093, "train_acc": 0.9876543209876543, "val_loss": 2.553640604019165, "val_acc": 0.35714285714285715}
{"type": "epoch", "epoch": 73, "total_epochs": 100, "train_loss": 0.38219551944438324, "train_acc": 0.9861111111111112, "val_loss": 2.3688955307006836, "val_acc": 0.39285714285714285}
{"type": "epoch", "epoch": "73/100", "train_loss": 0.38219551944438324, "train_acc": 0.9861111111111112, "val_loss": 2.3688955307006836, "val_acc": 0.39285714285714285}
{"type": "epoch", "epoch": 74, "total_epochs": 100, "train_loss": 0.37856566538045433, "train_acc": 0.9876543209876543, "val_loss": 2.4594287872314453, "val_acc": 0.35714285714285715}
{"type": "epoch", "epoch": "74/100", "train_loss": 0.37856566538045433, "train_acc": 0.9876543209876543, "val_loss": 2.4594287872314453, "val_acc": 0.35714285714285715}
{"type": "epoch", "epoch": 75, "total_epochs": 100, "train_loss": 0.3754283903557577, "train_acc": 0.9953703703703703, "val_loss": 2.438180923461914, "val_acc": 0.35714285714285715}
{"type": "epoch", "epoch": "75/100", "train_loss": 0.3754283903557577, "train_acc": 0.9953703703703703, "val_loss": 2.438180923461914, "val_acc": 0.35714285714285715}
{"type": "epoch", "epoch": 76, "total_epochs": 100, "train_loss": 0.3782810863153434, "train_acc": 0.9891975308641975, "val_loss": 2.3795063495635986, "val_acc": 0.39285714285714285}
{"type": "epoch", "epoch": "76/100", "train_loss": 0.3782810863153434, "train_acc": 0.9891975308641975, "val_loss": 2.3795063495635986, "val_acc": 0.39285714285714285}
{"type": "epoch", "epoch": 77, "total_epochs": 100, "train_loss": 0.3918201334682512, "train_acc": 0.9845679012345679, "val_loss": 2.5569698810577393, "val_acc": 0.32142857142857145}
{"type": "epoch", "epoch": "77/100", "train_loss": 0.3918201334682512, "train_acc": 0.9845679012345679, "val_loss": 2.5569698810577393, "val_acc": 0.32142857142857145}
{"type": "epoch", "epoch": 78, "total_epochs": 100, "train_loss": 0.37981354307245324, "train_acc": 0.9891975308641975, "val_loss": 2.4334561824798584, "val_acc": 0.35714285714285715}
{"type": "epoch", "epoch": "78/100", "train_loss": 0.37981354307245324, "train_acc": 0.9891975308641975, "val_loss": 2.4334561824798584, "val_acc": 0.35714285714285715}
{"type": "epoch", "epoch": 79, "total_epochs": 100, "train_loss": 0.374172591868742, "train_acc": 0.9891975308641975, "val_loss": 2.45007061958313, "val_acc": 0.35714285714285715}
{"type": "epoch", "epoch": "79/100", "train_loss": 0.374172591868742, "train_acc": 0.9891975308641975, "val_loss": 2.45007061958313, "val_acc": 0.35714285714285715}
{"type": "epoch", "epoch": 80, "total_epochs": 100, "train_loss": 0.3692038714149852, "train_acc": 0.9953703703703703, "val_loss": 2.448167562484741, "val_acc": 0.35714285714285715}
{"type": "epoch", "epoch": "80/100", "train_loss": 0.3692038714149852, "train_acc": 0.9953703703703703, "val_loss": 2.448167562484741, "val_acc": 0.35714285714285715}
{"type": "epoch", "epoch": 81, "total_epochs": 100, "train_loss": 0.3795375441327507, "train_acc": 0.9907407407407407, "val_loss": 2.420823812484741, "val_acc": 0.35714285714285715}
{"type": "epoch", "epoch": "81/100", "train_loss": 0.3795375441327507, "train_acc": 0.9907407407407407, "val_loss": 2.420823812484741, "val_acc": 0.35714285714285715}
{"type": "epoch", "epoch": 82, "total_epochs": 100, "train_loss": 0.3806937653341411, "train_acc": 0.9907407407407407, "val_loss": 2.348142623901367, "val_acc": 0.39285714285714285}
{"type": "epoch", "epoch": "82/100", "train_loss": 0.3806937653341411, "train_acc": 0.9907407407407407, "val_loss": 2.348142623901367, "val_acc": 0.39285714285714285}
{"type": "epoch", "epoch": 83, "total_epochs": 100, "train_loss": 0.3687235477529926, "train_acc": 0.9969135802469136, "val_loss": 2.3087069988250732, "val_acc": 0.39285714285714285}
{"type": "epoch", "epoch": "83/100", "train_loss": 0.3687235477529926, "train_acc": 0.9969135802469136, "val_loss": 2.3087069988250732, "val_acc": 0.39285714285714285}
{"type": "epoch", "epoch": 84, "total_epochs": 100, "train_loss": 0.3680816520879298, "train_acc": 0.9953703703703703, "val_loss": 2.335294246673584, "val_acc": 0.39285714285714285}
{"type": "epoch", "epoch": "84/100", "train_loss": 0.3680816520879298, "train_acc": 0.9953703703703703, "val_loss": 2.335294246673584, "val_acc": 0.39285714285714285}
{"type": "epoch", "epoch": 85, "total_epochs": 100, "train_loss": 0.3721618218186461, "train_acc": 0.9938271604938271, "val_loss": 2.370968818664551, "val_acc": 0.39285714285714285}
{"type": "epoch", "epoch": "85/100", "train_loss": 0.3721618218186461, "train_acc": 0.9938271604938271, "val_loss": 2.370968818664551, "val_acc": 0.39285714285714285}
{"type": "epoch", "epoch": 86, "total_epochs": 100, "train_loss": 0.3710305801144353, "train_acc": 0.9907407407407407, "val_loss": 2.3418407440185547, "val_acc": 0.39285714285714285}
{"type": "epoch", "epoch": "86/100", "train_loss": 0.3710305801144353, "train_acc": 0.9907407407407407, "val_loss": 2.3418407440185547, "val_acc": 0.39285714285714285}
{"type": "epoch", "epoch": 87, "total_epochs": 100, "train_loss": 0.3708870940738254, "train_acc": 0.9938271604938271, "val_loss": 2.4044437408447266, "val_acc": 0.39285714285714285}
{"type": "epoch", "epoch": "87/100", "train_loss": 0.3708870940738254, "train_acc": 0.9938271604938271, "val_loss": 2.4044437408447266, "val_acc": 0.39285714285714285}
{"type": "epoch", "epoch": 88, "total_epochs": 100, "train_loss": 0.37475733109462406, "train_acc": 0.9938271604938271, "val_loss": 2.3868894577026367, "val_acc": 0.39285714285714285}
{"type": "epoch", "epoch": "88/100", "train_loss": 0.37475733109462406, "train_acc": 0.9938271604938271, "val_loss": 2.3868894577026367, "val_acc": 0.39285714285714285}
{"type": "epoch", "epoch": 89, "total_epochs": 100, "train_loss": 0.37761804939788063, "train_acc": 0.9876543209876543, "val_loss": 2.432718515396118, "val_acc": 0.35714285714285715}
{"type": "epoch", "epoch": "89/100", "train_loss": 0.37761804939788063, "train_acc": 0.9876543209876543, "val_loss": 2.432718515396118, "val_acc": 0.35714285714285715}
{"type": "epoch", "epoch": 90, "total_epochs": 100, "train_loss": 0.3707604533360328, "train_acc": 0.9938271604938271, "val_loss": 2.4198482036590576, "val_acc": 0.35714285714285715}
{"type": "epoch", "epoch": "90/100", "train_loss": 0.3707604533360328, "train_acc": 0.9938271604938271, "val_loss": 2.4198482036590576, "val_acc": 0.35714285714285715}
{"type": "epoch", "epoch": 91, "total_epochs": 100, "train_loss": 0.37043970676116, "train_acc": 0.9953703703703703, "val_loss": 2.352222204208374, "val_acc": 0.39285714285714285}
{"type": "epoch", "epoch": "91/100", "train_loss": 0.37043970676116, "train_acc": 0.9953703703703703, "val_loss": 2.352222204208374, "val_acc": 0.39285714285714285}
{"type": "epoch", "epoch": 92, "total_epochs": 100, "train_loss": 0.3747420428711691, "train_acc": 0.9938271604938271, "val_loss": 2.3621888160705566, "val_acc": 0.39285714285714285}
{"type": "epoch", "epoch": "92/100", "train_loss": 0.3747420428711691, "train_acc": 0.9938271604938271, "val_loss": 2.3621888160705566, "val_acc": 0.39285714285714285}
{"type": "epoch", "epoch": 93, "total_epochs": 100, "train_loss": 0.36766766398041334, "train_acc": 0.9984567901234568, "val_loss": 2.350694179534912, "val_acc": 0.39285714285714285}
{"type": "epoch", "epoch": "93/100", "train_loss": 0.36766766398041334, "train_acc": 0.9984567901234568, "val_loss": 2.350694179534912, "val_acc": 0.39285714285714285}
{"type": "epoch", "epoch": 94, "total_epochs": 100, "train_loss": 0.3675839606626534, "train_acc": 0.9938271604938271, "val_loss": 2.3458127975463867, "val_acc": 0.39285714285714285}
{"type": "epoch", "epoch": "94/100", "train_loss": 0.3675839606626534, "train_acc": 0.9938271604938271, "val_loss": 2.3458127975463867, "val_acc": 0.39285714285714285}
{"type": "epoch", "epoch": 95, "total_epochs": 100, "train_loss": 0.36858232300958516, "train_acc": 0.9938271604938271, "val_loss": 2.40169620513916, "val_acc": 0.39285714285714285}
{"type": "epoch", "epoch": "95/100", "train_loss": 0.36858232300958516, "train_acc": 0.9938271604938271, "val_loss": 2.40169620513916, "val_acc": 0.39285714285714285}
{"type": "epoch", "epoch": 96, "total_epochs": 100, "train_loss": 0.36900051140490875, "train_acc": 0.9953703703703703, "val_loss": 2.370128870010376, "val_acc": 0.39285714285714285}
{"type": "epoch", "epoch": "96/100", "train_loss": 0.36900051140490875, "train_acc": 0.9953703703703703, "val_loss": 2.370128870010376, "val_acc": 0.39285714285714285}
{"type": "epoch", "epoch": 97, "total_epochs": 100, "train_loss": 0.37876448145619146, "train_acc": 0.9922839506172839, "val_loss": 2.382430076599121, "val_acc": 0.39285714285714285}
{"type": "epoch", "epoch": "97/100", "train_loss": 0.37876448145619146, "train_acc": 0.9922839506172839, "val_loss": 2.382430076599121, "val_acc": 0.39285714285714285}
{"type": "epoch", "epoch": 98, "total_epochs": 100, "train_loss": 0.3672513019891433, "train_acc": 0.9969135802469136, "val_loss": 2.3564844131469727, "val_acc": 0.39285714285714285}
{"type": "epoch", "epoch": "98/100", "train_loss": 0.3672513019891433, "train_acc": 0.9969135802469136, "val_loss": 2.3564844131469727, "val_acc": 0.39285714285714285}
{"type": "epoch", "epoch": 99, "total_epochs": 100, "train_loss": 0.3669180892131947, "train_acc": 0.9953703703703703, "val_loss": 2.330867290496826, "val_acc": 0.39285714285714285}
{"type": "epoch", "epoch": "99/100", "train_loss": 0.3669180892131947, "train_acc": 0.9953703703703703, "val_loss": 2.330867290496826, "val_acc": 0.39285714285714285}
{"type": "epoch", "epoch": 100, "total_epochs": 100, "train_loss": 0.36817577849199745, "train_acc": 0.9984567901234568, "val_loss": 2.385014533996582, "val_acc": 0.39285714285714285}
{"type": "epoch", "epoch": "100/100", "train_loss": 0.36817577849199745, "train_acc": 0.9984567901234568, "val_loss": 2.385014533996582, "val_acc": 0.39285714285714285}
{"type": "complete", "message": "Training completed successfully for Shallow ConvNet on master_way!", "final_val_acc": 0.42857142857142855, "latency_ms": 11.147260665893555}

======================================
Training Model: MiniRocket on Dataset: KayaFingers
======================================
{"type": "progress", "message": "Extracting KayaFingers data using unified loader..."}
D:\eeg-minirocket-project\eeg-mi-bci-archive-565657a\src\dataset_loader_all.py:22: RuntimeWarning: Setting non-standard config type: "MNE_DATASETS_MOABB_PATH"
  mne.set_config('MNE_DATASETS_MOABB_PATH', data_dir)
Loading Dataset: KayaFingers for Subject 1...
Loading Kaya dataset from D:\eeg-minirocket-project\data\Kaya_Finger_Movements...
{"type": "info", "message": "Selecting top 16 channels based on variance..."}
{"type": "info", "message": "New X shape: (1934, 16, 656)"}
{"type": "info", "message": "No metadata found. Using temporal slice..."}
{"type": "info", "message": "Augmenting training data... Original shape: (1546, 16, 656)"}
{"type": "info", "message": "Augmented shape: (4638, 16, 656)"}
{"type": "progress", "message": "Training GPU-Accelerated MiniRocket..."}
[MiniRocketPipeline] Using device: cuda
[MiniRocketPipeline] Extracting PPV features on GPU...
[MiniRocketPipeline] Training GPU MLP Head...
[MiniRocketPipeline] Done in 44.29s
{"type": "chart_update", "epoch": 100, "train_loss": 0.0, "train_acc": 0.8924105217766278, "val_loss": 0.0, "val_acc": 0.49740932642487046}
{"type": "complete", "message": "Training completed successfully for MiniRocket on master_kaya!", "final_val_acc": 0.46153846153846156, "latency_ms": 84.55419540405273}

======================================
Training Model: CNN-LSTM on Dataset: KayaFingers
======================================
{"type": "info", "message": "Selecting top 16 channels based on variance..."}
{"type": "info", "message": "New X shape: (1934, 16, 656)"}
{"type": "info", "message": "No metadata found. Using temporal slice..."}
{"type": "info", "message": "Augmenting training data... Original shape: (1546, 16, 656)"}
{"type": "info", "message": "Augmented shape: (4638, 16, 656)"}
{"type": "progress", "message": "Training CNN-LSTM Baseline..."}
{"type": "reset_chart"}
{"type": "epoch", "epoch": "1/100", "train_loss": 1.509127432799329, "train_acc": 0.5060370849504097, "val_loss": 1.5281691551208496, "val_acc": 0.5077720207253886}
{"type": "epoch", "epoch": "2/100", "train_loss": 1.4436011627451415, "train_acc": 0.5198361362656317, "val_loss": 1.4783700704574585, "val_acc": 0.538860103626943}
{"type": "epoch", "epoch": "3/100", "train_loss": 1.4005327505405323, "train_acc": 0.5390254420008624, "val_loss": 1.4932438135147095, "val_acc": 0.42487046632124353}
{"type": "epoch", "epoch": "4/100", "train_loss": 1.4019806771095378, "train_acc": 0.5426908150064683, "val_loss": 1.468263030052185, "val_acc": 0.5440414507772021}
{"type": "epoch", "epoch": "5/100", "train_loss": 1.3519972049763307, "train_acc": 0.5608020698576973, "val_loss": 1.5052833557128906, "val_acc": 0.5854922279792746}
{"type": "epoch", "epoch": "6/100", "train_loss": 1.3218649441232553, "train_acc": 0.5735230702889177, "val_loss": 1.5675450563430786, "val_acc": 0.5854922279792746}
{"type": "epoch", "epoch": "7/100", "train_loss": 1.2950463477472336, "train_acc": 0.5746011211729194, "val_loss": 1.5624834299087524, "val_acc": 0.5751295336787565}
{"type": "epoch", "epoch": "8/100", "train_loss": 1.2564451440545494, "train_acc": 0.5916343251401466, "val_loss": 1.4297868013381958, "val_acc": 0.5699481865284974}
{"type": "epoch", "epoch": "9/100", "train_loss": 1.2285366951776713, "train_acc": 0.5963777490297542, "val_loss": 1.476298451423645, "val_acc": 0.5906735751295337}
{"type": "epoch", "epoch": "10/100", "train_loss": 1.202020400348744, "train_acc": 0.5985338507977577, "val_loss": 1.6366938352584839, "val_acc": 0.5492227979274611}
{"type": "epoch", "epoch": "11/100", "train_loss": 1.1688828822506456, "train_acc": 0.6047865459249676, "val_loss": 1.4816282987594604, "val_acc": 0.5544041450777202}
{"type": "epoch", "epoch": "12/100", "train_loss": 1.1598763373865553, "train_acc": 0.6203104786545925, "val_loss": 1.6867527961730957, "val_acc": 0.538860103626943}
{"type": "epoch", "epoch": "13/100", "train_loss": 1.1430477175336298, "train_acc": 0.6140577835273825, "val_loss": 1.4802848100662231, "val_acc": 0.5492227979274611}
{"type": "epoch", "epoch": "14/100", "train_loss": 1.071620232537678, "train_acc": 0.6444588184562311, "val_loss": 1.50858736038208, "val_acc": 0.5647668393782384}
{"type": "epoch", "epoch": "15/100", "train_loss": 1.0353324303034823, "train_acc": 0.6509271237602415, "val_loss": 1.544127345085144, "val_acc": 0.5699481865284974}
{"type": "epoch", "epoch": "16/100", "train_loss": 0.9870254542869759, "train_acc": 0.6617076326002588, "val_loss": 1.4889122247695923, "val_acc": 0.5595854922279793}
{"type": "epoch", "epoch": "17/100", "train_loss": 0.921915439271166, "train_acc": 0.6796032772746874, "val_loss": 1.623819351196289, "val_acc": 0.5595854922279793}
{"type": "epoch", "epoch": "18/100", "train_loss": 0.8954575606439071, "train_acc": 0.689952565761104, "val_loss": 1.6915199756622314, "val_acc": 0.5284974093264249}
{"type": "epoch", "epoch": "19/100", "train_loss": 0.8451159219127011, "train_acc": 0.6977145321259164, "val_loss": 1.6084293127059937, "val_acc": 0.5440414507772021}
{"type": "epoch", "epoch": "20/100", "train_loss": 0.8295558568936784, "train_acc": 0.7039672272531263, "val_loss": 1.7774661779403687, "val_acc": 0.533678756476684}
{"type": "epoch", "epoch": "21/100", "train_loss": 0.7567418134125105, "train_acc": 0.7360931435963778, "val_loss": 1.80905282497406, "val_acc": 0.5181347150259067}
{"type": "epoch", "epoch": "22/100", "train_loss": 0.7160481806714353, "train_acc": 0.7410521776627856, "val_loss": 1.7290984392166138, "val_acc": 0.538860103626943}
{"type": "epoch", "epoch": "23/100", "train_loss": 0.6662789244701144, "train_acc": 0.7522639068564037, "val_loss": 1.881486415863037, "val_acc": 0.5492227979274611}
{"type": "epoch", "epoch": "24/100", "train_loss": 0.6073031285139135, "train_acc": 0.7675722294092281, "val_loss": 1.633778691291809, "val_acc": 0.5751295336787565}
{"type": "epoch", "epoch": "25/100", "train_loss": 0.562851162191196, "train_acc": 0.7789995687796464, "val_loss": 2.0278255939483643, "val_acc": 0.5492227979274611}
{"type": "epoch", "epoch": "26/100", "train_loss": 0.5236603994727289, "train_acc": 0.7908581285036653, "val_loss": 1.9698201417922974, "val_acc": 0.5751295336787565}
{"type": "epoch", "epoch": "27/100", "train_loss": 0.47573378369848296, "train_acc": 0.796248382923674, "val_loss": 2.182372808456421, "val_acc": 0.5751295336787565}
{"type": "epoch", "epoch": "28/100", "train_loss": 0.42639190963549367, "train_acc": 0.810047434238896, "val_loss": 2.077092409133911, "val_acc": 0.5595854922279793}
{"type": "epoch", "epoch": "29/100", "train_loss": 0.3980041301008852, "train_acc": 0.8219059939629151, "val_loss": 2.3916003704071045, "val_acc": 0.5440414507772021}
{"type": "epoch", "epoch": "30/100", "train_loss": 0.34395934305297965, "train_acc": 0.8404484691677447, "val_loss": 2.2750561237335205, "val_acc": 0.5544041450777202}
{"type": "epoch", "epoch": "31/100", "train_loss": 0.33079256222082554, "train_acc": 0.8359206554549374, "val_loss": 2.5549654960632324, "val_acc": 0.533678756476684}
{"type": "epoch", "epoch": "32/100", "train_loss": 0.33913319408508047, "train_acc": 0.8382923673997412, "val_loss": 2.6420066356658936, "val_acc": 0.5699481865284974}
{"type": "epoch", "epoch": "33/100", "train_loss": 0.32807906157706207, "train_acc": 0.8443294523501509, "val_loss": 2.591853141784668, "val_acc": 0.5699481865284974}
{"type": "epoch", "epoch": "34/100", "train_loss": 0.2794236326690582, "train_acc": 0.8630875377317809, "val_loss": 2.625288486480713, "val_acc": 0.5647668393782384}
{"type": "epoch", "epoch": "35/100", "train_loss": 0.26632209680572877, "train_acc": 0.8635187580853816, "val_loss": 2.7257745265960693, "val_acc": 0.5751295336787565}
{"type": "epoch", "epoch": "36/100", "train_loss": 0.26019178992101166, "train_acc": 0.8682621819749892, "val_loss": 2.877690315246582, "val_acc": 0.5492227979274611}
{"type": "epoch", "epoch": "37/100", "train_loss": 0.21356758899398795, "train_acc": 0.8747304872789996, "val_loss": 2.8662800788879395, "val_acc": 0.5544041450777202}
{"type": "epoch", "epoch": "38/100", "train_loss": 0.19686267833069204, "train_acc": 0.8924105217766278, "val_loss": 2.8487906455993652, "val_acc": 0.5595854922279793}
{"type": "epoch", "epoch": "39/100", "train_loss": 0.18943161657782864, "train_acc": 0.894997843898232, "val_loss": 2.9995148181915283, "val_acc": 0.5751295336787565}
{"type": "epoch", "epoch": "40/100", "train_loss": 0.18219802710145339, "train_acc": 0.902544200086244, "val_loss": 3.1756792068481445, "val_acc": 0.5751295336787565}
{"type": "epoch", "epoch": "41/100", "train_loss": 0.17101180152473597, "train_acc": 0.9062095730918499, "val_loss": 3.1394896507263184, "val_acc": 0.5751295336787565}
{"type": "epoch", "epoch": "42/100", "train_loss": 0.17870597647356032, "train_acc": 0.9070720137990513, "val_loss": 3.0116615295410156, "val_acc": 0.5854922279792746}
{"type": "epoch", "epoch": "43/100", "train_loss": 0.13410142315981355, "train_acc": 0.9195774040534713, "val_loss": 3.279052495956421, "val_acc": 0.5803108808290155}
{"type": "epoch", "epoch": "44/100", "train_loss": 0.139781191639856, "train_acc": 0.925614489003881, "val_loss": 3.8190832138061523, "val_acc": 0.5595854922279793}
{"type": "epoch", "epoch": "45/100", "train_loss": 0.11992850218413204, "train_acc": 0.9329452350150927, "val_loss": 3.5578794479370117, "val_acc": 0.5803108808290155}
{"type": "epoch", "epoch": "46/100", "train_loss": 0.10792164905490727, "train_acc": 0.9361793876670979, "val_loss": 4.075786113739014, "val_acc": 0.5751295336787565}
{"type": "epoch", "epoch": "47/100", "train_loss": 0.1015171541504276, "train_acc": 0.946313065976714, "val_loss": 3.869553804397583, "val_acc": 0.5595854922279793}
{"type": "epoch", "epoch": "48/100", "train_loss": 0.0974294279781124, "train_acc": 0.9521345407503234, "val_loss": 4.113319396972656, "val_acc": 0.5854922279792746}
{"type": "epoch", "epoch": "49/100", "train_loss": 0.085835537190078, "train_acc": 0.9588184562311342, "val_loss": 3.840491533279419, "val_acc": 0.5595854922279793}
{"type": "epoch", "epoch": "50/100", "train_loss": 0.07445693144084, "train_acc": 0.9564467442863304, "val_loss": 4.344620227813721, "val_acc": 0.5854922279792746}
{"type": "epoch", "epoch": "51/100", "train_loss": 0.0732153153601984, "train_acc": 0.9667960327727468, "val_loss": 4.43107795715332, "val_acc": 0.5595854922279793}
{"type": "epoch", "epoch": "52/100", "train_loss": 0.07715539632300047, "train_acc": 0.9646399310047434, "val_loss": 4.53435754776001, "val_acc": 0.5854922279792746}
{"type": "epoch", "epoch": "53/100", "train_loss": 0.06069145644820163, "train_acc": 0.9708926261319534, "val_loss": 4.660075664520264, "val_acc": 0.5958549222797928}
{"type": "epoch", "epoch": "54/100", "train_loss": 0.05021451382948798, "train_acc": 0.9726175075463562, "val_loss": 4.44378662109375, "val_acc": 0.6010362694300518}
{"type": "epoch", "epoch": "55/100", "train_loss": 0.0381982918182543, "train_acc": 0.9780077619663649, "val_loss": 4.793417453765869, "val_acc": 0.5854922279792746}
{"type": "epoch", "epoch": "56/100", "train_loss": 0.041342814448528525, "train_acc": 0.9799482535575679, "val_loss": 5.183096885681152, "val_acc": 0.5906735751295337}
{"type": "epoch", "epoch": "57/100", "train_loss": 0.037913319097736264, "train_acc": 0.9827511858559724, "val_loss": 4.816615581512451, "val_acc": 0.5854922279792746}
{"type": "epoch", "epoch": "58/100", "train_loss": 0.03898235731896731, "train_acc": 0.9833980163863735, "val_loss": 4.680273056030273, "val_acc": 0.5958549222797928}
{"type": "epoch", "epoch": "59/100", "train_loss": 0.028706947849190353, "train_acc": 0.9872789995687796, "val_loss": 5.365440368652344, "val_acc": 0.6113989637305699}
{"type": "epoch", "epoch": "60/100", "train_loss": 0.027562505312170794, "train_acc": 0.9872789995687796, "val_loss": 5.238990306854248, "val_acc": 0.5699481865284974}
{"type": "epoch", "epoch": "61/100", "train_loss": 0.03456033228439933, "train_acc": 0.9857697283311773, "val_loss": 5.478018760681152, "val_acc": 0.616580310880829}
{"type": "epoch", "epoch": "62/100", "train_loss": 0.014750527723203604, "train_acc": 0.99374730487279, "val_loss": 5.462859153747559, "val_acc": 0.6113989637305699}
{"type": "epoch", "epoch": "63/100", "train_loss": 0.027238149038480243, "train_acc": 0.9911599827511859, "val_loss": 5.2894182205200195, "val_acc": 0.5906735751295337}
{"type": "epoch", "epoch": "64/100", "train_loss": 0.029799591745087277, "train_acc": 0.9898663216903838, "val_loss": 5.798399925231934, "val_acc": 0.6217616580310881}
{"type": "epoch", "epoch": "65/100", "train_loss": 0.025534902362344902, "train_acc": 0.9892194911599828, "val_loss": 5.648876190185547, "val_acc": 0.5854922279792746}
{"type": "epoch", "epoch": "66/100", "train_loss": 0.033913146534154726, "train_acc": 0.9883570504527813, "val_loss": 5.502701759338379, "val_acc": 0.5854922279792746}
{"type": "epoch", "epoch": "67/100", "train_loss": 0.020773773389832696, "train_acc": 0.9907287623975851, "val_loss": 5.728496551513672, "val_acc": 0.616580310880829}
{"type": "epoch", "epoch": "68/100", "train_loss": 0.01566979480620575, "train_acc": 0.995040965933592, "val_loss": 5.375150203704834, "val_acc": 0.5854922279792746}
{"type": "epoch", "epoch": "69/100", "train_loss": 0.012991098522996982, "train_acc": 0.9956877964639931, "val_loss": 5.74082088470459, "val_acc": 0.6010362694300518}
{"type": "epoch", "epoch": "70/100", "train_loss": 0.009135836403641838, "train_acc": 0.9971970677015956, "val_loss": 6.029755592346191, "val_acc": 0.5803108808290155}
{"type": "epoch", "epoch": "71/100", "train_loss": 0.016214702180183144, "train_acc": 0.9965502371711945, "val_loss": 5.9405670166015625, "val_acc": 0.6010362694300518}
{"type": "epoch", "epoch": "72/100", "train_loss": 0.0177362429029491, "train_acc": 0.9946097455799914, "val_loss": 5.965322494506836, "val_acc": 0.5751295336787565}
{"type": "epoch", "epoch": "73/100", "train_loss": 0.007509320168729844, "train_acc": 0.9978438982319966, "val_loss": 5.752012252807617, "val_acc": 0.5854922279792746}
{"type": "epoch", "epoch": "74/100", "train_loss": 0.013026655050827517, "train_acc": 0.9952565761103924, "val_loss": 5.7829694747924805, "val_acc": 0.6010362694300518}
{"type": "epoch", "epoch": "75/100", "train_loss": 0.0064847570567489405, "train_acc": 0.9987063389391979, "val_loss": 5.757278919219971, "val_acc": 0.5751295336787565}
{"type": "epoch", "epoch": "76/100", "train_loss": 0.003866381696640237, "train_acc": 0.9995687796463993, "val_loss": 6.034442901611328, "val_acc": 0.5906735751295337}
{"type": "epoch", "epoch": "77/100", "train_loss": 0.004466038220120275, "train_acc": 0.9982751185855973, "val_loss": 6.141459941864014, "val_acc": 0.6010362694300518}
{"type": "epoch", "epoch": "78/100", "train_loss": 0.006683655179966339, "train_acc": 0.9980595084087969, "val_loss": 6.0541205406188965, "val_acc": 0.6062176165803109}
{"type": "epoch", "epoch": "79/100", "train_loss": 0.006989913026723126, "train_acc": 0.9987063389391979, "val_loss": 6.160743713378906, "val_acc": 0.6062176165803109}
{"type": "epoch", "epoch": "80/100", "train_loss": 0.013712776986678879, "train_acc": 0.9976282880551962, "val_loss": 6.1534423828125, "val_acc": 0.5906735751295337}
{"type": "epoch", "epoch": "81/100", "train_loss": 0.0060666828269099575, "train_acc": 0.9984907287623976, "val_loss": 6.257378578186035, "val_acc": 0.5958549222797928}
{"type": "epoch", "epoch": "82/100", "train_loss": 0.00425975498082313, "train_acc": 0.9989219491159983, "val_loss": 6.3009443283081055, "val_acc": 0.5958549222797928}
{"type": "epoch", "epoch": "83/100", "train_loss": 0.009910948844522129, "train_acc": 0.9969814575247952, "val_loss": 6.291274070739746, "val_acc": 0.5958549222797928}
{"type": "epoch", "epoch": "84/100", "train_loss": 0.0026973738378647163, "train_acc": 0.9995687796463993, "val_loss": 6.264681816101074, "val_acc": 0.6062176165803109}
{"type": "epoch", "epoch": "85/100", "train_loss": 0.004037526786500454, "train_acc": 0.9991375592927986, "val_loss": 6.274477958679199, "val_acc": 0.6062176165803109}
{"type": "epoch", "epoch": "86/100", "train_loss": 0.004203657187527883, "train_acc": 0.9989219491159983, "val_loss": 6.313809394836426, "val_acc": 0.5958549222797928}
{"type": "epoch", "epoch": "87/100", "train_loss": 0.0029451474208908243, "train_acc": 0.999353169469599, "val_loss": 6.436282634735107, "val_acc": 0.6113989637305699}
{"type": "epoch", "epoch": "88/100", "train_loss": 0.0030068916149369957, "train_acc": 0.9995687796463993, "val_loss": 6.32866096496582, "val_acc": 0.5854922279792746}
{"type": "epoch", "epoch": "89/100", "train_loss": 0.005108666808254865, "train_acc": 0.9991375592927986, "val_loss": 6.313187599182129, "val_acc": 0.5854922279792746}
{"type": "epoch", "epoch": "90/100", "train_loss": 0.0031907465175370904, "train_acc": 0.9989219491159983, "val_loss": 6.374794006347656, "val_acc": 0.6010362694300518}
{"type": "epoch", "epoch": "91/100", "train_loss": 0.0035896236944418366, "train_acc": 0.9987063389391979, "val_loss": 6.342263698577881, "val_acc": 0.5906735751295337}
{"type": "epoch", "epoch": "92/100", "train_loss": 0.006797290734831065, "train_acc": 0.9978438982319966, "val_loss": 6.275613784790039, "val_acc": 0.5958549222797928}
{"type": "epoch", "epoch": "93/100", "train_loss": 0.002236317729142885, "train_acc": 0.9995687796463993, "val_loss": 6.364178657531738, "val_acc": 0.5958549222797928}
{"type": "epoch", "epoch": "94/100", "train_loss": 0.005701863159533588, "train_acc": 0.9982751185855973, "val_loss": 6.296003818511963, "val_acc": 0.6010362694300518}
{"type": "epoch", "epoch": "95/100", "train_loss": 0.008321246348318226, "train_acc": 0.9982751185855973, "val_loss": 6.312183856964111, "val_acc": 0.6062176165803109}
{"type": "epoch", "epoch": "96/100", "train_loss": 0.0034589575976821095, "train_acc": 0.9989219491159983, "val_loss": 6.312788963317871, "val_acc": 0.6010362694300518}
{"type": "epoch", "epoch": "97/100", "train_loss": 0.00240597035233839, "train_acc": 0.9995687796463993, "val_loss": 6.342417240142822, "val_acc": 0.6062176165803109}
{"type": "epoch", "epoch": "98/100", "train_loss": 0.003717730227422488, "train_acc": 0.9989219491159983, "val_loss": 6.227804183959961, "val_acc": 0.6062176165803109}
{"type": "epoch", "epoch": "99/100", "train_loss": 0.004484311599604088, "train_acc": 0.9982751185855973, "val_loss": 6.280999183654785, "val_acc": 0.6010362694300518}
{"type": "epoch", "epoch": "100/100", "train_loss": 0.0028426599861116645, "train_acc": 0.9997843898231996, "val_loss": 6.382411479949951, "val_acc": 0.5958549222797928}
{"type": "complete", "message": "Training completed successfully for CNN-LSTM on master_kaya!", "final_val_acc": 0.5794871794871795, "latency_ms": 7.078886032104492}

======================================
Training Model: Advanced Transformer on Dataset: KayaFingers
======================================
{"type": "info", "message": "Selecting top 16 channels based on variance..."}
{"type": "info", "message": "New X shape: (1934, 16, 656)"}
{"type": "info", "message": "No metadata found. Using temporal slice..."}
{"type": "info", "message": "Augmenting training data... Original shape: (1546, 16, 656)"}
{"type": "info", "message": "Augmented shape: (4638, 16, 656)"}
{"type": "progress", "message": "Training Advanced Transformer (Conformer)..."}
{"type": "reset_chart"}
[AdvancedEEGPipeline] Using device: cuda
D:\pip_packages\torch\nn\modules\conv.py:549: UserWarning: Using padding='same' with even kernel lengths and odd dilation may require a zero-padded copy of the input be created (Triggered internally at C:\actions-runner\_work\pytorch\pytorch\pytorch\aten\src\ATen\native\Convolution.cpp:1037.)
  return F.conv2d(
{"type": "epoch", "epoch": "1/100", "train_loss": 1.6138771707064485, "train_acc": 0.37084950409659334, "val_loss": 1.5949916629593608, "val_acc": 0.533678756476684}
{"type": "epoch", "epoch": "2/100", "train_loss": 1.5584424080914014, "train_acc": 0.4833980163863734, "val_loss": 1.564822547794006, "val_acc": 0.49740932642487046}
{"type": "epoch", "epoch": "3/100", "train_loss": 1.538945839829641, "train_acc": 0.49072876239758517, "val_loss": 1.5604906020386848, "val_acc": 0.5025906735751295}
{"type": "epoch", "epoch": "4/100", "train_loss": 1.5059153772380254, "train_acc": 0.50625269512721, "val_loss": 1.5773563644428945, "val_acc": 0.49740932642487046}
{"type": "epoch", "epoch": "5/100", "train_loss": 1.473370078491838, "train_acc": 0.5209141871496334, "val_loss": 1.511451932432738, "val_acc": 0.5647668393782384}
{"type": "epoch", "epoch": "6/100", "train_loss": 1.4247544791600475, "train_acc": 0.5454937473048728, "val_loss": 1.4320964170861121, "val_acc": 0.5440414507772021}
{"type": "epoch", "epoch": "7/100", "train_loss": 1.320510640536269, "train_acc": 0.5916343251401466, "val_loss": 1.3390874362362482, "val_acc": 0.5699481865284974}
{"type": "epoch", "epoch": "8/100", "train_loss": 1.2567277983443377, "train_acc": 0.6047865459249676, "val_loss": 1.3337698180440793, "val_acc": 0.6217616580310881}
{"type": "epoch", "epoch": "9/100", "train_loss": 1.2057581380622027, "train_acc": 0.628072445019405, "val_loss": 1.3439814124082654, "val_acc": 0.5544041450777202}
{"type": "epoch", "epoch": "10/100", "train_loss": 1.16383889929889, "train_acc": 0.6485554118154377, "val_loss": 1.5095729420222148, "val_acc": 0.6321243523316062}
{"type": "epoch", "epoch": "11/100", "train_loss": 1.1027346392200417, "train_acc": 0.653730056058646, "val_loss": 1.6509926059703135, "val_acc": 0.533678756476684}
{"type": "epoch", "epoch": "12/100", "train_loss": 1.0307669019045895, "train_acc": 0.6811125485122898, "val_loss": 1.524469978451111, "val_acc": 0.6424870466321243}
{"type": "epoch", "epoch": "13/100", "train_loss": 0.9813534609258991, "train_acc": 0.6877964639931005, "val_loss": 1.6091366481286875, "val_acc": 0.5077720207253886}
{"type": "epoch", "epoch": "14/100", "train_loss": 0.9047635442590061, "train_acc": 0.728762397585166, "val_loss": 1.6102371944664673, "val_acc": 0.5077720207253886}
{"type": "epoch", "epoch": "15/100", "train_loss": 0.801670735012995, "train_acc": 0.7539887882708064, "val_loss": 2.062402702983797, "val_acc": 0.6010362694300518}
{"type": "epoch", "epoch": "16/100", "train_loss": 0.7413070054903422, "train_acc": 0.7777059077188443, "val_loss": 1.9071093667974126, "val_acc": 0.48704663212435234}
{"type": "epoch", "epoch": "17/100", "train_loss": 0.6611275305486706, "train_acc": 0.8113410952996981, "val_loss": 2.2723189129112917, "val_acc": 0.5906735751295337}
{"type": "epoch", "epoch": "18/100", "train_loss": 0.6360300542557076, "train_acc": 0.8242777059077189, "val_loss": 2.174054314435455, "val_acc": 0.5751295336787565}
{"type": "epoch", "epoch": "19/100", "train_loss": 0.5920078644197281, "train_acc": 0.8415265200517464, "val_loss": 2.313493613134394, "val_acc": 0.6217616580310881}
{"type": "epoch", "epoch": "20/100", "train_loss": 0.5609428825443739, "train_acc": 0.8680465717981889, "val_loss": 2.255583590176439, "val_acc": 0.6424870466321243}
{"type": "epoch", "epoch": "21/100", "train_loss": 0.5327784419059753, "train_acc": 0.8878827080638206, "val_loss": 2.034505417927559, "val_acc": 0.6373056994818653}
{"type": "epoch", "epoch": "22/100", "train_loss": 0.4991871955460065, "train_acc": 0.9077188443294524, "val_loss": 2.074471823292075, "val_acc": 0.6010362694300518}
{"type": "epoch", "epoch": "23/100", "train_loss": 0.4765946522150954, "train_acc": 0.9279862009486848, "val_loss": 2.124940758542076, "val_acc": 0.5803108808290155}
{"type": "epoch", "epoch": "24/100", "train_loss": 0.47809367269685826, "train_acc": 0.9213022854678741, "val_loss": 2.150095351619424, "val_acc": 0.6373056994818653}
{"type": "epoch", "epoch": "25/100", "train_loss": 0.45411143115122027, "train_acc": 0.9322984044846917, "val_loss": 2.2592854969242078, "val_acc": 0.5595854922279793}
{"type": "epoch", "epoch": "26/100", "train_loss": 0.42290112661988766, "train_acc": 0.9551530832255283, "val_loss": 2.0487578730509073, "val_acc": 0.6321243523316062}
{"type": "epoch", "epoch": "27/100", "train_loss": 0.4085870964886391, "train_acc": 0.9676584734799483, "val_loss": 2.4038514053265665, "val_acc": 0.6321243523316062}
{"type": "epoch", "epoch": "28/100", "train_loss": 0.4358838584325085, "train_acc": 0.9514877102199224, "val_loss": 2.0902867706328476, "val_acc": 0.6269430051813472}
{"type": "epoch", "epoch": "29/100", "train_loss": 0.46217394936574646, "train_acc": 0.9372574385510997, "val_loss": 2.2734077186782127, "val_acc": 0.616580310880829}
{"type": "epoch", "epoch": "30/100", "train_loss": 0.4310485594076653, "train_acc": 0.9532125916343251, "val_loss": 2.1803681689840526, "val_acc": 0.5595854922279793}
{"type": "epoch", "epoch": "31/100", "train_loss": 0.4236918810295732, "train_acc": 0.9573091849935317, "val_loss": 2.142723166263165, "val_acc": 0.5699481865284974}
{"type": "epoch", "epoch": "32/100", "train_loss": 0.413535135249569, "train_acc": 0.96873652436395, "val_loss": 2.1286850809433298, "val_acc": 0.616580310880829}
{"type": "epoch", "epoch": "33/100", "train_loss": 0.39258068228421145, "train_acc": 0.9702457956015524, "val_loss": 2.1777429518922005, "val_acc": 0.6580310880829016}
{"type": "epoch", "epoch": "34/100", "train_loss": 0.40304407844804735, "train_acc": 0.9685209141871496, "val_loss": 2.0491818220504205, "val_acc": 0.6269430051813472}
{"type": "epoch", "epoch": "35/100", "train_loss": 0.4239912082071174, "train_acc": 0.9607589478223372, "val_loss": 2.1424699910564127, "val_acc": 0.5854922279792746}
{"type": "epoch", "epoch": "36/100", "train_loss": 0.39698348878181144, "train_acc": 0.9728331177231565, "val_loss": 2.0125357128795565, "val_acc": 0.616580310880829}
{"type": "epoch", "epoch": "37/100", "train_loss": 0.37643285483530126, "train_acc": 0.9827511858559724, "val_loss": 2.2201508734510353, "val_acc": 0.5803108808290155}
{"type": "epoch", "epoch": "38/100", "train_loss": 0.370699795141612, "train_acc": 0.9821043553255714, "val_loss": 2.004904291790384, "val_acc": 0.6217616580310881}
{"type": "epoch", "epoch": "39/100", "train_loss": 0.3553715095128099, "train_acc": 0.9928848641655886, "val_loss": 2.0655380715977962, "val_acc": 0.6424870466321243}
{"type": "epoch", "epoch": "40/100", "train_loss": 0.35431679675023847, "train_acc": 0.9928848641655886, "val_loss": 2.086755334404466, "val_acc": 0.6424870466321243}
{"type": "epoch", "epoch": "41/100", "train_loss": 0.37357790829384163, "train_acc": 0.9838292367399741, "val_loss": 2.0124055264527314, "val_acc": 0.6424870466321243}
{"type": "epoch", "epoch": "42/100", "train_loss": 0.3615049450364831, "train_acc": 0.9896507115135834, "val_loss": 1.9572641664218409, "val_acc": 0.6321243523316062}
{"type": "epoch", "epoch": "43/100", "train_loss": 0.37124359036145144, "train_acc": 0.9853385079775765, "val_loss": 2.0715972598970245, "val_acc": 0.616580310880829}
{"type": "epoch", "epoch": "44/100", "train_loss": 0.4109394652386234, "train_acc": 0.9702457956015524, "val_loss": 2.296181203170144, "val_acc": 0.6062176165803109}
{"type": "epoch", "epoch": "45/100", "train_loss": 0.4079568680018595, "train_acc": 0.9665804225959466, "val_loss": 2.1007302758607223, "val_acc": 0.6476683937823834}
{"type": "epoch", "epoch": "46/100", "train_loss": 0.37814374696718506, "train_acc": 0.9849072876239758, "val_loss": 2.2622158811500035, "val_acc": 0.5958549222797928}
{"type": "epoch", "epoch": "47/100", "train_loss": 0.40733162385143645, "train_acc": 0.9728331177231565, "val_loss": 2.088664137637677, "val_acc": 0.6269430051813472}
{"type": "epoch", "epoch": "48/100", "train_loss": 0.3905392146273835, "train_acc": 0.9704614057783527, "val_loss": 1.9828967875149583, "val_acc": 0.6424870466321243}
{"type": "epoch", "epoch": "49/100", "train_loss": 0.38095035781599074, "train_acc": 0.9767141009055628, "val_loss": 1.9209585986606816, "val_acc": 0.6632124352331606}
{"type": "epoch", "epoch": "50/100", "train_loss": 0.3613831106930563, "train_acc": 0.9885726606295817, "val_loss": 2.1044122493328827, "val_acc": 0.6113989637305699}
{"type": "epoch", "epoch": "51/100", "train_loss": 0.356806948985139, "train_acc": 0.9915912031047865, "val_loss": 2.0470719232460377, "val_acc": 0.6424870466321243}
{"type": "epoch", "epoch": "52/100", "train_loss": 0.35289825356169924, "train_acc": 0.994394135403191, "val_loss": 1.9646439045822064, "val_acc": 0.6839378238341969}
{"type": "epoch", "epoch": "53/100", "train_loss": 0.34723784539797536, "train_acc": 0.9967658473479948, "val_loss": 2.014917849259055, "val_acc": 0.6528497409326425}
{"type": "epoch", "epoch": "54/100", "train_loss": 0.34318471648921706, "train_acc": 0.9980595084087969, "val_loss": 2.0584134397729072, "val_acc": 0.6528497409326425}
{"type": "epoch", "epoch": "55/100", "train_loss": 0.3532699950753826, "train_acc": 0.9959034066407935, "val_loss": 2.0846991452528405, "val_acc": 0.6373056994818653}
{"type": "epoch", "epoch": "56/100", "train_loss": 0.351608835671046, "train_acc": 0.9959034066407935, "val_loss": 2.166348770183603, "val_acc": 0.6424870466321243}
{"type": "epoch", "epoch": "57/100", "train_loss": 0.36628056144061155, "train_acc": 0.988141440275981, "val_loss": 2.081907462579599, "val_acc": 0.5958549222797928}
{"type": "epoch", "epoch": "58/100", "train_loss": 0.3504586921979303, "train_acc": 0.9939629150495903, "val_loss": 1.931593314353666, "val_acc": 0.6735751295336787}
{"type": "epoch", "epoch": "59/100", "train_loss": 0.34731103786050455, "train_acc": 0.9978438982319966, "val_loss": 1.9667424575034818, "val_acc": 0.6424870466321243}
{"type": "epoch", "epoch": "60/100", "train_loss": 0.34470972092184304, "train_acc": 0.9971970677015956, "val_loss": 2.0168768062492726, "val_acc": 0.6683937823834197}
{"type": "epoch", "epoch": "61/100", "train_loss": 0.3438853825608345, "train_acc": 0.9984907287623976, "val_loss": 1.991006352123201, "val_acc": 0.6424870466321243}
{"type": "epoch", "epoch": "62/100", "train_loss": 0.3423643675568986, "train_acc": 0.9997843898231996, "val_loss": 1.9792018838497023, "val_acc": 0.6113989637305699}
{"type": "epoch", "epoch": "63/100", "train_loss": 0.3408604835810727, "train_acc": 0.9991375592927986, "val_loss": 2.0197153882041494, "val_acc": 0.6269430051813472}
{"type": "epoch", "epoch": "64/100", "train_loss": 0.342096940295337, "train_acc": 0.9984907287623976, "val_loss": 2.0875395690838907, "val_acc": 0.616580310880829}
{"type": "epoch", "epoch": "65/100", "train_loss": 0.34068027016234725, "train_acc": 0.9987063389391979, "val_loss": 2.0076856749045415, "val_acc": 0.6528497409326425}
{"type": "epoch", "epoch": "66/100", "train_loss": 0.3405248747296529, "train_acc": 0.9995687796463993, "val_loss": 2.025216714088163, "val_acc": 0.6424870466321243}
{"type": "epoch", "epoch": "67/100", "train_loss": 0.3407836531939572, "train_acc": 0.9991375592927986, "val_loss": 1.9768938264698561, "val_acc": 0.6580310880829016}
{"type": "epoch", "epoch": "68/100", "train_loss": 0.3403450181222942, "train_acc": 1.0, "val_loss": 2.0156328221059217, "val_acc": 0.616580310880829}
{"type": "epoch", "epoch": "69/100", "train_loss": 0.34175253975881287, "train_acc": 0.9991375592927986, "val_loss": 1.979495895958935, "val_acc": 0.6683937823834197}
{"type": "epoch", "epoch": "70/100", "train_loss": 0.33938328778907045, "train_acc": 1.0, "val_loss": 1.9971301296214365, "val_acc": 0.6269430051813472}
{"type": "epoch", "epoch": "71/100", "train_loss": 0.34102894386200056, "train_acc": 0.9997843898231996, "val_loss": 2.0442791899251196, "val_acc": 0.6321243523316062}
{"type": "epoch", "epoch": "72/100", "train_loss": 0.34121034161685265, "train_acc": 0.9997843898231996, "val_loss": 1.9958997266897884, "val_acc": 0.6373056994818653}
{"type": "epoch", "epoch": "73/100", "train_loss": 0.34090359733529285, "train_acc": 0.9995687796463993, "val_loss": 2.026151174090687, "val_acc": 0.6580310880829016}
{"type": "epoch", "epoch": "74/100", "train_loss": 0.3395745386816051, "train_acc": 0.9997843898231996, "val_loss": 2.0295003992288225, "val_acc": 0.6373056994818653}
{"type": "epoch", "epoch": "75/100", "train_loss": 0.3409245393864096, "train_acc": 1.0, "val_loss": 1.977626343465222, "val_acc": 0.6321243523316062}
{"type": "epoch", "epoch": "76/100", "train_loss": 0.33987133021224036, "train_acc": 0.9995687796463993, "val_loss": 2.004000204214778, "val_acc": 0.6424870466321243}
{"type": "epoch", "epoch": "77/100", "train_loss": 0.34053788405575164, "train_acc": 0.9995687796463993, "val_loss": 2.0176827475196957, "val_acc": 0.6632124352331606}
{"type": "epoch", "epoch": "78/100", "train_loss": 0.3406583956659657, "train_acc": 0.999353169469599, "val_loss": 2.036128674146425, "val_acc": 0.6528497409326425}
{"type": "epoch", "epoch": "79/100", "train_loss": 0.3408080559887298, "train_acc": 1.0, "val_loss": 2.020601202169231, "val_acc": 0.6424870466321243}
{"type": "epoch", "epoch": "80/100", "train_loss": 0.3405366405232312, "train_acc": 1.0, "val_loss": 2.0216155126304822, "val_acc": 0.6476683937823834}
{"type": "epoch", "epoch": "81/100", "train_loss": 0.3416347364856772, "train_acc": 0.9997843898231996, "val_loss": 2.0222847646999855, "val_acc": 0.6424870466321243}
{"type": "epoch", "epoch": "82/100", "train_loss": 0.3398121697445438, "train_acc": 0.9997843898231996, "val_loss": 2.00839827838957, "val_acc": 0.6528497409326425}
{"type": "epoch", "epoch": "83/100", "train_loss": 0.3400194963363752, "train_acc": 1.0, "val_loss": 2.0240791548101393, "val_acc": 0.6528497409326425}
{"type": "epoch", "epoch": "84/100", "train_loss": 0.33895263361604244, "train_acc": 1.0, "val_loss": 2.0509433622804947, "val_acc": 0.6424870466321243}
{"type": "epoch", "epoch": "85/100", "train_loss": 0.33913740883134813, "train_acc": 0.9997843898231996, "val_loss": 2.0370562138335075, "val_acc": 0.6424870466321243}
{"type": "epoch", "epoch": "86/100", "train_loss": 0.3402986751027303, "train_acc": 1.0, "val_loss": 2.0146337074319316, "val_acc": 0.6321243523316062}
{"type": "epoch", "epoch": "87/100", "train_loss": 0.3407540643868381, "train_acc": 0.9995687796463993, "val_loss": 2.000384758173493, "val_acc": 0.6424870466321243}
{"type": "epoch", "epoch": "88/100", "train_loss": 0.3393766835127791, "train_acc": 0.9997843898231996, "val_loss": 2.005292856631501, "val_acc": 0.6424870466321243}
{"type": "epoch", "epoch": "89/100", "train_loss": 0.34036654233932495, "train_acc": 1.0, "val_loss": 2.017890391572152, "val_acc": 0.6373056994818653}
{"type": "epoch", "epoch": "90/100", "train_loss": 0.3397872995023858, "train_acc": 1.0, "val_loss": 2.0203384414238017, "val_acc": 0.6373056994818653}
{"type": "epoch", "epoch": "91/100", "train_loss": 0.3402330740673901, "train_acc": 0.9997843898231996, "val_loss": 1.9934865291872172, "val_acc": 0.6528497409326425}
{"type": "epoch", "epoch": "92/100", "train_loss": 0.33859449461714863, "train_acc": 1.0, "val_loss": 2.0032543790155124, "val_acc": 0.6476683937823834}
{"type": "epoch", "epoch": "93/100", "train_loss": 0.3385135800871131, "train_acc": 1.0, "val_loss": 2.008320607051948, "val_acc": 0.6476683937823834}
{"type": "epoch", "epoch": "94/100", "train_loss": 0.3397045429438761, "train_acc": 1.0, "val_loss": 1.989105070193197, "val_acc": 0.6424870466321243}
{"type": "epoch", "epoch": "95/100", "train_loss": 0.3387814229481841, "train_acc": 1.0, "val_loss": 2.0125319957733154, "val_acc": 0.6528497409326425}
{"type": "epoch", "epoch": "96/100", "train_loss": 0.33984151441756993, "train_acc": 1.0, "val_loss": 2.013425827026367, "val_acc": 0.6373056994818653}
{"type": "epoch", "epoch": "97/100", "train_loss": 0.33878856897354126, "train_acc": 1.0, "val_loss": 2.00615728457357, "val_acc": 0.6424870466321243}
{"type": "epoch", "epoch": "98/100", "train_loss": 0.33913537982391984, "train_acc": 1.0, "val_loss": 1.9970354206203798, "val_acc": 0.6476683937823834}
{"type": "epoch", "epoch": "99/100", "train_loss": 0.34032225853776277, "train_acc": 1.0, "val_loss": 1.9944002035368291, "val_acc": 0.6528497409326425}
{"type": "epoch", "epoch": "100/100", "train_loss": 0.3387378254165388, "train_acc": 0.9997843898231996, "val_loss": 1.99880890030935, "val_acc": 0.6373056994818653}
[AdvancedEEGPipeline] Done in 626.09s
{"type": "complete", "message": "Training completed successfully for Advanced Transformer on master_kaya!", "final_val_acc": 0.6871794871794872, "latency_ms": 9.266138076782227}

======================================
Training Model: EEGNet on Dataset: KayaFingers
======================================
{"type": "info", "message": "Selecting top 16 channels based on variance..."}
{"type": "info", "message": "New X shape: (1934, 16, 656)"}
{"type": "info", "message": "No metadata found. Using temporal slice..."}
{"type": "info", "message": "Augmenting training data... Original shape: (1546, 16, 656)"}
{"type": "info", "message": "Augmented shape: (4638, 16, 656)"}
{"type": "progress", "message": "Training EEGNet..."}
{"type": "reset_chart"}
D:\pip_packages\torch\nn\modules\conv.py:549: UserWarning: Using padding='same' with even kernel lengths and odd dilation may require a zero-padded copy of the input be created (Triggered internally at C:\actions-runner\_work\pytorch\pytorch\pytorch\aten\src\ATen\native\Convolution.cpp:1037.)
  return F.conv2d(
{"type": "epoch", "epoch": 1, "total_epochs": 100, "train_loss": 1.4872279923349785, "train_acc": 0.4831824062095731, "val_loss": 1.5100539922714233, "val_acc": 0.48186528497409326}
{"type": "epoch", "epoch": "1/100", "train_loss": 1.4872279923349785, "train_acc": 0.4831824062095731, "val_loss": 1.5100539922714233, "val_acc": 0.48186528497409326}
{"type": "epoch", "epoch": 2, "total_epochs": 100, "train_loss": 1.3740754142924083, "train_acc": 0.5517464424320828, "val_loss": 1.505927324295044, "val_acc": 0.5492227979274611}
{"type": "epoch", "epoch": "2/100", "train_loss": 1.3740754142924083, "train_acc": 0.5517464424320828, "val_loss": 1.505927324295044, "val_acc": 0.5492227979274611}
{"type": "epoch", "epoch": 3, "total_epochs": 100, "train_loss": 1.2766575621551046, "train_acc": 0.5761103924105218, "val_loss": 1.5117663145065308, "val_acc": 0.48704663212435234}
{"type": "epoch", "epoch": "3/100", "train_loss": 1.2766575621551046, "train_acc": 0.5761103924105218, "val_loss": 1.5117663145065308, "val_acc": 0.48704663212435234}
{"type": "epoch", "epoch": 4, "total_epochs": 100, "train_loss": 1.1196752687937845, "train_acc": 0.6244070720137991, "val_loss": 1.519525408744812, "val_acc": 0.5751295336787565}
{"type": "epoch", "epoch": "4/100", "train_loss": 1.1196752687937845, "train_acc": 0.6244070720137991, "val_loss": 1.519525408744812, "val_acc": 0.5751295336787565}
{"type": "epoch", "epoch": 5, "total_epochs": 100, "train_loss": 0.9768874349137635, "train_acc": 0.6541612764122466, "val_loss": 1.5791845321655273, "val_acc": 0.5492227979274611}
{"type": "epoch", "epoch": "5/100", "train_loss": 0.9768874349137635, "train_acc": 0.6541612764122466, "val_loss": 1.5791845321655273, "val_acc": 0.5492227979274611}
{"type": "epoch", "epoch": 6, "total_epochs": 100, "train_loss": 0.8472341801031441, "train_acc": 0.703751617076326, "val_loss": 1.6404420137405396, "val_acc": 0.5181347150259067}
{"type": "epoch", "epoch": "6/100", "train_loss": 0.8472341801031441, "train_acc": 0.703751617076326, "val_loss": 1.6404420137405396, "val_acc": 0.5181347150259067}
{"type": "epoch", "epoch": 7, "total_epochs": 100, "train_loss": 0.7154419925152201, "train_acc": 0.7315653298835705, "val_loss": 1.892835021018982, "val_acc": 0.5440414507772021}
{"type": "epoch", "epoch": "7/100", "train_loss": 0.7154419925152201, "train_acc": 0.7315653298835705, "val_loss": 1.892835021018982, "val_acc": 0.5440414507772021}
{"type": "epoch", "epoch": 8, "total_epochs": 100, "train_loss": 0.5957118224460228, "train_acc": 0.7639068564036222, "val_loss": 1.954629898071289, "val_acc": 0.5595854922279793}
{"type": "epoch", "epoch": "8/100", "train_loss": 0.5957118224460228, "train_acc": 0.7639068564036222, "val_loss": 1.954629898071289, "val_acc": 0.5595854922279793}
{"type": "epoch", "epoch": 9, "total_epochs": 100, "train_loss": 0.4722380378910466, "train_acc": 0.8014230271668823, "val_loss": 2.249715566635132, "val_acc": 0.538860103626943}
{"type": "epoch", "epoch": "9/100", "train_loss": 0.4722380378910466, "train_acc": 0.8014230271668823, "val_loss": 2.249715566635132, "val_acc": 0.538860103626943}
{"type": "epoch", "epoch": 10, "total_epochs": 100, "train_loss": 0.39612488824522357, "train_acc": 0.815653298835705, "val_loss": 2.4968438148498535, "val_acc": 0.5958549222797928}
{"type": "epoch", "epoch": "10/100", "train_loss": 0.39612488824522357, "train_acc": 0.815653298835705, "val_loss": 2.4968438148498535, "val_acc": 0.5958549222797928}
{"type": "epoch", "epoch": 11, "total_epochs": 100, "train_loss": 0.31860135794456995, "train_acc": 0.8432514014661492, "val_loss": 2.652602434158325, "val_acc": 0.538860103626943}
{"type": "epoch", "epoch": "11/100", "train_loss": 0.31860135794456995, "train_acc": 0.8432514014661492, "val_loss": 2.652602434158325, "val_acc": 0.538860103626943}
{"type": "epoch", "epoch": 12, "total_epochs": 100, "train_loss": 0.2680709577033416, "train_acc": 0.8641655886157826, "val_loss": 2.940828800201416, "val_acc": 0.616580310880829}
{"type": "epoch", "epoch": "12/100", "train_loss": 0.2680709577033416, "train_acc": 0.8641655886157826, "val_loss": 2.940828800201416, "val_acc": 0.616580310880829}
{"type": "epoch", "epoch": 13, "total_epochs": 100, "train_loss": 0.21911737981439922, "train_acc": 0.8911168607158257, "val_loss": 2.9281675815582275, "val_acc": 0.5803108808290155}
{"type": "epoch", "epoch": "13/100", "train_loss": 0.21911737981439922, "train_acc": 0.8911168607158257, "val_loss": 2.9281675815582275, "val_acc": 0.5803108808290155}
{"type": "epoch", "epoch": 14, "total_epochs": 100, "train_loss": 0.19682659090220697, "train_acc": 0.8965071151358344, "val_loss": 3.1839311122894287, "val_acc": 0.5803108808290155}
{"type": "epoch", "epoch": "14/100", "train_loss": 0.19682659090220697, "train_acc": 0.8965071151358344, "val_loss": 3.1839311122894287, "val_acc": 0.5803108808290155}
{"type": "epoch", "epoch": 15, "total_epochs": 100, "train_loss": 0.1803123725673771, "train_acc": 0.901897369555843, "val_loss": 3.2859768867492676, "val_acc": 0.538860103626943}
{"type": "epoch", "epoch": "15/100", "train_loss": 0.1803123725673771, "train_acc": 0.901897369555843, "val_loss": 3.2859768867492676, "val_acc": 0.538860103626943}
{"type": "epoch", "epoch": 16, "total_epochs": 100, "train_loss": 0.14176153244772777, "train_acc": 0.9234583872358776, "val_loss": 3.659806251525879, "val_acc": 0.6062176165803109}
{"type": "epoch", "epoch": "16/100", "train_loss": 0.14176153244772777, "train_acc": 0.9234583872358776, "val_loss": 3.659806251525879, "val_acc": 0.6062176165803109}
{"type": "epoch", "epoch": 17, "total_epochs": 100, "train_loss": 0.12556365066147304, "train_acc": 0.931867184131091, "val_loss": 3.7959604263305664, "val_acc": 0.538860103626943}
{"type": "epoch", "epoch": "17/100", "train_loss": 0.12556365066147304, "train_acc": 0.931867184131091, "val_loss": 3.7959604263305664, "val_acc": 0.538860103626943}
{"type": "epoch", "epoch": 18, "total_epochs": 100, "train_loss": 0.10549744805574109, "train_acc": 0.9404915912031048, "val_loss": 4.1313157081604, "val_acc": 0.5803108808290155}
{"type": "epoch", "epoch": "18/100", "train_loss": 0.10549744805574109, "train_acc": 0.9404915912031048, "val_loss": 4.1313157081604, "val_acc": 0.5803108808290155}
{"type": "epoch", "epoch": 19, "total_epochs": 100, "train_loss": 0.09338407942952139, "train_acc": 0.9501940491591203, "val_loss": 4.240718364715576, "val_acc": 0.5854922279792746}
{"type": "epoch", "epoch": "19/100", "train_loss": 0.09338407942952139, "train_acc": 0.9501940491591203, "val_loss": 4.240718364715576, "val_acc": 0.5854922279792746}
{"type": "epoch", "epoch": 20, "total_epochs": 100, "train_loss": 0.0767198917666814, "train_acc": 0.9586028460543338, "val_loss": 4.6169352531433105, "val_acc": 0.5854922279792746}
{"type": "epoch", "epoch": "20/100", "train_loss": 0.0767198917666814, "train_acc": 0.9586028460543338, "val_loss": 4.6169352531433105, "val_acc": 0.5854922279792746}
{"type": "epoch", "epoch": 21, "total_epochs": 100, "train_loss": 0.07323375261144141, "train_acc": 0.9626994394135403, "val_loss": 4.952585220336914, "val_acc": 0.5699481865284974}
{"type": "epoch", "epoch": "21/100", "train_loss": 0.07323375261144141, "train_acc": 0.9626994394135403, "val_loss": 4.952585220336914, "val_acc": 0.5699481865284974}
{"type": "epoch", "epoch": 22, "total_epochs": 100, "train_loss": 0.05389798139978992, "train_acc": 0.9702457956015524, "val_loss": 5.0664448738098145, "val_acc": 0.616580310880829}
{"type": "epoch", "epoch": "22/100", "train_loss": 0.05389798139978992, "train_acc": 0.9702457956015524, "val_loss": 5.0664448738098145, "val_acc": 0.616580310880829}
{"type": "epoch", "epoch": 23, "total_epochs": 100, "train_loss": 0.05783695213692668, "train_acc": 0.9747736093143596, "val_loss": 5.803234577178955, "val_acc": 0.6424870466321243}
{"type": "epoch", "epoch": "23/100", "train_loss": 0.05783695213692668, "train_acc": 0.9747736093143596, "val_loss": 5.803234577178955, "val_acc": 0.6424870466321243}
{"type": "epoch", "epoch": 24, "total_epochs": 100, "train_loss": 0.06139580068170845, "train_acc": 0.9736955584303579, "val_loss": 5.054954528808594, "val_acc": 0.5751295336787565}
{"type": "epoch", "epoch": "24/100", "train_loss": 0.06139580068170845, "train_acc": 0.9736955584303579, "val_loss": 5.054954528808594, "val_acc": 0.5751295336787565}
{"type": "epoch", "epoch": 25, "total_epochs": 100, "train_loss": 0.056167167592946314, "train_acc": 0.9728331177231565, "val_loss": 5.1943864822387695, "val_acc": 0.5854922279792746}
{"type": "epoch", "epoch": "25/100", "train_loss": 0.056167167592946314, "train_acc": 0.9728331177231565, "val_loss": 5.1943864822387695, "val_acc": 0.5854922279792746}
{"type": "epoch", "epoch": 26, "total_epochs": 100, "train_loss": 0.03928060527632287, "train_acc": 0.9838292367399741, "val_loss": 5.294852256774902, "val_acc": 0.6217616580310881}
{"type": "epoch", "epoch": "26/100", "train_loss": 0.03928060527632287, "train_acc": 0.9838292367399741, "val_loss": 5.294852256774902, "val_acc": 0.6217616580310881}
{"type": "epoch", "epoch": 27, "total_epochs": 100, "train_loss": 0.034096377853741096, "train_acc": 0.9840448469167745, "val_loss": 5.266110420227051, "val_acc": 0.6010362694300518}
{"type": "epoch", "epoch": "27/100", "train_loss": 0.034096377853741096, "train_acc": 0.9840448469167745, "val_loss": 5.266110420227051, "val_acc": 0.6010362694300518}
{"type": "epoch", "epoch": 28, "total_epochs": 100, "train_loss": 0.046099525044618776, "train_acc": 0.9844760672703752, "val_loss": 5.321012020111084, "val_acc": 0.5803108808290155}
{"type": "epoch", "epoch": "28/100", "train_loss": 0.046099525044618776, "train_acc": 0.9844760672703752, "val_loss": 5.321012020111084, "val_acc": 0.5803108808290155}
{"type": "epoch", "epoch": 29, "total_epochs": 100, "train_loss": 0.03453809317521054, "train_acc": 0.9833980163863735, "val_loss": 5.461945533752441, "val_acc": 0.6113989637305699}
{"type": "epoch", "epoch": "29/100", "train_loss": 0.03453809317521054, "train_acc": 0.9833980163863735, "val_loss": 5.461945533752441, "val_acc": 0.6113989637305699}
{"type": "epoch", "epoch": 30, "total_epochs": 100, "train_loss": 0.029746182751249475, "train_acc": 0.9879258300991807, "val_loss": 5.580101490020752, "val_acc": 0.5647668393782384}
{"type": "epoch", "epoch": "30/100", "train_loss": 0.029746182751249475, "train_acc": 0.9879258300991807, "val_loss": 5.580101490020752, "val_acc": 0.5647668393782384}
{"type": "epoch", "epoch": 31, "total_epochs": 100, "train_loss": 0.0438911856424004, "train_acc": 0.9836136265631737, "val_loss": 6.316794395446777, "val_acc": 0.5906735751295337}
{"type": "epoch", "epoch": "31/100", "train_loss": 0.0438911856424004, "train_acc": 0.9836136265631737, "val_loss": 6.316794395446777, "val_acc": 0.5906735751295337}
{"type": "epoch", "epoch": 32, "total_epochs": 100, "train_loss": 0.02691624129102989, "train_acc": 0.9911599827511859, "val_loss": 6.1523051261901855, "val_acc": 0.6010362694300518}
{"type": "epoch", "epoch": "32/100", "train_loss": 0.02691624129102989, "train_acc": 0.9911599827511859, "val_loss": 6.1523051261901855, "val_acc": 0.6010362694300518}
{"type": "epoch", "epoch": 33, "total_epochs": 100, "train_loss": 0.02352981515945212, "train_acc": 0.9907287623975851, "val_loss": 6.078644275665283, "val_acc": 0.5854922279792746}
{"type": "epoch", "epoch": "33/100", "train_loss": 0.02352981515945212, "train_acc": 0.9907287623975851, "val_loss": 6.078644275665283, "val_acc": 0.5854922279792746}
{"type": "epoch", "epoch": 34, "total_epochs": 100, "train_loss": 0.018722733691954804, "train_acc": 0.9952565761103924, "val_loss": 6.452712059020996, "val_acc": 0.5751295336787565}
{"type": "epoch", "epoch": "34/100", "train_loss": 0.018722733691954804, "train_acc": 0.9952565761103924, "val_loss": 6.452712059020996, "val_acc": 0.5751295336787565}
{"type": "epoch", "epoch": 35, "total_epochs": 100, "train_loss": 0.03268391076023978, "train_acc": 0.9911599827511859, "val_loss": 6.739370346069336, "val_acc": 0.5906735751295337}
{"type": "epoch", "epoch": "35/100", "train_loss": 0.03268391076023978, "train_acc": 0.9911599827511859, "val_loss": 6.739370346069336, "val_acc": 0.5906735751295337}
{"type": "epoch", "epoch": 36, "total_epochs": 100, "train_loss": 0.018048557339203207, "train_acc": 0.9928848641655886, "val_loss": 6.767074108123779, "val_acc": 0.6113989637305699}
{"type": "epoch", "epoch": "36/100", "train_loss": 0.018048557339203207, "train_acc": 0.9928848641655886, "val_loss": 6.767074108123779, "val_acc": 0.6113989637305699}
{"type": "epoch", "epoch": 37, "total_epochs": 100, "train_loss": 0.016637089674302014, "train_acc": 0.9939629150495903, "val_loss": 6.537176609039307, "val_acc": 0.5958549222797928}
{"type": "epoch", "epoch": "37/100", "train_loss": 0.016637089674302014, "train_acc": 0.9939629150495903, "val_loss": 6.537176609039307, "val_acc": 0.5958549222797928}
{"type": "epoch", "epoch": 38, "total_epochs": 100, "train_loss": 0.016948219015632097, "train_acc": 0.9933160845191893, "val_loss": 6.804422855377197, "val_acc": 0.6113989637305699}
{"type": "epoch", "epoch": "38/100", "train_loss": 0.016948219015632097, "train_acc": 0.9933160845191893, "val_loss": 6.804422855377197, "val_acc": 0.6113989637305699}
{"type": "epoch", "epoch": 39, "total_epochs": 100, "train_loss": 0.006286849560802011, "train_acc": 0.9989219491159983, "val_loss": 7.07320499420166, "val_acc": 0.5958549222797928}
{"type": "epoch", "epoch": "39/100", "train_loss": 0.006286849560802011, "train_acc": 0.9989219491159983, "val_loss": 7.07320499420166, "val_acc": 0.5958549222797928}
{"type": "epoch", "epoch": 40, "total_epochs": 100, "train_loss": 0.012603623472951728, "train_acc": 0.995040965933592, "val_loss": 6.887287616729736, "val_acc": 0.5803108808290155}
{"type": "epoch", "epoch": "40/100", "train_loss": 0.012603623472951728, "train_acc": 0.995040965933592, "val_loss": 6.887287616729736, "val_acc": 0.5803108808290155}
{"type": "epoch", "epoch": 41, "total_epochs": 100, "train_loss": 0.0113022363629817, "train_acc": 0.9952565761103924, "val_loss": 6.909151554107666, "val_acc": 0.6010362694300518}
{"type": "epoch", "epoch": "41/100", "train_loss": 0.0113022363629817, "train_acc": 0.9952565761103924, "val_loss": 6.909151554107666, "val_acc": 0.6010362694300518}
{"type": "epoch", "epoch": 42, "total_epochs": 100, "train_loss": 0.009345191955781667, "train_acc": 0.9963346269943941, "val_loss": 6.729321002960205, "val_acc": 0.6010362694300518}
{"type": "epoch", "epoch": "42/100", "train_loss": 0.009345191955781667, "train_acc": 0.9963346269943941, "val_loss": 6.729321002960205, "val_acc": 0.6010362694300518}
{"type": "epoch", "epoch": 43, "total_epochs": 100, "train_loss": 0.01571435817242642, "train_acc": 0.994394135403191, "val_loss": 7.210145950317383, "val_acc": 0.5803108808290155}
{"type": "epoch", "epoch": "43/100", "train_loss": 0.01571435817242642, "train_acc": 0.994394135403191, "val_loss": 7.210145950317383, "val_acc": 0.5803108808290155}
{"type": "epoch", "epoch": 44, "total_epochs": 100, "train_loss": 0.014800036012497459, "train_acc": 0.994394135403191, "val_loss": 7.275258541107178, "val_acc": 0.5751295336787565}
{"type": "epoch", "epoch": "44/100", "train_loss": 0.014800036012497459, "train_acc": 0.994394135403191, "val_loss": 7.275258541107178, "val_acc": 0.5751295336787565}
{"type": "epoch", "epoch": 45, "total_epochs": 100, "train_loss": 0.007597065003183777, "train_acc": 0.9971970677015956, "val_loss": 7.311535358428955, "val_acc": 0.5958549222797928}
{"type": "epoch", "epoch": "45/100", "train_loss": 0.007597065003183777, "train_acc": 0.9971970677015956, "val_loss": 7.311535358428955, "val_acc": 0.5958549222797928}
{"type": "epoch", "epoch": 46, "total_epochs": 100, "train_loss": 0.004986508041897362, "train_acc": 0.9982751185855973, "val_loss": 7.4321441650390625, "val_acc": 0.6113989637305699}
{"type": "epoch", "epoch": "46/100", "train_loss": 0.004986508041897362, "train_acc": 0.9982751185855973, "val_loss": 7.4321441650390625, "val_acc": 0.6113989637305699}
{"type": "epoch", "epoch": 47, "total_epochs": 100, "train_loss": 0.00852170568302292, "train_acc": 0.9971970677015956, "val_loss": 7.75082540512085, "val_acc": 0.6321243523316062}
{"type": "epoch", "epoch": "47/100", "train_loss": 0.00852170568302292, "train_acc": 0.9971970677015956, "val_loss": 7.75082540512085, "val_acc": 0.6321243523316062}
{"type": "epoch", "epoch": 48, "total_epochs": 100, "train_loss": 0.009261883825281375, "train_acc": 0.9963346269943941, "val_loss": 7.647037982940674, "val_acc": 0.6062176165803109}
{"type": "epoch", "epoch": "48/100", "train_loss": 0.009261883825281375, "train_acc": 0.9963346269943941, "val_loss": 7.647037982940674, "val_acc": 0.6062176165803109}
{"type": "epoch", "epoch": 49, "total_epochs": 100, "train_loss": 0.007395784950820362, "train_acc": 0.9967658473479948, "val_loss": 7.460336208343506, "val_acc": 0.5906735751295337}
{"type": "epoch", "epoch": "49/100", "train_loss": 0.007395784950820362, "train_acc": 0.9967658473479948, "val_loss": 7.460336208343506, "val_acc": 0.5906735751295337}
{"type": "epoch", "epoch": 50, "total_epochs": 100, "train_loss": 0.00796828524771756, "train_acc": 0.9982751185855973, "val_loss": 7.476966381072998, "val_acc": 0.5958549222797928}
{"type": "epoch", "epoch": "50/100", "train_loss": 0.00796828524771756, "train_acc": 0.9982751185855973, "val_loss": 7.476966381072998, "val_acc": 0.5958549222797928}
{"type": "epoch", "epoch": 51, "total_epochs": 100, "train_loss": 0.003238126644687972, "train_acc": 0.999353169469599, "val_loss": 7.7833662033081055, "val_acc": 0.5854922279792746}
{"type": "epoch", "epoch": "51/100", "train_loss": 0.003238126644687972, "train_acc": 0.999353169469599, "val_loss": 7.7833662033081055, "val_acc": 0.5854922279792746}
{"type": "epoch", "epoch": 52, "total_epochs": 100, "train_loss": 0.006096855063350215, "train_acc": 0.9980595084087969, "val_loss": 7.394553184509277, "val_acc": 0.5906735751295337}
{"type": "epoch", "epoch": "52/100", "train_loss": 0.006096855063350215, "train_acc": 0.9980595084087969, "val_loss": 7.394553184509277, "val_acc": 0.5906735751295337}
{"type": "epoch", "epoch": 53, "total_epochs": 100, "train_loss": 0.0044523747033577525, "train_acc": 0.9989219491159983, "val_loss": 7.34873628616333, "val_acc": 0.5803108808290155}
{"type": "epoch", "epoch": "53/100", "train_loss": 0.0044523747033577525, "train_acc": 0.9989219491159983, "val_loss": 7.34873628616333, "val_acc": 0.5803108808290155}
{"type": "epoch", "epoch": 54, "total_epochs": 100, "train_loss": 0.0067712931607860636, "train_acc": 0.9989219491159983, "val_loss": 7.788594722747803, "val_acc": 0.5699481865284974}
{"type": "epoch", "epoch": "54/100", "train_loss": 0.0067712931607860636, "train_acc": 0.9989219491159983, "val_loss": 7.788594722747803, "val_acc": 0.5699481865284974}
{"type": "epoch", "epoch": 55, "total_epochs": 100, "train_loss": 0.005021024835798985, "train_acc": 0.9982751185855973, "val_loss": 7.710623741149902, "val_acc": 0.5854922279792746}
{"type": "epoch", "epoch": "55/100", "train_loss": 0.005021024835798985, "train_acc": 0.9982751185855973, "val_loss": 7.710623741149902, "val_acc": 0.5854922279792746}
{"type": "epoch", "epoch": 56, "total_epochs": 100, "train_loss": 0.0008600027815074551, "train_acc": 0.9997843898231996, "val_loss": 7.743350982666016, "val_acc": 0.616580310880829}
{"type": "epoch", "epoch": "56/100", "train_loss": 0.0008600027815074551, "train_acc": 0.9997843898231996, "val_loss": 7.743350982666016, "val_acc": 0.616580310880829}
{"type": "epoch", "epoch": 57, "total_epochs": 100, "train_loss": 0.0071663071394258955, "train_acc": 0.9974126778783958, "val_loss": 7.830611705780029, "val_acc": 0.6010362694300518}
{"type": "epoch", "epoch": "57/100", "train_loss": 0.0071663071394258955, "train_acc": 0.9974126778783958, "val_loss": 7.830611705780029, "val_acc": 0.6010362694300518}
{"type": "epoch", "epoch": 58, "total_epochs": 100, "train_loss": 0.0014216766906508871, "train_acc": 0.999353169469599, "val_loss": 7.578634738922119, "val_acc": 0.5958549222797928}
{"type": "epoch", "epoch": "58/100", "train_loss": 0.0014216766906508871, "train_acc": 0.999353169469599, "val_loss": 7.578634738922119, "val_acc": 0.5958549222797928}
{"type": "epoch", "epoch": 59, "total_epochs": 100, "train_loss": 0.0010164387792529692, "train_acc": 0.999353169469599, "val_loss": 7.532482147216797, "val_acc": 0.5906735751295337}
{"type": "epoch", "epoch": "59/100", "train_loss": 0.0010164387792529692, "train_acc": 0.999353169469599, "val_loss": 7.532482147216797, "val_acc": 0.5906735751295337}
{"type": "epoch", "epoch": 60, "total_epochs": 100, "train_loss": 0.002362603204234502, "train_acc": 0.9995687796463993, "val_loss": 7.634036064147949, "val_acc": 0.6062176165803109}
{"type": "epoch", "epoch": "60/100", "train_loss": 0.002362603204234502, "train_acc": 0.9995687796463993, "val_loss": 7.634036064147949, "val_acc": 0.6062176165803109}
{"type": "epoch", "epoch": 61, "total_epochs": 100, "train_loss": 0.0023542481042330334, "train_acc": 0.999353169469599, "val_loss": 7.498992919921875, "val_acc": 0.5906735751295337}
{"type": "epoch", "epoch": "61/100", "train_loss": 0.0023542481042330334, "train_acc": 0.999353169469599, "val_loss": 7.498992919921875, "val_acc": 0.5906735751295337}
{"type": "epoch", "epoch": 62, "total_epochs": 100, "train_loss": 0.000922558106072994, "train_acc": 0.9995687796463993, "val_loss": 7.581784725189209, "val_acc": 0.5906735751295337}
{"type": "epoch", "epoch": "62/100", "train_loss": 0.000922558106072994, "train_acc": 0.9995687796463993, "val_loss": 7.581784725189209, "val_acc": 0.5906735751295337}
{"type": "epoch", "epoch": 63, "total_epochs": 100, "train_loss": 0.0008742916361354902, "train_acc": 0.9995687796463993, "val_loss": 7.793992042541504, "val_acc": 0.6010362694300518}
{"type": "epoch", "epoch": "63/100", "train_loss": 0.0008742916361354902, "train_acc": 0.9995687796463993, "val_loss": 7.793992042541504, "val_acc": 0.6010362694300518}
{"type": "epoch", "epoch": 64, "total_epochs": 100, "train_loss": 0.003372205058532324, "train_acc": 0.9991375592927986, "val_loss": 7.818809509277344, "val_acc": 0.5958549222797928}
{"type": "epoch", "epoch": "64/100", "train_loss": 0.003372205058532324, "train_acc": 0.9991375592927986, "val_loss": 7.818809509277344, "val_acc": 0.5958549222797928}
{"type": "epoch", "epoch": 65, "total_epochs": 100, "train_loss": 0.001961482060705364, "train_acc": 0.9991375592927986, "val_loss": 8.032160758972168, "val_acc": 0.6113989637305699}
{"type": "epoch", "epoch": "65/100", "train_loss": 0.001961482060705364, "train_acc": 0.9991375592927986, "val_loss": 8.032160758972168, "val_acc": 0.6113989637305699}
{"type": "epoch", "epoch": 66, "total_epochs": 100, "train_loss": 0.0021987199445939135, "train_acc": 0.9997843898231996, "val_loss": 7.368922233581543, "val_acc": 0.6269430051813472}
{"type": "epoch", "epoch": "66/100", "train_loss": 0.0021987199445939135, "train_acc": 0.9997843898231996, "val_loss": 7.368922233581543, "val_acc": 0.6269430051813472}
{"type": "epoch", "epoch": 67, "total_epochs": 100, "train_loss": 0.0009219770342927449, "train_acc": 0.9995687796463993, "val_loss": 8.024975776672363, "val_acc": 0.5958549222797928}
{"type": "epoch", "epoch": "67/100", "train_loss": 0.0009219770342927449, "train_acc": 0.9995687796463993, "val_loss": 8.024975776672363, "val_acc": 0.5958549222797928}
{"type": "epoch", "epoch": 68, "total_epochs": 100, "train_loss": 0.000555615088192426, "train_acc": 1.0, "val_loss": 7.470630645751953, "val_acc": 0.5854922279792746}
{"type": "epoch", "epoch": "68/100", "train_loss": 0.000555615088192426, "train_acc": 1.0, "val_loss": 7.470630645751953, "val_acc": 0.5854922279792746}
{"type": "epoch", "epoch": 69, "total_epochs": 100, "train_loss": 0.0005354286832789159, "train_acc": 0.9997843898231996, "val_loss": 7.455440044403076, "val_acc": 0.5906735751295337}
{"type": "epoch", "epoch": "69/100", "train_loss": 0.0005354286832789159, "train_acc": 0.9997843898231996, "val_loss": 7.455440044403076, "val_acc": 0.5906735751295337}
{"type": "epoch", "epoch": 70, "total_epochs": 100, "train_loss": 0.00033340951960985965, "train_acc": 0.9995687796463993, "val_loss": 7.980905532836914, "val_acc": 0.5854922279792746}
{"type": "epoch", "epoch": "70/100", "train_loss": 0.00033340951960985965, "train_acc": 0.9995687796463993, "val_loss": 7.980905532836914, "val_acc": 0.5854922279792746}
{"type": "epoch", "epoch": 71, "total_epochs": 100, "train_loss": 0.00026287208588932125, "train_acc": 1.0, "val_loss": 7.857750415802002, "val_acc": 0.5906735751295337}
{"type": "epoch", "epoch": "71/100", "train_loss": 0.00026287208588932125, "train_acc": 1.0, "val_loss": 7.857750415802002, "val_acc": 0.5906735751295337}
{"type": "epoch", "epoch": 72, "total_epochs": 100, "train_loss": 0.00018416946904784655, "train_acc": 1.0, "val_loss": 7.840244293212891, "val_acc": 0.5958549222797928}
{"type": "epoch", "epoch": "72/100", "train_loss": 0.00018416946904784655, "train_acc": 1.0, "val_loss": 7.840244293212891, "val_acc": 0.5958549222797928}
{"type": "epoch", "epoch": 73, "total_epochs": 100, "train_loss": 7.806619358704304e-05, "train_acc": 1.0, "val_loss": 7.833813190460205, "val_acc": 0.5958549222797928}
{"type": "epoch", "epoch": "73/100", "train_loss": 7.806619358704304e-05, "train_acc": 1.0, "val_loss": 7.833813190460205, "val_acc": 0.5958549222797928}
{"type": "epoch", "epoch": 74, "total_epochs": 100, "train_loss": 0.0019861795728134454, "train_acc": 0.9995687796463993, "val_loss": 7.785097599029541, "val_acc": 0.5958549222797928}
{"type": "epoch", "epoch": "74/100", "train_loss": 0.0019861795728134454, "train_acc": 0.9995687796463993, "val_loss": 7.785097599029541, "val_acc": 0.5958549222797928}
{"type": "epoch", "epoch": 75, "total_epochs": 100, "train_loss": 0.0009345042541685967, "train_acc": 0.9995687796463993, "val_loss": 7.851932048797607, "val_acc": 0.5854922279792746}
{"type": "epoch", "epoch": "75/100", "train_loss": 0.0009345042541685967, "train_acc": 0.9995687796463993, "val_loss": 7.851932048797607, "val_acc": 0.5854922279792746}
{"type": "epoch", "epoch": 76, "total_epochs": 100, "train_loss": 0.0007911930074754145, "train_acc": 0.9997843898231996, "val_loss": 7.494276523590088, "val_acc": 0.5958549222797928}
{"type": "epoch", "epoch": "76/100", "train_loss": 0.0007911930074754145, "train_acc": 0.9997843898231996, "val_loss": 7.494276523590088, "val_acc": 0.5958549222797928}
{"type": "epoch", "epoch": 77, "total_epochs": 100, "train_loss": 0.000210231908634621, "train_acc": 1.0, "val_loss": 7.78632116317749, "val_acc": 0.6062176165803109}
{"type": "epoch", "epoch": "77/100", "train_loss": 0.000210231908634621, "train_acc": 1.0, "val_loss": 7.78632116317749, "val_acc": 0.6062176165803109}
{"type": "epoch", "epoch": 78, "total_epochs": 100, "train_loss": 6.0236813795603026e-05, "train_acc": 1.0, "val_loss": 7.669748306274414, "val_acc": 0.5906735751295337}
{"type": "epoch", "epoch": "78/100", "train_loss": 6.0236813795603026e-05, "train_acc": 1.0, "val_loss": 7.669748306274414, "val_acc": 0.5906735751295337}
{"type": "epoch", "epoch": 79, "total_epochs": 100, "train_loss": 7.463005955407383e-05, "train_acc": 1.0, "val_loss": 7.795327186584473, "val_acc": 0.6010362694300518}
{"type": "epoch", "epoch": "79/100", "train_loss": 7.463005955407383e-05, "train_acc": 1.0, "val_loss": 7.795327186584473, "val_acc": 0.6010362694300518}
{"type": "epoch", "epoch": 80, "total_epochs": 100, "train_loss": 0.0001419617449399887, "train_acc": 1.0, "val_loss": 7.664519309997559, "val_acc": 0.6010362694300518}
{"type": "epoch", "epoch": "80/100", "train_loss": 0.0001419617449399887, "train_acc": 1.0, "val_loss": 7.664519309997559, "val_acc": 0.6010362694300518}
{"type": "epoch", "epoch": 81, "total_epochs": 100, "train_loss": 0.00013722540136409017, "train_acc": 0.9997843898231996, "val_loss": 7.723962306976318, "val_acc": 0.5906735751295337}
{"type": "epoch", "epoch": "81/100", "train_loss": 0.00013722540136409017, "train_acc": 0.9997843898231996, "val_loss": 7.723962306976318, "val_acc": 0.5906735751295337}
{"type": "epoch", "epoch": 82, "total_epochs": 100, "train_loss": 0.0001228189797233228, "train_acc": 1.0, "val_loss": 8.040961265563965, "val_acc": 0.5958549222797928}
{"type": "epoch", "epoch": "82/100", "train_loss": 0.0001228189797233228, "train_acc": 1.0, "val_loss": 8.040961265563965, "val_acc": 0.5958549222797928}
{"type": "epoch", "epoch": 83, "total_epochs": 100, "train_loss": 7.891287456159956e-05, "train_acc": 1.0, "val_loss": 7.952023029327393, "val_acc": 0.6010362694300518}
{"type": "epoch", "epoch": "83/100", "train_loss": 7.891287456159956e-05, "train_acc": 1.0, "val_loss": 7.952023029327393, "val_acc": 0.6010362694300518}
{"type": "epoch", "epoch": 84, "total_epochs": 100, "train_loss": 6.466472101844072e-05, "train_acc": 1.0, "val_loss": 7.763774871826172, "val_acc": 0.5803108808290155}
{"type": "epoch", "epoch": "84/100", "train_loss": 6.466472101844072e-05, "train_acc": 1.0, "val_loss": 7.763774871826172, "val_acc": 0.5803108808290155}
{"type": "epoch", "epoch": 85, "total_epochs": 100, "train_loss": 0.00026115415602612804, "train_acc": 0.9997843898231996, "val_loss": 8.061861038208008, "val_acc": 0.5958549222797928}
{"type": "epoch", "epoch": "85/100", "train_loss": 0.00026115415602612804, "train_acc": 0.9997843898231996, "val_loss": 8.061861038208008, "val_acc": 0.5958549222797928}
{"type": "epoch", "epoch": 86, "total_epochs": 100, "train_loss": 0.00023122602366578739, "train_acc": 1.0, "val_loss": 7.960245132446289, "val_acc": 0.5906735751295337}
{"type": "epoch", "epoch": "86/100", "train_loss": 0.00023122602366578739, "train_acc": 1.0, "val_loss": 7.960245132446289, "val_acc": 0.5906735751295337}
{"type": "epoch", "epoch": 87, "total_epochs": 100, "train_loss": 7.274423661654822e-05, "train_acc": 1.0, "val_loss": 7.889760971069336, "val_acc": 0.5803108808290155}
{"type": "epoch", "epoch": "87/100", "train_loss": 7.274423661654822e-05, "train_acc": 1.0, "val_loss": 7.889760971069336, "val_acc": 0.5803108808290155}
{"type": "epoch", "epoch": 88, "total_epochs": 100, "train_loss": 0.0005992063763855128, "train_acc": 0.9995687796463993, "val_loss": 7.830385208129883, "val_acc": 0.5803108808290155}
{"type": "epoch", "epoch": "88/100", "train_loss": 0.0005992063763855128, "train_acc": 0.9995687796463993, "val_loss": 7.830385208129883, "val_acc": 0.5803108808290155}
{"type": "epoch", "epoch": 89, "total_epochs": 100, "train_loss": 0.0012206797798005567, "train_acc": 0.9997843898231996, "val_loss": 7.827932834625244, "val_acc": 0.5803108808290155}
{"type": "epoch", "epoch": "89/100", "train_loss": 0.0012206797798005567, "train_acc": 0.9997843898231996, "val_loss": 7.827932834625244, "val_acc": 0.5803108808290155}
{"type": "epoch", "epoch": 90, "total_epochs": 100, "train_loss": 0.00011147103271587785, "train_acc": 1.0, "val_loss": 7.812814712524414, "val_acc": 0.5958549222797928}
{"type": "epoch", "epoch": "90/100", "train_loss": 0.00011147103271587785, "train_acc": 1.0, "val_loss": 7.812814712524414, "val_acc": 0.5958549222797928}
{"type": "epoch", "epoch": 91, "total_epochs": 100, "train_loss": 4.4507619632813544e-05, "train_acc": 1.0, "val_loss": 7.998292922973633, "val_acc": 0.5854922279792746}
{"type": "epoch", "epoch": "91/100", "train_loss": 4.4507619632813544e-05, "train_acc": 1.0, "val_loss": 7.998292922973633, "val_acc": 0.5854922279792746}
{"type": "epoch", "epoch": 92, "total_epochs": 100, "train_loss": 0.0007852651510055262, "train_acc": 0.9997843898231996, "val_loss": 7.881005764007568, "val_acc": 0.5906735751295337}
{"type": "epoch", "epoch": "92/100", "train_loss": 0.0007852651510055262, "train_acc": 0.9997843898231996, "val_loss": 7.881005764007568, "val_acc": 0.5906735751295337}
{"type": "epoch", "epoch": 93, "total_epochs": 100, "train_loss": 4.397385146815463e-05, "train_acc": 1.0, "val_loss": 7.974074363708496, "val_acc": 0.5854922279792746}
{"type": "epoch", "epoch": "93/100", "train_loss": 4.397385146815463e-05, "train_acc": 1.0, "val_loss": 7.974074363708496, "val_acc": 0.5854922279792746}
{"type": "epoch", "epoch": 94, "total_epochs": 100, "train_loss": 0.0004205196028912499, "train_acc": 0.9997843898231996, "val_loss": 7.985790252685547, "val_acc": 0.5854922279792746}
{"type": "epoch", "epoch": "94/100", "train_loss": 0.0004205196028912499, "train_acc": 0.9997843898231996, "val_loss": 7.985790252685547, "val_acc": 0.5854922279792746}
{"type": "epoch", "epoch": 95, "total_epochs": 100, "train_loss": 4.172135926239098e-05, "train_acc": 1.0, "val_loss": 7.920587062835693, "val_acc": 0.5854922279792746}
{"type": "epoch", "epoch": "95/100", "train_loss": 4.172135926239098e-05, "train_acc": 1.0, "val_loss": 7.920587062835693, "val_acc": 0.5854922279792746}
{"type": "epoch", "epoch": 96, "total_epochs": 100, "train_loss": 0.00012569258338919224, "train_acc": 0.9997843898231996, "val_loss": 7.916379451751709, "val_acc": 0.5906735751295337}
{"type": "epoch", "epoch": "96/100", "train_loss": 0.00012569258338919224, "train_acc": 0.9997843898231996, "val_loss": 7.916379451751709, "val_acc": 0.5906735751295337}
{"type": "epoch", "epoch": 97, "total_epochs": 100, "train_loss": 5.902914080326355e-05, "train_acc": 1.0, "val_loss": 8.017573356628418, "val_acc": 0.5958549222797928}
{"type": "epoch", "epoch": "97/100", "train_loss": 5.902914080326355e-05, "train_acc": 1.0, "val_loss": 8.017573356628418, "val_acc": 0.5958549222797928}
{"type": "epoch", "epoch": 98, "total_epochs": 100, "train_loss": 2.8363212001890086e-05, "train_acc": 1.0, "val_loss": 8.121140480041504, "val_acc": 0.5958549222797928}
{"type": "epoch", "epoch": "98/100", "train_loss": 2.8363212001890086e-05, "train_acc": 1.0, "val_loss": 8.121140480041504, "val_acc": 0.5958549222797928}
{"type": "epoch", "epoch": 99, "total_epochs": 100, "train_loss": 4.064783306602223e-05, "train_acc": 1.0, "val_loss": 7.8896284103393555, "val_acc": 0.5958549222797928}
{"type": "epoch", "epoch": "99/100", "train_loss": 4.064783306602223e-05, "train_acc": 1.0, "val_loss": 7.8896284103393555, "val_acc": 0.5958549222797928}
EEGNet Val Preds: [1, 1, 3, 1, 1, 3, 1, 1, 4, 1, 1, 1, 1, 1, 1, 0, 1, 1, 1, 3, 3, 1, 1, 3, 1, 1, 1, 1, 1, 1, 2, 2, 1, 1, 1, 3, 1, 2, 1, 1, 3, 1, 0, 1, 1, 1, 1, 1, 1, 1, 2, 1, 1, 1, 4, 1, 1, 1, 1, 1, 1, 1, 1, 1, 1, 1, 1, 2, 3, 1, 1, 4, 1, 1, 1, 4, 1, 4, 2, 1, 4, 4, 2, 1, 1, 3, 1, 1, 1, 4, 1, 1, 1, 1, 1, 4, 3, 0, 1, 1, 1, 3, 3, 0, 1, 1, 4, 4, 1, 1, 1, 3, 1, 1, 2, 1, 1, 0, 1, 1, 1, 1, 1, 4, 1, 4, 2, 1, 2, 0, 1, 1, 1, 1, 3, 1, 1, 3, 1, 1, 3, 1, 1, 1, 1, 1, 1, 1, 1, 1, 1, 1, 1, 2, 1, 1, 2, 2, 2, 1, 1, 1, 0, 4, 2, 1, 0, 1, 3, 3, 2, 1, 1, 1, 0, 1, 1, 2, 1, 0, 1, 0, 1, 1, 1, 0, 1, 4, 1, 1, 1, 1, 0]
EEGNet Val Truth: [2, 1, 2, 3, 0, 3, 1, 1, 0, 0, 1, 0, 2, 1, 1, 0, 1, 1, 2, 2, 1, 1, 3, 4, 1, 4, 1, 1, 1, 1, 1, 0, 1, 1, 1, 1, 1, 1, 0, 1, 4, 1, 2, 1, 4, 2, 1, 1, 1, 1, 0, 1, 0, 2, 4, 1, 1, 1, 2, 1, 1, 1, 1, 1, 1, 1, 1, 2, 3, 1, 1, 0, 3, 1, 1, 4, 1, 4, 4, 1, 4, 3, 1, 1, 1, 2, 1, 1, 4, 4, 2, 4, 1, 1, 1, 1, 1, 1, 1, 1, 1, 3, 3, 1, 1, 1, 4, 1, 1, 1, 1, 0, 1, 1, 1, 1, 1, 1, 4, 1, 3, 1, 1, 4, 1, 4, 3, 3, 2, 2, 1, 1, 3, 0, 1, 1, 1, 1, 1, 1, 1, 4, 1, 4, 1, 1, 1, 2, 1, 4, 1, 1, 1, 3, 1, 4, 2, 3, 2, 2, 4, 1, 1, 0, 3, 3, 1, 1, 0, 0, 1, 1, 1, 2, 2, 1, 1, 3, 3, 1, 1, 1, 3, 1, 1, 0, 1, 1, 1, 1, 1, 1, 0]
{"type": "epoch", "epoch": 100, "total_epochs": 100, "train_loss": 4.559968512444249e-05, "train_acc": 1.0, "val_loss": 7.902322769165039, "val_acc": 0.5906735751295337}
{"type": "epoch", "epoch": "100/100", "train_loss": 4.559968512444249e-05, "train_acc": 1.0, "val_loss": 7.902322769165039, "val_acc": 0.5906735751295337}
{"type": "complete", "message": "Training completed successfully for EEGNet on master_kaya!", "final_val_acc": 0.5948717948717949, "latency_ms": 35.30550003051758}

======================================
Training Model: Shallow ConvNet on Dataset: KayaFingers
======================================
{"type": "info", "message": "Selecting top 16 channels based on variance..."}
{"type": "info", "message": "New X shape: (1934, 16, 656)"}
{"type": "info", "message": "No metadata found. Using temporal slice..."}
{"type": "info", "message": "Augmenting training data... Original shape: (1546, 16, 656)"}
{"type": "info", "message": "Augmented shape: (4638, 16, 656)"}
{"type": "progress", "message": "Training Shallow ConvNet..."}
{"type": "reset_chart"}
{"type": "epoch", "epoch": 1, "total_epochs": 100, "train_loss": 1.6920012224332275, "train_acc": 0.26476929711082364, "val_loss": 1.7122889757156372, "val_acc": 0.17616580310880828}
{"type": "epoch", "epoch": "1/100", "train_loss": 1.6920012224332275, "train_acc": 0.26476929711082364, "val_loss": 1.7122889757156372, "val_acc": 0.17616580310880828}
{"type": "epoch", "epoch": 2, "total_epochs": 100, "train_loss": 1.568795440422147, "train_acc": 0.41742130228546787, "val_loss": 1.6835861206054688, "val_acc": 0.38860103626943004}
{"type": "epoch", "epoch": "2/100", "train_loss": 1.568795440422147, "train_acc": 0.41742130228546787, "val_loss": 1.6835861206054688, "val_acc": 0.38860103626943004}
{"type": "epoch", "epoch": 3, "total_epochs": 100, "train_loss": 1.4443961041608007, "train_acc": 0.5459249676584734, "val_loss": 1.7222106456756592, "val_acc": 0.42487046632124353}
{"type": "epoch", "epoch": "3/100", "train_loss": 1.4443961041608007, "train_acc": 0.5459249676584734, "val_loss": 1.7222106456756592, "val_acc": 0.42487046632124353}
{"type": "epoch", "epoch": 4, "total_epochs": 100, "train_loss": 1.312749333862808, "train_acc": 0.6009055627425615, "val_loss": 1.8058669567108154, "val_acc": 0.41450777202072536}
{"type": "epoch", "epoch": "4/100", "train_loss": 1.312749333862808, "train_acc": 0.6009055627425615, "val_loss": 1.8058669567108154, "val_acc": 0.41450777202072536}
{"type": "epoch", "epoch": 5, "total_epochs": 100, "train_loss": 1.2102057501487353, "train_acc": 0.6265631737818025, "val_loss": 1.8157764673233032, "val_acc": 0.46632124352331605}
{"type": "epoch", "epoch": "5/100", "train_loss": 1.2102057501487353, "train_acc": 0.6265631737818025, "val_loss": 1.8157764673233032, "val_acc": 0.46632124352331605}
{"type": "epoch", "epoch": 6, "total_epochs": 100, "train_loss": 1.1009919925104086, "train_acc": 0.6739974126778784, "val_loss": 2.0285470485687256, "val_acc": 0.43005181347150256}
{"type": "epoch", "epoch": "6/100", "train_loss": 1.1009919925104086, "train_acc": 0.6739974126778784, "val_loss": 2.0285470485687256, "val_acc": 0.43005181347150256}
{"type": "epoch", "epoch": 7, "total_epochs": 100, "train_loss": 1.0058810075021294, "train_acc": 0.7117291936179387, "val_loss": 2.0776724815368652, "val_acc": 0.47668393782383417}
{"type": "epoch", "epoch": "7/100", "train_loss": 1.0058810075021294, "train_acc": 0.7117291936179387, "val_loss": 2.0776724815368652, "val_acc": 0.47668393782383417}
{"type": "epoch", "epoch": 8, "total_epochs": 100, "train_loss": 0.9377406655122824, "train_acc": 0.7302716688227684, "val_loss": 2.146885871887207, "val_acc": 0.47150259067357514}
{"type": "epoch", "epoch": "8/100", "train_loss": 0.9377406655122824, "train_acc": 0.7302716688227684, "val_loss": 2.146885871887207, "val_acc": 0.47150259067357514}
{"type": "epoch", "epoch": 9, "total_epochs": 100, "train_loss": 0.8741449388053305, "train_acc": 0.772531263475636, "val_loss": 2.143026351928711, "val_acc": 0.5129533678756477}
{"type": "epoch", "epoch": "9/100", "train_loss": 0.8741449388053305, "train_acc": 0.772531263475636, "val_loss": 2.143026351928711, "val_acc": 0.5129533678756477}
{"type": "epoch", "epoch": 10, "total_epochs": 100, "train_loss": 0.8383072450429316, "train_acc": 0.7925830099180682, "val_loss": 2.2394843101501465, "val_acc": 0.49222797927461137}
{"type": "epoch", "epoch": "10/100", "train_loss": 0.8383072450429316, "train_acc": 0.7925830099180682, "val_loss": 2.2394843101501465, "val_acc": 0.49222797927461137}
{"type": "epoch", "epoch": 11, "total_epochs": 100, "train_loss": 0.8134070983885073, "train_acc": 0.8053040103492884, "val_loss": 2.2400410175323486, "val_acc": 0.5077720207253886}
{"type": "epoch", "epoch": "11/100", "train_loss": 0.8134070983885073, "train_acc": 0.8053040103492884, "val_loss": 2.2400410175323486, "val_acc": 0.5077720207253886}
{"type": "epoch", "epoch": 12, "total_epochs": 100, "train_loss": 0.7717771802857396, "train_acc": 0.838076757222941, "val_loss": 2.2054033279418945, "val_acc": 0.48704663212435234}
{"type": "epoch", "epoch": "12/100", "train_loss": 0.7717771802857396, "train_acc": 0.838076757222941, "val_loss": 2.2054033279418945, "val_acc": 0.48704663212435234}
{"type": "epoch", "epoch": 13, "total_epochs": 100, "train_loss": 0.748365363153521, "train_acc": 0.864381198792583, "val_loss": 2.249452829360962, "val_acc": 0.48704663212435234}
{"type": "epoch", "epoch": "13/100", "train_loss": 0.748365363153521, "train_acc": 0.864381198792583, "val_loss": 2.249452829360962, "val_acc": 0.48704663212435234}
{"type": "epoch", "epoch": 14, "total_epochs": 100, "train_loss": 0.7431015643183143, "train_acc": 0.8686934023285899, "val_loss": 2.3012914657592773, "val_acc": 0.5025906735751295}
{"type": "epoch", "epoch": "14/100", "train_loss": 0.7431015643183143, "train_acc": 0.8686934023285899, "val_loss": 2.3012914657592773, "val_acc": 0.5025906735751295}
{"type": "epoch", "epoch": 15, "total_epochs": 100, "train_loss": 0.7071748528309864, "train_acc": 0.889391979301423, "val_loss": 2.2006499767303467, "val_acc": 0.5077720207253886}
{"type": "epoch", "epoch": "15/100", "train_loss": 0.7071748528309864, "train_acc": 0.889391979301423, "val_loss": 2.2006499767303467, "val_acc": 0.5077720207253886}
{"type": "epoch", "epoch": 16, "total_epochs": 100, "train_loss": 0.6881902773558143, "train_acc": 0.9100905562742562, "val_loss": 2.2423300743103027, "val_acc": 0.5077720207253886}
{"type": "epoch", "epoch": "16/100", "train_loss": 0.6881902773558143, "train_acc": 0.9100905562742562, "val_loss": 2.2423300743103027, "val_acc": 0.5077720207253886}
{"type": "epoch", "epoch": 17, "total_epochs": 100, "train_loss": 0.6728862905461195, "train_acc": 0.9251832686502803, "val_loss": 2.1554417610168457, "val_acc": 0.533678756476684}
{"type": "epoch", "epoch": "17/100", "train_loss": 0.6728862905461195, "train_acc": 0.9251832686502803, "val_loss": 2.1554417610168457, "val_acc": 0.533678756476684}
{"type": "epoch", "epoch": 18, "total_epochs": 100, "train_loss": 0.6586074813679921, "train_acc": 0.9400603708495041, "val_loss": 2.192636489868164, "val_acc": 0.5077720207253886}
{"type": "epoch", "epoch": "18/100", "train_loss": 0.6586074813679921, "train_acc": 0.9400603708495041, "val_loss": 2.192636489868164, "val_acc": 0.5077720207253886}
{"type": "epoch", "epoch": 19, "total_epochs": 100, "train_loss": 0.6519932033636283, "train_acc": 0.9426476929711083, "val_loss": 2.2283973693847656, "val_acc": 0.5129533678756477}
{"type": "epoch", "epoch": "19/100", "train_loss": 0.6519932033636283, "train_acc": 0.9426476929711083, "val_loss": 2.2283973693847656, "val_acc": 0.5129533678756477}
{"type": "epoch", "epoch": 20, "total_epochs": 100, "train_loss": 0.6510510515323638, "train_acc": 0.9476067270375161, "val_loss": 2.3298075199127197, "val_acc": 0.5129533678756477}
{"type": "epoch", "epoch": "20/100", "train_loss": 0.6510510515323638, "train_acc": 0.9476067270375161, "val_loss": 2.3298075199127197, "val_acc": 0.5129533678756477}
{"type": "epoch", "epoch": 21, "total_epochs": 100, "train_loss": 0.6334547376313977, "train_acc": 0.9581716257007331, "val_loss": 2.2679245471954346, "val_acc": 0.5077720207253886}
{"type": "epoch", "epoch": "21/100", "train_loss": 0.6334547376313977, "train_acc": 0.9581716257007331, "val_loss": 2.2679245471954346, "val_acc": 0.5077720207253886}
{"type": "epoch", "epoch": 22, "total_epochs": 100, "train_loss": 0.6302379903838572, "train_acc": 0.9667960327727468, "val_loss": 2.245042324066162, "val_acc": 0.5025906735751295}
{"type": "epoch", "epoch": "22/100", "train_loss": 0.6302379903838572, "train_acc": 0.9667960327727468, "val_loss": 2.245042324066162, "val_acc": 0.5025906735751295}
{"type": "epoch", "epoch": 23, "total_epochs": 100, "train_loss": 0.6229166634486841, "train_acc": 0.9680896938335489, "val_loss": 2.0894076824188232, "val_acc": 0.533678756476684}
{"type": "epoch", "epoch": "23/100", "train_loss": 0.6229166634486841, "train_acc": 0.9680896938335489, "val_loss": 2.0894076824188232, "val_acc": 0.533678756476684}
{"type": "epoch", "epoch": 24, "total_epochs": 100, "train_loss": 0.6204920435527523, "train_acc": 0.9711082363087538, "val_loss": 2.146897315979004, "val_acc": 0.5077720207253886}
{"type": "epoch", "epoch": "24/100", "train_loss": 0.6204920435527523, "train_acc": 0.9711082363087538, "val_loss": 2.146897315979004, "val_acc": 0.5077720207253886}
{"type": "epoch", "epoch": 25, "total_epochs": 100, "train_loss": 0.6126746236378389, "train_acc": 0.9793014230271668, "val_loss": 2.160827398300171, "val_acc": 0.538860103626943}
{"type": "epoch", "epoch": "25/100", "train_loss": 0.6126746236378389, "train_acc": 0.9793014230271668, "val_loss": 2.160827398300171, "val_acc": 0.538860103626943}
{"type": "epoch", "epoch": 26, "total_epochs": 100, "train_loss": 0.6091181699342386, "train_acc": 0.9803794739111686, "val_loss": 2.128249406814575, "val_acc": 0.538860103626943}
{"type": "epoch", "epoch": "26/100", "train_loss": 0.6091181699342386, "train_acc": 0.9803794739111686, "val_loss": 2.128249406814575, "val_acc": 0.538860103626943}
{"type": "epoch", "epoch": 27, "total_epochs": 100, "train_loss": 0.6113199353629323, "train_acc": 0.9786545924967659, "val_loss": 2.185337543487549, "val_acc": 0.538860103626943}
{"type": "epoch", "epoch": "27/100", "train_loss": 0.6113199353629323, "train_acc": 0.9786545924967659, "val_loss": 2.185337543487549, "val_acc": 0.538860103626943}
{"type": "epoch", "epoch": 28, "total_epochs": 100, "train_loss": 0.6025964835431361, "train_acc": 0.986847779215179, "val_loss": 2.2121331691741943, "val_acc": 0.5129533678756477}
{"type": "epoch", "epoch": "28/100", "train_loss": 0.6025964835431361, "train_acc": 0.986847779215179, "val_loss": 2.2121331691741943, "val_acc": 0.5129533678756477}
{"type": "epoch", "epoch": 29, "total_epochs": 100, "train_loss": 0.6011064570748945, "train_acc": 0.98749460974558, "val_loss": 2.2267422676086426, "val_acc": 0.5025906735751295}
{"type": "epoch", "epoch": "29/100", "train_loss": 0.6011064570748945, "train_acc": 0.98749460974558, "val_loss": 2.2267422676086426, "val_acc": 0.5025906735751295}
{"type": "epoch", "epoch": 30, "total_epochs": 100, "train_loss": 0.5959937870888012, "train_acc": 0.988141440275981, "val_loss": 2.2064597606658936, "val_acc": 0.5233160621761658}
{"type": "epoch", "epoch": "30/100", "train_loss": 0.5959937870888012, "train_acc": 0.988141440275981, "val_loss": 2.2064597606658936, "val_acc": 0.5233160621761658}
{"type": "epoch", "epoch": 31, "total_epochs": 100, "train_loss": 0.6004017036811398, "train_acc": 0.9892194911599828, "val_loss": 2.2594285011291504, "val_acc": 0.5492227979274611}
{"type": "epoch", "epoch": "31/100", "train_loss": 0.6004017036811398, "train_acc": 0.9892194911599828, "val_loss": 2.2594285011291504, "val_acc": 0.5492227979274611}
{"type": "epoch", "epoch": 32, "total_epochs": 100, "train_loss": 0.5991997933942935, "train_acc": 0.9898663216903838, "val_loss": 2.1660561561584473, "val_acc": 0.5440414507772021}
{"type": "epoch", "epoch": "32/100", "train_loss": 0.5991997933942935, "train_acc": 0.9898663216903838, "val_loss": 2.1660561561584473, "val_acc": 0.5440414507772021}
{"type": "epoch", "epoch": 33, "total_epochs": 100, "train_loss": 0.597531963443386, "train_acc": 0.9890038809831824, "val_loss": 2.162769317626953, "val_acc": 0.5544041450777202}
{"type": "epoch", "epoch": "33/100", "train_loss": 0.597531963443386, "train_acc": 0.9890038809831824, "val_loss": 2.162769317626953, "val_acc": 0.5544041450777202}
{"type": "epoch", "epoch": 34, "total_epochs": 100, "train_loss": 0.5901155836266554, "train_acc": 0.995040965933592, "val_loss": 2.1171677112579346, "val_acc": 0.5492227979274611}
{"type": "epoch", "epoch": "34/100", "train_loss": 0.5901155836266554, "train_acc": 0.995040965933592, "val_loss": 2.1171677112579346, "val_acc": 0.5492227979274611}
{"type": "epoch", "epoch": 35, "total_epochs": 100, "train_loss": 0.5870769912952902, "train_acc": 0.995040965933592, "val_loss": 2.119903564453125, "val_acc": 0.5492227979274611}
{"type": "epoch", "epoch": "35/100", "train_loss": 0.5870769912952902, "train_acc": 0.995040965933592, "val_loss": 2.119903564453125, "val_acc": 0.5492227979274611}
{"type": "epoch", "epoch": 36, "total_epochs": 100, "train_loss": 0.589162571155701, "train_acc": 0.9939629150495903, "val_loss": 2.174593925476074, "val_acc": 0.5492227979274611}
{"type": "epoch", "epoch": "36/100", "train_loss": 0.589162571155701, "train_acc": 0.9939629150495903, "val_loss": 2.174593925476074, "val_acc": 0.5492227979274611}
{"type": "epoch", "epoch": 37, "total_epochs": 100, "train_loss": 0.5876665484190707, "train_acc": 0.9969814575247952, "val_loss": 2.2047278881073, "val_acc": 0.533678756476684}
{"type": "epoch", "epoch": "37/100", "train_loss": 0.5876665484190707, "train_acc": 0.9969814575247952, "val_loss": 2.2047278881073, "val_acc": 0.533678756476684}
{"type": "epoch", "epoch": 38, "total_epochs": 100, "train_loss": 0.5862668751128124, "train_acc": 0.9948253557567918, "val_loss": 2.1345837116241455, "val_acc": 0.5181347150259067}
{"type": "epoch", "epoch": "38/100", "train_loss": 0.5862668751128124, "train_acc": 0.9948253557567918, "val_loss": 2.1345837116241455, "val_acc": 0.5181347150259067}
{"type": "epoch", "epoch": 39, "total_epochs": 100, "train_loss": 0.5839681956417451, "train_acc": 0.9965502371711945, "val_loss": 2.06479549407959, "val_acc": 0.5492227979274611}
{"type": "epoch", "epoch": "39/100", "train_loss": 0.5839681956417451, "train_acc": 0.9965502371711945, "val_loss": 2.06479549407959, "val_acc": 0.5492227979274611}
{"type": "epoch", "epoch": 40, "total_epochs": 100, "train_loss": 0.5846862111846246, "train_acc": 0.9969814575247952, "val_loss": 2.1274056434631348, "val_acc": 0.538860103626943}
{"type": "epoch", "epoch": "40/100", "train_loss": 0.5846862111846246, "train_acc": 0.9969814575247952, "val_loss": 2.1274056434631348, "val_acc": 0.538860103626943}
{"type": "epoch", "epoch": 41, "total_epochs": 100, "train_loss": 0.5818795836552714, "train_acc": 0.9980595084087969, "val_loss": 2.1172146797180176, "val_acc": 0.5440414507772021}
{"type": "epoch", "epoch": "41/100", "train_loss": 0.5818795836552714, "train_acc": 0.9980595084087969, "val_loss": 2.1172146797180176, "val_acc": 0.5440414507772021}
{"type": "epoch", "epoch": 42, "total_epochs": 100, "train_loss": 0.5813624525748743, "train_acc": 0.9987063389391979, "val_loss": 2.0590012073516846, "val_acc": 0.5492227979274611}
{"type": "epoch", "epoch": "42/100", "train_loss": 0.5813624525748743, "train_acc": 0.9987063389391979, "val_loss": 2.0590012073516846, "val_acc": 0.5492227979274611}
{"type": "epoch", "epoch": 43, "total_epochs": 100, "train_loss": 0.5813774977484979, "train_acc": 0.9982751185855973, "val_loss": 2.0526719093322754, "val_acc": 0.5751295336787565}
{"type": "epoch", "epoch": "43/100", "train_loss": 0.5813774977484979, "train_acc": 0.9982751185855973, "val_loss": 2.0526719093322754, "val_acc": 0.5751295336787565}
{"type": "epoch", "epoch": 44, "total_epochs": 100, "train_loss": 0.5822317429841104, "train_acc": 0.9969814575247952, "val_loss": 2.105151653289795, "val_acc": 0.5699481865284974}
{"type": "epoch", "epoch": "44/100", "train_loss": 0.5822317429841104, "train_acc": 0.9969814575247952, "val_loss": 2.105151653289795, "val_acc": 0.5699481865284974}
{"type": "epoch", "epoch": 45, "total_epochs": 100, "train_loss": 0.585052511464835, "train_acc": 0.9974126778783958, "val_loss": 2.128772735595703, "val_acc": 0.5492227979274611}
{"type": "epoch", "epoch": "45/100", "train_loss": 0.585052511464835, "train_acc": 0.9974126778783958, "val_loss": 2.128772735595703, "val_acc": 0.5492227979274611}
{"type": "epoch", "epoch": 46, "total_epochs": 100, "train_loss": 0.5801826808770292, "train_acc": 0.9963346269943941, "val_loss": 2.0969302654266357, "val_acc": 0.5544041450777202}
{"type": "epoch", "epoch": "46/100", "train_loss": 0.5801826808770292, "train_acc": 0.9963346269943941, "val_loss": 2.0969302654266357, "val_acc": 0.5544041450777202}
{"type": "epoch", "epoch": 47, "total_epochs": 100, "train_loss": 0.5815065688951203, "train_acc": 0.9987063389391979, "val_loss": 2.1252217292785645, "val_acc": 0.5440414507772021}
{"type": "epoch", "epoch": "47/100", "train_loss": 0.5815065688951203, "train_acc": 0.9987063389391979, "val_loss": 2.1252217292785645, "val_acc": 0.5440414507772021}
{"type": "epoch", "epoch": 48, "total_epochs": 100, "train_loss": 0.5801767705071841, "train_acc": 0.9980595084087969, "val_loss": 2.1442549228668213, "val_acc": 0.5595854922279793}
{"type": "epoch", "epoch": "48/100", "train_loss": 0.5801767705071841, "train_acc": 0.9980595084087969, "val_loss": 2.1442549228668213, "val_acc": 0.5595854922279793}
{"type": "epoch", "epoch": 49, "total_epochs": 100, "train_loss": 0.5790568545441424, "train_acc": 0.999353169469599, "val_loss": 2.086575508117676, "val_acc": 0.5647668393782384}
{"type": "epoch", "epoch": "49/100", "train_loss": 0.5790568545441424, "train_acc": 0.999353169469599, "val_loss": 2.086575508117676, "val_acc": 0.5647668393782384}
{"type": "epoch", "epoch": 50, "total_epochs": 100, "train_loss": 0.5772720020153544, "train_acc": 0.9997843898231996, "val_loss": 2.1187806129455566, "val_acc": 0.5595854922279793}
{"type": "epoch", "epoch": "50/100", "train_loss": 0.5772720020153544, "train_acc": 0.9997843898231996, "val_loss": 2.1187806129455566, "val_acc": 0.5595854922279793}
{"type": "epoch", "epoch": 51, "total_epochs": 100, "train_loss": 0.578012216625773, "train_acc": 0.999353169469599, "val_loss": 2.143805980682373, "val_acc": 0.5751295336787565}
{"type": "epoch", "epoch": "51/100", "train_loss": 0.578012216625773, "train_acc": 0.999353169469599, "val_loss": 2.143805980682373, "val_acc": 0.5751295336787565}
{"type": "epoch", "epoch": 52, "total_epochs": 100, "train_loss": 0.5781309820547758, "train_acc": 0.9995687796463993, "val_loss": 2.092777729034424, "val_acc": 0.5803108808290155}
{"type": "epoch", "epoch": "52/100", "train_loss": 0.5781309820547758, "train_acc": 0.9995687796463993, "val_loss": 2.092777729034424, "val_acc": 0.5803108808290155}
{"type": "epoch", "epoch": 53, "total_epochs": 100, "train_loss": 0.5790839485435354, "train_acc": 0.9987063389391979, "val_loss": 2.176250457763672, "val_acc": 0.5647668393782384}
{"type": "epoch", "epoch": "53/100", "train_loss": 0.5790839485435354, "train_acc": 0.9987063389391979, "val_loss": 2.176250457763672, "val_acc": 0.5647668393782384}
{"type": "epoch", "epoch": 54, "total_epochs": 100, "train_loss": 0.580317186687259, "train_acc": 0.9991375592927986, "val_loss": 2.1410114765167236, "val_acc": 0.5440414507772021}
{"type": "epoch", "epoch": "54/100", "train_loss": 0.580317186687259, "train_acc": 0.9991375592927986, "val_loss": 2.1410114765167236, "val_acc": 0.5440414507772021}
{"type": "epoch", "epoch": 55, "total_epochs": 100, "train_loss": 0.5800249562689126, "train_acc": 0.9980595084087969, "val_loss": 2.1510403156280518, "val_acc": 0.533678756476684}
{"type": "epoch", "epoch": "55/100", "train_loss": 0.5800249562689126, "train_acc": 0.9980595084087969, "val_loss": 2.1510403156280518, "val_acc": 0.533678756476684}
{"type": "epoch", "epoch": 56, "total_epochs": 100, "train_loss": 0.580472069292451, "train_acc": 0.999353169469599, "val_loss": 2.1172168254852295, "val_acc": 0.5803108808290155}
{"type": "epoch", "epoch": "56/100", "train_loss": 0.580472069292451, "train_acc": 0.999353169469599, "val_loss": 2.1172168254852295, "val_acc": 0.5803108808290155}
{"type": "epoch", "epoch": 57, "total_epochs": 100, "train_loss": 0.5797956417274146, "train_acc": 0.9982751185855973, "val_loss": 2.1357998847961426, "val_acc": 0.5544041450777202}
{"type": "epoch", "epoch": "57/100", "train_loss": 0.5797956417274146, "train_acc": 0.9982751185855973, "val_loss": 2.1357998847961426, "val_acc": 0.5544041450777202}
{"type": "epoch", "epoch": 58, "total_epochs": 100, "train_loss": 0.5784189743232809, "train_acc": 0.9995687796463993, "val_loss": 2.1329410076141357, "val_acc": 0.5647668393782384}
{"type": "epoch", "epoch": "58/100", "train_loss": 0.5784189743232809, "train_acc": 0.9995687796463993, "val_loss": 2.1329410076141357, "val_acc": 0.5647668393782384}
{"type": "epoch", "epoch": 59, "total_epochs": 100, "train_loss": 0.5764429784633313, "train_acc": 0.9995687796463993, "val_loss": 2.1390082836151123, "val_acc": 0.533678756476684}
{"type": "epoch", "epoch": "59/100", "train_loss": 0.5764429784633313, "train_acc": 0.9995687796463993, "val_loss": 2.1390082836151123, "val_acc": 0.533678756476684}
{"type": "epoch", "epoch": 60, "total_epochs": 100, "train_loss": 0.5755619513623516, "train_acc": 1.0, "val_loss": 2.1012415885925293, "val_acc": 0.5647668393782384}
{"type": "epoch", "epoch": "60/100", "train_loss": 0.5755619513623516, "train_acc": 1.0, "val_loss": 2.1012415885925293, "val_acc": 0.5647668393782384}
{"type": "epoch", "epoch": 61, "total_epochs": 100, "train_loss": 0.5757391074445033, "train_acc": 0.9989219491159983, "val_loss": 2.1403982639312744, "val_acc": 0.5492227979274611}
{"type": "epoch", "epoch": "61/100", "train_loss": 0.5757391074445033, "train_acc": 0.9989219491159983, "val_loss": 2.1403982639312744, "val_acc": 0.5492227979274611}
{"type": "epoch", "epoch": 62, "total_epochs": 100, "train_loss": 0.5781724646514014, "train_acc": 0.9997843898231996, "val_loss": 2.113208770751953, "val_acc": 0.533678756476684}
{"type": "epoch", "epoch": "62/100", "train_loss": 0.5781724646514014, "train_acc": 0.9997843898231996, "val_loss": 2.113208770751953, "val_acc": 0.533678756476684}
{"type": "epoch", "epoch": 63, "total_epochs": 100, "train_loss": 0.5783565782842681, "train_acc": 1.0, "val_loss": 2.1123173236846924, "val_acc": 0.5544041450777202}
{"type": "epoch", "epoch": "63/100", "train_loss": 0.5783565782842681, "train_acc": 1.0, "val_loss": 2.1123173236846924, "val_acc": 0.5544041450777202}
{"type": "epoch", "epoch": 64, "total_epochs": 100, "train_loss": 0.5765470666019707, "train_acc": 0.9997843898231996, "val_loss": 2.1532580852508545, "val_acc": 0.5440414507772021}
{"type": "epoch", "epoch": "64/100", "train_loss": 0.5765470666019707, "train_acc": 0.9997843898231996, "val_loss": 2.1532580852508545, "val_acc": 0.5440414507772021}
{"type": "epoch", "epoch": 65, "total_epochs": 100, "train_loss": 0.5754618535734755, "train_acc": 1.0, "val_loss": 2.171069860458374, "val_acc": 0.5544041450777202}
{"type": "epoch", "epoch": "65/100", "train_loss": 0.5754618535734755, "train_acc": 1.0, "val_loss": 2.171069860458374, "val_acc": 0.5544041450777202}
{"type": "epoch", "epoch": 66, "total_epochs": 100, "train_loss": 0.5764460740751519, "train_acc": 0.999353169469599, "val_loss": 2.0963943004608154, "val_acc": 0.5699481865284974}
{"type": "epoch", "epoch": "66/100", "train_loss": 0.5764460740751519, "train_acc": 0.999353169469599, "val_loss": 2.0963943004608154, "val_acc": 0.5699481865284974}
{"type": "epoch", "epoch": 67, "total_epochs": 100, "train_loss": 0.575522970361615, "train_acc": 0.9995687796463993, "val_loss": 2.121859550476074, "val_acc": 0.5803108808290155}
{"type": "epoch", "epoch": "67/100", "train_loss": 0.575522970361615, "train_acc": 0.9995687796463993, "val_loss": 2.121859550476074, "val_acc": 0.5803108808290155}
{"type": "epoch", "epoch": 68, "total_epochs": 100, "train_loss": 0.5775119907231925, "train_acc": 0.9995687796463993, "val_loss": 2.102898359298706, "val_acc": 0.5647668393782384}
{"type": "epoch", "epoch": "68/100", "train_loss": 0.5775119907231925, "train_acc": 0.9995687796463993, "val_loss": 2.102898359298706, "val_acc": 0.5647668393782384}
{"type": "epoch", "epoch": 69, "total_epochs": 100, "train_loss": 0.5751930125420749, "train_acc": 1.0, "val_loss": 2.079211950302124, "val_acc": 0.5751295336787565}
{"type": "epoch", "epoch": "69/100", "train_loss": 0.5751930125420749, "train_acc": 1.0, "val_loss": 2.079211950302124, "val_acc": 0.5751295336787565}
{"type": "epoch", "epoch": 70, "total_epochs": 100, "train_loss": 0.5757266622311393, "train_acc": 0.9997843898231996, "val_loss": 2.1062026023864746, "val_acc": 0.5647668393782384}
{"type": "epoch", "epoch": "70/100", "train_loss": 0.5757266622311393, "train_acc": 0.9997843898231996, "val_loss": 2.1062026023864746, "val_acc": 0.5647668393782384}
{"type": "epoch", "epoch": 71, "total_epochs": 100, "train_loss": 0.5754469150662063, "train_acc": 1.0, "val_loss": 2.112896680831909, "val_acc": 0.5647668393782384}
{"type": "epoch", "epoch": "71/100", "train_loss": 0.5754469150662063, "train_acc": 1.0, "val_loss": 2.112896680831909, "val_acc": 0.5647668393782384}
{"type": "epoch", "epoch": 72, "total_epochs": 100, "train_loss": 0.5755060882648552, "train_acc": 1.0, "val_loss": 2.1040587425231934, "val_acc": 0.5595854922279793}
{"type": "epoch", "epoch": "72/100", "train_loss": 0.5755060882648552, "train_acc": 1.0, "val_loss": 2.1040587425231934, "val_acc": 0.5595854922279793}
{"type": "epoch", "epoch": 73, "total_epochs": 100, "train_loss": 0.576241929451933, "train_acc": 1.0, "val_loss": 2.087441921234131, "val_acc": 0.5440414507772021}
{"type": "epoch", "epoch": "73/100", "train_loss": 0.576241929451933, "train_acc": 1.0, "val_loss": 2.087441921234131, "val_acc": 0.5440414507772021}
{"type": "epoch", "epoch": 74, "total_epochs": 100, "train_loss": 0.5761084235552417, "train_acc": 1.0, "val_loss": 2.095825433731079, "val_acc": 0.5699481865284974}
{"type": "epoch", "epoch": "74/100", "train_loss": 0.5761084235552417, "train_acc": 1.0, "val_loss": 2.095825433731079, "val_acc": 0.5699481865284974}
{"type": "epoch", "epoch": 75, "total_epochs": 100, "train_loss": 0.5767903389885488, "train_acc": 1.0, "val_loss": 2.0993621349334717, "val_acc": 0.5647668393782384}
{"type": "epoch", "epoch": "75/100", "train_loss": 0.5767903389885488, "train_acc": 1.0, "val_loss": 2.0993621349334717, "val_acc": 0.5647668393782384}
{"type": "epoch", "epoch": 76, "total_epochs": 100, "train_loss": 0.5764287798992772, "train_acc": 1.0, "val_loss": 2.128460168838501, "val_acc": 0.5595854922279793}
{"type": "epoch", "epoch": "76/100", "train_loss": 0.5764287798992772, "train_acc": 1.0, "val_loss": 2.128460168838501, "val_acc": 0.5595854922279793}
{"type": "epoch", "epoch": 77, "total_epochs": 100, "train_loss": 0.578195479318159, "train_acc": 0.9997843898231996, "val_loss": 2.105923652648926, "val_acc": 0.5595854922279793}
{"type": "epoch", "epoch": "77/100", "train_loss": 0.578195479318159, "train_acc": 0.9997843898231996, "val_loss": 2.105923652648926, "val_acc": 0.5595854922279793}
{"type": "epoch", "epoch": 78, "total_epochs": 100, "train_loss": 0.5758878764740194, "train_acc": 0.9997843898231996, "val_loss": 2.10292649269104, "val_acc": 0.5544041450777202}
{"type": "epoch", "epoch": "78/100", "train_loss": 0.5758878764740194, "train_acc": 0.9997843898231996, "val_loss": 2.10292649269104, "val_acc": 0.5544041450777202}
{"type": "epoch", "epoch": 79, "total_epochs": 100, "train_loss": 0.5745831223693887, "train_acc": 1.0, "val_loss": 2.1078763008117676, "val_acc": 0.5647668393782384}
{"type": "epoch", "epoch": "79/100", "train_loss": 0.5745831223693887, "train_acc": 1.0, "val_loss": 2.1078763008117676, "val_acc": 0.5647668393782384}
{"type": "epoch", "epoch": 80, "total_epochs": 100, "train_loss": 0.5739624342973914, "train_acc": 1.0, "val_loss": 2.103811502456665, "val_acc": 0.5751295336787565}
{"type": "epoch", "epoch": "80/100", "train_loss": 0.5739624342973914, "train_acc": 1.0, "val_loss": 2.103811502456665, "val_acc": 0.5751295336787565}
{"type": "epoch", "epoch": 81, "total_epochs": 100, "train_loss": 0.5755592947789645, "train_acc": 1.0, "val_loss": 2.104459285736084, "val_acc": 0.5595854922279793}
{"type": "epoch", "epoch": "81/100", "train_loss": 0.5755592947789645, "train_acc": 1.0, "val_loss": 2.104459285736084, "val_acc": 0.5595854922279793}
{"type": "epoch", "epoch": 82, "total_epochs": 100, "train_loss": 0.5750249505762707, "train_acc": 0.9997843898231996, "val_loss": 2.087355613708496, "val_acc": 0.5544041450777202}
{"type": "epoch", "epoch": "82/100", "train_loss": 0.5750249505762707, "train_acc": 0.9997843898231996, "val_loss": 2.087355613708496, "val_acc": 0.5544041450777202}
{"type": "epoch", "epoch": 83, "total_epochs": 100, "train_loss": 0.574765863116315, "train_acc": 1.0, "val_loss": 2.086796522140503, "val_acc": 0.5699481865284974}
{"type": "epoch", "epoch": "83/100", "train_loss": 0.574765863116315, "train_acc": 1.0, "val_loss": 2.086796522140503, "val_acc": 0.5699481865284974}
{"type": "epoch", "epoch": 84, "total_epochs": 100, "train_loss": 0.574351442893449, "train_acc": 1.0, "val_loss": 2.092683792114258, "val_acc": 0.5647668393782384}
{"type": "epoch", "epoch": "84/100", "train_loss": 0.574351442893449, "train_acc": 1.0, "val_loss": 2.092683792114258, "val_acc": 0.5647668393782384}
{"type": "epoch", "epoch": 85, "total_epochs": 100, "train_loss": 0.5750588255228797, "train_acc": 1.0, "val_loss": 2.0944395065307617, "val_acc": 0.5595854922279793}
{"type": "epoch", "epoch": "85/100", "train_loss": 0.5750588255228797, "train_acc": 1.0, "val_loss": 2.0944395065307617, "val_acc": 0.5595854922279793}
{"type": "epoch", "epoch": 86, "total_epochs": 100, "train_loss": 0.5745378429131962, "train_acc": 1.0, "val_loss": 2.0954742431640625, "val_acc": 0.5595854922279793}
{"type": "epoch", "epoch": "86/100", "train_loss": 0.5745378429131962, "train_acc": 1.0, "val_loss": 2.0954742431640625, "val_acc": 0.5595854922279793}
{"type": "epoch", "epoch": 87, "total_epochs": 100, "train_loss": 0.5745077002094757, "train_acc": 1.0, "val_loss": 2.103886604309082, "val_acc": 0.5544041450777202}
{"type": "epoch", "epoch": "87/100", "train_loss": 0.5745077002094757, "train_acc": 1.0, "val_loss": 2.103886604309082, "val_acc": 0.5544041450777202}
{"type": "epoch", "epoch": 88, "total_epochs": 100, "train_loss": 0.5751995965549277, "train_acc": 1.0, "val_loss": 2.0967493057250977, "val_acc": 0.5595854922279793}
{"type": "epoch", "epoch": "88/100", "train_loss": 0.5751995965549277, "train_acc": 1.0, "val_loss": 2.0967493057250977, "val_acc": 0.5595854922279793}
{"type": "epoch", "epoch": 89, "total_epochs": 100, "train_loss": 0.5757445339089378, "train_acc": 1.0, "val_loss": 2.1026391983032227, "val_acc": 0.5647668393782384}
{"type": "epoch", "epoch": "89/100", "train_loss": 0.5757445339089378, "train_acc": 1.0, "val_loss": 2.1026391983032227, "val_acc": 0.5647668393782384}
{"type": "epoch", "epoch": 90, "total_epochs": 100, "train_loss": 0.5757445139379119, "train_acc": 0.9995687796463993, "val_loss": 2.099716901779175, "val_acc": 0.5647668393782384}
{"type": "epoch", "epoch": "90/100", "train_loss": 0.5757445139379119, "train_acc": 0.9995687796463993, "val_loss": 2.099716901779175, "val_acc": 0.5647668393782384}
{"type": "epoch", "epoch": 91, "total_epochs": 100, "train_loss": 0.5766605896238316, "train_acc": 1.0, "val_loss": 2.106167793273926, "val_acc": 0.5595854922279793}
{"type": "epoch", "epoch": "91/100", "train_loss": 0.5766605896238316, "train_acc": 1.0, "val_loss": 2.106167793273926, "val_acc": 0.5595854922279793}
{"type": "epoch", "epoch": 92, "total_epochs": 100, "train_loss": 0.5760594088489406, "train_acc": 1.0, "val_loss": 2.106689214706421, "val_acc": 0.5544041450777202}
{"type": "epoch", "epoch": "92/100", "train_loss": 0.5760594088489406, "train_acc": 1.0, "val_loss": 2.106689214706421, "val_acc": 0.5544041450777202}
{"type": "epoch", "epoch": 93, "total_epochs": 100, "train_loss": 0.5729809273106623, "train_acc": 1.0, "val_loss": 2.1023807525634766, "val_acc": 0.5647668393782384}
{"type": "epoch", "epoch": "93/100", "train_loss": 0.5729809273106623, "train_acc": 1.0, "val_loss": 2.1023807525634766, "val_acc": 0.5647668393782384}
{"type": "epoch", "epoch": 94, "total_epochs": 100, "train_loss": 0.573473154149111, "train_acc": 1.0, "val_loss": 2.0955960750579834, "val_acc": 0.5647668393782384}
{"type": "epoch", "epoch": "94/100", "train_loss": 0.573473154149111, "train_acc": 1.0, "val_loss": 2.0955960750579834, "val_acc": 0.5647668393782384}
{"type": "epoch", "epoch": 95, "total_epochs": 100, "train_loss": 0.574751899128281, "train_acc": 1.0, "val_loss": 2.0930566787719727, "val_acc": 0.5595854922279793}
{"type": "epoch", "epoch": "95/100", "train_loss": 0.574751899128281, "train_acc": 1.0, "val_loss": 2.0930566787719727, "val_acc": 0.5595854922279793}
{"type": "epoch", "epoch": 96, "total_epochs": 100, "train_loss": 0.5746412851163775, "train_acc": 1.0, "val_loss": 2.0975120067596436, "val_acc": 0.5595854922279793}
{"type": "epoch", "epoch": "96/100", "train_loss": 0.5746412851163775, "train_acc": 1.0, "val_loss": 2.0975120067596436, "val_acc": 0.5595854922279793}
{"type": "epoch", "epoch": 97, "total_epochs": 100, "train_loss": 0.5741663864585231, "train_acc": 1.0, "val_loss": 2.1032204627990723, "val_acc": 0.5544041450777202}
{"type": "epoch", "epoch": "97/100", "train_loss": 0.5741663864585231, "train_acc": 1.0, "val_loss": 2.1032204627990723, "val_acc": 0.5544041450777202}
{"type": "epoch", "epoch": 98, "total_epochs": 100, "train_loss": 0.5740718767528855, "train_acc": 1.0, "val_loss": 2.0958361625671387, "val_acc": 0.5647668393782384}
{"type": "epoch", "epoch": "98/100", "train_loss": 0.5740718767528855, "train_acc": 1.0, "val_loss": 2.0958361625671387, "val_acc": 0.5647668393782384}
{"type": "epoch", "epoch": 99, "total_epochs": 100, "train_loss": 0.5743841784120686, "train_acc": 1.0, "val_loss": 2.0902159214019775, "val_acc": 0.5647668393782384}
{"type": "epoch", "epoch": "99/100", "train_loss": 0.5743841784120686, "train_acc": 1.0, "val_loss": 2.0902159214019775, "val_acc": 0.5647668393782384}
{"type": "epoch", "epoch": 100, "total_epochs": 100, "train_loss": 0.5751409412921118, "train_acc": 1.0, "val_loss": 2.0917563438415527, "val_acc": 0.5595854922279793}
{"type": "epoch", "epoch": "100/100", "train_loss": 0.5751409412921118, "train_acc": 1.0, "val_loss": 2.0917563438415527, "val_acc": 0.5595854922279793}
{"type": "complete", "message": "Training completed successfully for Shallow ConvNet on master_kaya!", "final_val_acc": 0.48205128205128206, "latency_ms": 39.4291877746582}

======================================
Training Model: MiniRocket on Dataset: NemarFingers
======================================
{"type": "progress", "message": "Extracting NemarFingers data using unified loader..."}
D:\eeg-minirocket-project\eeg-mi-bci-archive-565657a\src\dataset_loader_all.py:22: RuntimeWarning: Setting non-standard config type: "MNE_DATASETS_MOABB_PATH"
  mne.set_config('MNE_DATASETS_MOABB_PATH', data_dir)
Loading Dataset: NemarFingers for Subject 1...
Loading D:\eeg-minirocket-project\dataset\NEMAR_on008446\sub-01\eeg\sub-01_task-random_run-01_eeg.edf...
Loading D:\eeg-minirocket-project\dataset\NEMAR_on008446\sub-01\eeg\sub-01_task-random_run-02_eeg.edf...
Loading D:\eeg-minirocket-project\dataset\NEMAR_on008446\sub-01\eeg\sub-01_task-sequential_run-01_eeg.edf...
Loading D:\eeg-minirocket-project\dataset\NEMAR_on008446\sub-01\eeg\sub-01_task-sequential_run-02_eeg.edf...
Filtering raw data in 4 contiguous segments
Setting up band-pass filter from 8 - 30 Hz

FIR filter parameters
---------------------
Designing a one-pass, zero-phase, non-causal bandpass filter:
- Windowed time-domain design (firwin) method
- Hamming window with 0.0194 passband ripple and 53 dB stopband attenuation
- Lower passband edge: 8.00
- Lower transition bandwidth: 2.00 Hz (-6 dB cutoff frequency: 7.00 Hz)
- Upper passband edge: 30.00 Hz
- Upper transition bandwidth: 7.50 Hz (-6 dB cutoff frequency: 33.75 Hz)
- Filter length: 845 samples (1.650 s)

Multiple event values for single event times found. Keeping the first occurrence and dropping all others.
D:\eeg-minirocket-project\load_nemar_fingers.py:81: RuntimeWarning: 1350 events are outside the data range; the corresponding epochs cannot be created. This can happen if the events were created at a different sampling frequency, or have entries before first_samp.
  epochs = mne.Epochs(raw_concat, events_concat, event_id, tmin=-0.5, tmax=2.0,
Not setting metadata
1800 matching events found
Setting baseline interval to [-0.5, 0.0] s
Applying baseline correction (mode: mean)
0 projection items activated
Using data from preloaded Raw for 1800 events and 1281 original time points ...
1470 bad epochs dropped
{"type": "info", "message": "Selecting top 16 channels based on variance..."}
{"type": "info", "message": "New X shape: (330, 16, 1281)"}
{"type": "info", "message": "No metadata found. Using temporal slice..."}
{"type": "info", "message": "Augmenting training data... Original shape: (260, 16, 1281)"}
{"type": "info", "message": "Augmented shape: (780, 16, 1281)"}
{"type": "progress", "message": "Training GPU-Accelerated MiniRocket..."}
[MiniRocketPipeline] Using device: cuda
[MiniRocketPipeline] Extracting PPV features on GPU...
[MiniRocketPipeline] Training GPU MLP Head...
[MiniRocketPipeline] Done in 36.97s
{"type": "chart_update", "epoch": 100, "train_loss": 0.0, "train_acc": 0.44487179487179485, "val_loss": 0.0, "val_acc": 0.3142857142857143}
{"type": "complete", "message": "Training completed successfully for MiniRocket on master_physionet!", "final_val_acc": 0.34285714285714286, "latency_ms": 144.60158348083496}

======================================
Training Model: CNN-LSTM on Dataset: NemarFingers
======================================
{"type": "info", "message": "Selecting top 16 channels based on variance..."}
{"type": "info", "message": "New X shape: (330, 16, 1281)"}
{"type": "info", "message": "No metadata found. Using temporal slice..."}
{"type": "info", "message": "Augmenting training data... Original shape: (260, 16, 1281)"}
{"type": "info", "message": "Augmented shape: (780, 16, 1281)"}
{"type": "progress", "message": "Training CNN-LSTM Baseline..."}
{"type": "reset_chart"}
{"type": "epoch", "epoch": "1/100", "train_loss": 1.607454427694663, "train_acc": 0.20512820512820512, "val_loss": 1.608375072479248, "val_acc": 0.2}
{"type": "epoch", "epoch": "2/100", "train_loss": 1.5825627247492473, "train_acc": 0.2153846153846154, "val_loss": 1.609513759613037, "val_acc": 0.22857142857142856}
{"type": "epoch", "epoch": "3/100", "train_loss": 1.5752820131106255, "train_acc": 0.22179487179487178, "val_loss": 1.6166330575942993, "val_acc": 0.2}
{"type": "epoch", "epoch": "4/100", "train_loss": 1.5626657345356085, "train_acc": 0.24102564102564103, "val_loss": 1.6181297302246094, "val_acc": 0.17142857142857143}
{"type": "epoch", "epoch": "5/100", "train_loss": 1.5570144653320312, "train_acc": 0.24615384615384617, "val_loss": 1.6140872240066528, "val_acc": 0.2}
{"type": "epoch", "epoch": "6/100", "train_loss": 1.554324379334083, "train_acc": 0.23717948717948717, "val_loss": 1.6152184009552002, "val_acc": 0.17142857142857143}
{"type": "epoch", "epoch": "7/100", "train_loss": 1.5512304850113698, "train_acc": 0.23717948717948717, "val_loss": 1.618842363357544, "val_acc": 0.2}
{"type": "epoch", "epoch": "8/100", "train_loss": 1.5420457491507897, "train_acc": 0.26794871794871794, "val_loss": 1.6151593923568726, "val_acc": 0.14285714285714285}
{"type": "epoch", "epoch": "9/100", "train_loss": 1.5375240026376187, "train_acc": 0.24358974358974358, "val_loss": 1.6128860712051392, "val_acc": 0.22857142857142856}
{"type": "epoch", "epoch": "10/100", "train_loss": 1.5314400990804036, "train_acc": 0.26666666666666666, "val_loss": 1.6166105270385742, "val_acc": 0.17142857142857143}
{"type": "epoch", "epoch": "11/100", "train_loss": 1.5247763126324385, "train_acc": 0.23846153846153847, "val_loss": 1.610718846321106, "val_acc": 0.2}
{"type": "epoch", "epoch": "12/100", "train_loss": 1.5234064731842432, "train_acc": 0.26153846153846155, "val_loss": 1.6149985790252686, "val_acc": 0.17142857142857143}
{"type": "epoch", "epoch": "13/100", "train_loss": 1.5083766454305405, "train_acc": 0.24871794871794872, "val_loss": 1.6237139701843262, "val_acc": 0.22857142857142856}
{"type": "epoch", "epoch": "14/100", "train_loss": 1.5104925987048028, "train_acc": 0.25384615384615383, "val_loss": 1.614938735961914, "val_acc": 0.17142857142857143}
{"type": "epoch", "epoch": "15/100", "train_loss": 1.5214765603725726, "train_acc": 0.2602564102564103, "val_loss": 1.6047778129577637, "val_acc": 0.17142857142857143}
{"type": "epoch", "epoch": "16/100", "train_loss": 1.518928869565328, "train_acc": 0.2423076923076923, "val_loss": 1.6190617084503174, "val_acc": 0.17142857142857143}
{"type": "epoch", "epoch": "17/100", "train_loss": 1.5087480783462524, "train_acc": 0.28205128205128205, "val_loss": 1.6203217506408691, "val_acc": 0.14285714285714285}
{"type": "epoch", "epoch": "18/100", "train_loss": 1.5008661905924479, "train_acc": 0.2743589743589744, "val_loss": 1.6151328086853027, "val_acc": 0.2}
{"type": "epoch", "epoch": "19/100", "train_loss": 1.492530059814453, "train_acc": 0.30512820512820515, "val_loss": 1.622771978378296, "val_acc": 0.17142857142857143}
{"type": "epoch", "epoch": "20/100", "train_loss": 1.495753410534981, "train_acc": 0.3038461538461538, "val_loss": 1.6348806619644165, "val_acc": 0.17142857142857143}
{"type": "epoch", "epoch": "21/100", "train_loss": 1.491201733931517, "train_acc": 0.2935897435897436, "val_loss": 1.6626838445663452, "val_acc": 0.11428571428571428}
{"type": "epoch", "epoch": "22/100", "train_loss": 1.490103637866485, "train_acc": 0.28974358974358977, "val_loss": 1.6134963035583496, "val_acc": 0.17142857142857143}
{"type": "epoch", "epoch": "23/100", "train_loss": 1.5065065438930805, "train_acc": 0.2794871794871795, "val_loss": 1.607303500175476, "val_acc": 0.17142857142857143}
{"type": "epoch", "epoch": "24/100", "train_loss": 1.4611101395044572, "train_acc": 0.2935897435897436, "val_loss": 1.702700138092041, "val_acc": 0.2}
{"type": "epoch", "epoch": "25/100", "train_loss": 1.498738079193311, "train_acc": 0.2743589743589744, "val_loss": 1.6488182544708252, "val_acc": 0.2}
{"type": "epoch", "epoch": "26/100", "train_loss": 1.4672295307501768, "train_acc": 0.3153846153846154, "val_loss": 1.6075886487960815, "val_acc": 0.22857142857142856}
{"type": "epoch", "epoch": "27/100", "train_loss": 1.461775882427509, "train_acc": 0.3153846153846154, "val_loss": 1.63438081741333, "val_acc": 0.22857142857142856}
{"type": "epoch", "epoch": "28/100", "train_loss": 1.444910754301609, "train_acc": 0.3346153846153846, "val_loss": 1.6207093000411987, "val_acc": 0.22857142857142856}
{"type": "epoch", "epoch": "29/100", "train_loss": 1.4466842749179938, "train_acc": 0.34487179487179487, "val_loss": 1.6071900129318237, "val_acc": 0.2571428571428571}
{"type": "epoch", "epoch": "30/100", "train_loss": 1.4404948112292169, "train_acc": 0.31666666666666665, "val_loss": 1.6003597974777222, "val_acc": 0.22857142857142856}
{"type": "epoch", "epoch": "31/100", "train_loss": 1.4314812978108724, "train_acc": 0.3487179487179487, "val_loss": 1.6526644229888916, "val_acc": 0.2}
{"type": "epoch", "epoch": "32/100", "train_loss": 1.420996573032477, "train_acc": 0.3423076923076923, "val_loss": 1.5736432075500488, "val_acc": 0.2571428571428571}
{"type": "epoch", "epoch": "33/100", "train_loss": 1.3947045650237646, "train_acc": 0.36153846153846153, "val_loss": 1.6527986526489258, "val_acc": 0.22857142857142856}
{"type": "epoch", "epoch": "34/100", "train_loss": 1.4309163607083835, "train_acc": 0.34615384615384615, "val_loss": 1.611794352531433, "val_acc": 0.22857142857142856}
{"type": "epoch", "epoch": "35/100", "train_loss": 1.4216861034050965, "train_acc": 0.37564102564102564, "val_loss": 1.6015911102294922, "val_acc": 0.22857142857142856}
{"type": "epoch", "epoch": "36/100", "train_loss": 1.4045970721122547, "train_acc": 0.37564102564102564, "val_loss": 1.7550066709518433, "val_acc": 0.2}
{"type": "epoch", "epoch": "37/100", "train_loss": 1.4354441025318243, "train_acc": 0.3384615384615385, "val_loss": 1.598120927810669, "val_acc": 0.2857142857142857}
{"type": "epoch", "epoch": "38/100", "train_loss": 1.4134321451187133, "train_acc": 0.33076923076923076, "val_loss": 1.5875543355941772, "val_acc": 0.2857142857142857}
{"type": "epoch", "epoch": "39/100", "train_loss": 1.3791155307720868, "train_acc": 0.35384615384615387, "val_loss": 1.5735023021697998, "val_acc": 0.2571428571428571}
{"type": "epoch", "epoch": "40/100", "train_loss": 1.372690812135354, "train_acc": 0.3974358974358974, "val_loss": 1.6110044717788696, "val_acc": 0.22857142857142856}
{"type": "epoch", "epoch": "41/100", "train_loss": 1.3432212927402594, "train_acc": 0.4217948717948718, "val_loss": 1.6004197597503662, "val_acc": 0.22857142857142856}
{"type": "epoch", "epoch": "42/100", "train_loss": 1.3304647494585087, "train_acc": 0.4166666666666667, "val_loss": 1.5866023302078247, "val_acc": 0.22857142857142856}
{"type": "epoch", "epoch": "43/100", "train_loss": 1.336780578050858, "train_acc": 0.38974358974358975, "val_loss": 1.5733128786087036, "val_acc": 0.2571428571428571}
{"type": "epoch", "epoch": "44/100", "train_loss": 1.3490138218953058, "train_acc": 0.37435897435897436, "val_loss": 1.5619070529937744, "val_acc": 0.2571428571428571}
{"type": "epoch", "epoch": "45/100", "train_loss": 1.3192508990948018, "train_acc": 0.38846153846153847, "val_loss": 1.587141752243042, "val_acc": 0.2857142857142857}
{"type": "epoch", "epoch": "46/100", "train_loss": 1.294781074157128, "train_acc": 0.40897435897435896, "val_loss": 1.5256210565567017, "val_acc": 0.2857142857142857}
{"type": "epoch", "epoch": "47/100", "train_loss": 1.2754398743311564, "train_acc": 0.4269230769230769, "val_loss": 1.5301494598388672, "val_acc": 0.22857142857142856}
{"type": "epoch", "epoch": "48/100", "train_loss": 1.353940220979544, "train_acc": 0.41025641025641024, "val_loss": 1.520219087600708, "val_acc": 0.2571428571428571}
{"type": "epoch", "epoch": "49/100", "train_loss": 1.2862213923380925, "train_acc": 0.4346153846153846, "val_loss": 1.4413882493972778, "val_acc": 0.4}
{"type": "epoch", "epoch": "50/100", "train_loss": 1.3026867310206096, "train_acc": 0.4230769230769231, "val_loss": 1.630550503730774, "val_acc": 0.3142857142857143}
{"type": "epoch", "epoch": "51/100", "train_loss": 1.3092807959287593, "train_acc": 0.42948717948717946, "val_loss": 1.5462582111358643, "val_acc": 0.2571428571428571}
{"type": "epoch", "epoch": "52/100", "train_loss": 1.2592529596426547, "train_acc": 0.4115384615384615, "val_loss": 1.5278064012527466, "val_acc": 0.3142857142857143}
{"type": "epoch", "epoch": "53/100", "train_loss": 1.266670217880836, "train_acc": 0.4371794871794872, "val_loss": 1.5327180624008179, "val_acc": 0.3142857142857143}
{"type": "epoch", "epoch": "54/100", "train_loss": 1.2728519442753914, "train_acc": 0.41923076923076924, "val_loss": 1.5474807024002075, "val_acc": 0.2571428571428571}
{"type": "epoch", "epoch": "55/100", "train_loss": 1.256280517578125, "train_acc": 0.4282051282051282, "val_loss": 1.5059925317764282, "val_acc": 0.2857142857142857}
{"type": "epoch", "epoch": "56/100", "train_loss": 1.2510129873569196, "train_acc": 0.4269230769230769, "val_loss": 1.4547532796859741, "val_acc": 0.3142857142857143}
{"type": "epoch", "epoch": "57/100", "train_loss": 1.255653488330352, "train_acc": 0.4064102564102564, "val_loss": 1.5278362035751343, "val_acc": 0.4}
{"type": "epoch", "epoch": "58/100", "train_loss": 1.2243598008767151, "train_acc": 0.4564102564102564, "val_loss": 1.594804286956787, "val_acc": 0.22857142857142856}
{"type": "epoch", "epoch": "59/100", "train_loss": 1.2365658784523987, "train_acc": 0.4307692307692308, "val_loss": 1.5733213424682617, "val_acc": 0.34285714285714286}
{"type": "epoch", "epoch": "60/100", "train_loss": 1.2362548834238296, "train_acc": 0.45256410256410257, "val_loss": 1.4734642505645752, "val_acc": 0.34285714285714286}
{"type": "epoch", "epoch": "61/100", "train_loss": 1.22507687042921, "train_acc": 0.4423076923076923, "val_loss": 1.4043458700180054, "val_acc": 0.4}
{"type": "epoch", "epoch": "62/100", "train_loss": 1.2775115972910172, "train_acc": 0.44871794871794873, "val_loss": 1.4809879064559937, "val_acc": 0.34285714285714286}
{"type": "epoch", "epoch": "63/100", "train_loss": 1.1969417871573031, "train_acc": 0.46923076923076923, "val_loss": 1.5122686624526978, "val_acc": 0.34285714285714286}
{"type": "epoch", "epoch": "64/100", "train_loss": 1.2148177116345136, "train_acc": 0.45, "val_loss": 1.572657823562622, "val_acc": 0.34285714285714286}
{"type": "epoch", "epoch": "65/100", "train_loss": 1.1972061548477564, "train_acc": 0.47307692307692306, "val_loss": 1.4588978290557861, "val_acc": 0.3142857142857143}
{"type": "epoch", "epoch": "66/100", "train_loss": 1.21601278537359, "train_acc": 0.4641025641025641, "val_loss": 1.424183964729309, "val_acc": 0.37142857142857144}
{"type": "epoch", "epoch": "67/100", "train_loss": 1.2059290659733308, "train_acc": 0.46794871794871795, "val_loss": 1.3524640798568726, "val_acc": 0.4}
{"type": "epoch", "epoch": "68/100", "train_loss": 1.1686555911333134, "train_acc": 0.4858974358974359, "val_loss": 1.3335601091384888, "val_acc": 0.45714285714285713}
{"type": "epoch", "epoch": "69/100", "train_loss": 1.168891917130886, "train_acc": 0.48846153846153845, "val_loss": 1.3653943538665771, "val_acc": 0.4857142857142857}
{"type": "epoch", "epoch": "70/100", "train_loss": 1.157666485126202, "train_acc": 0.5025641025641026, "val_loss": 1.5284932851791382, "val_acc": 0.37142857142857144}
{"type": "epoch", "epoch": "71/100", "train_loss": 1.1630537959245535, "train_acc": 0.5025641025641026, "val_loss": 1.374886155128479, "val_acc": 0.4857142857142857}
{"type": "epoch", "epoch": "72/100", "train_loss": 1.1966458821908021, "train_acc": 0.4423076923076923, "val_loss": 1.5776468515396118, "val_acc": 0.34285714285714286}
{"type": "epoch", "epoch": "73/100", "train_loss": 1.1754226201619857, "train_acc": 0.4846153846153846, "val_loss": 1.31779944896698, "val_acc": 0.4857142857142857}
{"type": "epoch", "epoch": "74/100", "train_loss": 1.162106651526231, "train_acc": 0.4807692307692308, "val_loss": 1.3069281578063965, "val_acc": 0.45714285714285713}
{"type": "epoch", "epoch": "75/100", "train_loss": 1.1355203475707616, "train_acc": 0.5269230769230769, "val_loss": 1.3013107776641846, "val_acc": 0.4857142857142857}
{"type": "epoch", "epoch": "76/100", "train_loss": 1.1278396313007062, "train_acc": 0.5089743589743589, "val_loss": 1.293465256690979, "val_acc": 0.4857142857142857}
{"type": "epoch", "epoch": "77/100", "train_loss": 1.1127204546561609, "train_acc": 0.5153846153846153, "val_loss": 1.3433246612548828, "val_acc": 0.45714285714285713}
{"type": "epoch", "epoch": "78/100", "train_loss": 1.0952842412850796, "train_acc": 0.5307692307692308, "val_loss": 1.2702903747558594, "val_acc": 0.4857142857142857}
{"type": "epoch", "epoch": "79/100", "train_loss": 1.1019843767850828, "train_acc": 0.5243589743589744, "val_loss": 1.262113332748413, "val_acc": 0.4857142857142857}
{"type": "epoch", "epoch": "80/100", "train_loss": 1.098912586309971, "train_acc": 0.5115384615384615, "val_loss": 1.2558414936065674, "val_acc": 0.5142857142857142}
{"type": "epoch", "epoch": "81/100", "train_loss": 1.0960744270911584, "train_acc": 0.532051282051282, "val_loss": 1.2466375827789307, "val_acc": 0.5142857142857142}
{"type": "epoch", "epoch": "82/100", "train_loss": 1.1373330232424614, "train_acc": 0.5076923076923077, "val_loss": 1.251698613166809, "val_acc": 0.5428571428571428}
{"type": "epoch", "epoch": "83/100", "train_loss": 1.094975016055963, "train_acc": 0.5217948717948718, "val_loss": 1.2450846433639526, "val_acc": 0.5428571428571428}
{"type": "epoch", "epoch": "84/100", "train_loss": 1.0991930906589216, "train_acc": 0.5282051282051282, "val_loss": 1.2426239252090454, "val_acc": 0.5142857142857142}
{"type": "epoch", "epoch": "85/100", "train_loss": 1.0998801689881545, "train_acc": 0.5115384615384615, "val_loss": 1.2392719984054565, "val_acc": 0.5428571428571428}
{"type": "epoch", "epoch": "86/100", "train_loss": 1.1018371001268044, "train_acc": 0.5217948717948718, "val_loss": 1.2522472143173218, "val_acc": 0.5142857142857142}
{"type": "epoch", "epoch": "87/100", "train_loss": 1.0910804455096905, "train_acc": 0.5230769230769231, "val_loss": 1.3142770528793335, "val_acc": 0.4857142857142857}
{"type": "epoch", "epoch": "88/100", "train_loss": 1.1078648646672566, "train_acc": 0.5166666666666667, "val_loss": 1.3029803037643433, "val_acc": 0.4857142857142857}
{"type": "epoch", "epoch": "89/100", "train_loss": 1.0705658692580002, "train_acc": 0.5346153846153846, "val_loss": 1.288520336151123, "val_acc": 0.4857142857142857}
{"type": "epoch", "epoch": "90/100", "train_loss": 1.110946835615696, "train_acc": 0.5038461538461538, "val_loss": 1.2304350137710571, "val_acc": 0.5142857142857142}
{"type": "epoch", "epoch": "91/100", "train_loss": 1.0853668212890626, "train_acc": 0.5307692307692308, "val_loss": 1.2282932996749878, "val_acc": 0.5142857142857142}
{"type": "epoch", "epoch": "92/100", "train_loss": 1.1145122521962876, "train_acc": 0.5038461538461538, "val_loss": 1.3117783069610596, "val_acc": 0.4857142857142857}
{"type": "epoch", "epoch": "93/100", "train_loss": 1.0855235900634375, "train_acc": 0.5397435897435897, "val_loss": 1.2239954471588135, "val_acc": 0.5142857142857142}
{"type": "epoch", "epoch": "94/100", "train_loss": 1.0637322010138095, "train_acc": 0.5435897435897435, "val_loss": 1.212646245956421, "val_acc": 0.5142857142857142}
{"type": "epoch", "epoch": "95/100", "train_loss": 1.0790980754754482, "train_acc": 0.5192307692307693, "val_loss": 1.309178352355957, "val_acc": 0.4857142857142857}
{"type": "epoch", "epoch": "96/100", "train_loss": 1.0778735188337474, "train_acc": 0.5269230769230769, "val_loss": 1.2140194177627563, "val_acc": 0.5428571428571428}
{"type": "epoch", "epoch": "97/100", "train_loss": 1.080142573821239, "train_acc": 0.5166666666666667, "val_loss": 1.2115741968154907, "val_acc": 0.5142857142857142}
{"type": "epoch", "epoch": "98/100", "train_loss": 1.085953404353215, "train_acc": 0.517948717948718, "val_loss": 1.2133386135101318, "val_acc": 0.5142857142857142}
{"type": "epoch", "epoch": "99/100", "train_loss": 1.06899171486879, "train_acc": 0.5538461538461539, "val_loss": 1.2148584127426147, "val_acc": 0.5142857142857142}
{"type": "epoch", "epoch": "100/100", "train_loss": 1.0779422659140367, "train_acc": 0.5358974358974359, "val_loss": 1.2141422033309937, "val_acc": 0.5142857142857142}
{"type": "complete", "message": "Training completed successfully for CNN-LSTM on master_physionet!", "final_val_acc": 0.4, "latency_ms": 23.779630661010742}

======================================
Training Model: Advanced Transformer on Dataset: NemarFingers
======================================
{"type": "info", "message": "Selecting top 16 channels based on variance..."}
{"type": "info", "message": "New X shape: (330, 16, 1281)"}
{"type": "info", "message": "No metadata found. Using temporal slice..."}
{"type": "info", "message": "Augmenting training data... Original shape: (260, 16, 1281)"}
{"type": "info", "message": "Augmented shape: (780, 16, 1281)"}
{"type": "progress", "message": "Training Advanced Transformer (Conformer)..."}
{"type": "reset_chart"}
[AdvancedEEGPipeline] Using device: cuda
D:\pip_packages\torch\nn\modules\conv.py:549: UserWarning: Using padding='same' with even kernel lengths and odd dilation may require a zero-padded copy of the input be created (Triggered internally at C:\actions-runner\_work\pytorch\pytorch\pytorch\aten\src\ATen\native\Convolution.cpp:1037.)
  return F.conv2d(
{"type": "epoch", "epoch": "1/100", "train_loss": 1.6293686903440034, "train_acc": 0.2064102564102564, "val_loss": 1.61729097366333, "val_acc": 0.2}
{"type": "epoch", "epoch": "2/100", "train_loss": 1.58585380590879, "train_acc": 0.23461538461538461, "val_loss": 1.6287753582000732, "val_acc": 0.17142857142857143}
{"type": "epoch", "epoch": "3/100", "train_loss": 1.580841247852032, "train_acc": 0.23846153846153847, "val_loss": 1.6256157159805298, "val_acc": 0.17142857142857143}
{"type": "epoch", "epoch": "4/100", "train_loss": 1.5790715767787054, "train_acc": 0.2743589743589744, "val_loss": 1.6141071319580078, "val_acc": 0.2}
{"type": "epoch", "epoch": "5/100", "train_loss": 1.5687521145893977, "train_acc": 0.28846153846153844, "val_loss": 1.6385964155197144, "val_acc": 0.17142857142857143}
{"type": "epoch", "epoch": "6/100", "train_loss": 1.5537738341551561, "train_acc": 0.28974358974358977, "val_loss": 1.5996390581130981, "val_acc": 0.2857142857142857}
{"type": "epoch", "epoch": "7/100", "train_loss": 1.5426902587597187, "train_acc": 0.31153846153846154, "val_loss": 1.6168113946914673, "val_acc": 0.22857142857142856}
{"type": "epoch", "epoch": "8/100", "train_loss": 1.5308591310794537, "train_acc": 0.308974358974359, "val_loss": 1.613283395767212, "val_acc": 0.3142857142857143}
{"type": "epoch", "epoch": "9/100", "train_loss": 1.5177517579152033, "train_acc": 0.308974358974359, "val_loss": 1.6504437923431396, "val_acc": 0.2}
{"type": "epoch", "epoch": "10/100", "train_loss": 1.496201331798847, "train_acc": 0.3474358974358974, "val_loss": 1.6114270687103271, "val_acc": 0.37142857142857144}
{"type": "epoch", "epoch": "11/100", "train_loss": 1.4571711650261512, "train_acc": 0.391025641025641, "val_loss": 1.5262469053268433, "val_acc": 0.3142857142857143}
{"type": "epoch", "epoch": "12/100", "train_loss": 1.4612784477380605, "train_acc": 0.3730769230769231, "val_loss": 1.5727009773254395, "val_acc": 0.3142857142857143}
{"type": "epoch", "epoch": "13/100", "train_loss": 1.3892011459057148, "train_acc": 0.45256410256410257, "val_loss": 1.502261757850647, "val_acc": 0.4}
{"type": "epoch", "epoch": "14/100", "train_loss": 1.251338738661546, "train_acc": 0.5230769230769231, "val_loss": 1.7287018299102783, "val_acc": 0.37142857142857144}
{"type": "epoch", "epoch": "15/100", "train_loss": 1.0946213006973267, "train_acc": 0.5846153846153846, "val_loss": 1.2290480136871338, "val_acc": 0.5142857142857142}
{"type": "epoch", "epoch": "16/100", "train_loss": 0.9402989103243902, "train_acc": 0.6807692307692308, "val_loss": 0.9889881610870361, "val_acc": 0.6857142857142857}
{"type": "epoch", "epoch": "17/100", "train_loss": 0.7701298869573153, "train_acc": 0.7782051282051282, "val_loss": 1.825056791305542, "val_acc": 0.45714285714285713}
{"type": "epoch", "epoch": "18/100", "train_loss": 0.7346094571627103, "train_acc": 0.7705128205128206, "val_loss": 0.9421812891960144, "val_acc": 0.6}
{"type": "epoch", "epoch": "19/100", "train_loss": 0.6766970616120559, "train_acc": 0.7858974358974359, "val_loss": 1.3234115839004517, "val_acc": 0.5714285714285714}
{"type": "epoch", "epoch": "20/100", "train_loss": 0.5845824640530807, "train_acc": 0.85, "val_loss": 0.6084345579147339, "val_acc": 0.8285714285714286}
{"type": "epoch", "epoch": "21/100", "train_loss": 0.4657672620736636, "train_acc": 0.9076923076923077, "val_loss": 0.5177478194236755, "val_acc": 0.8571428571428571}
{"type": "epoch", "epoch": "22/100", "train_loss": 0.47168639531502354, "train_acc": 0.9217948717948717, "val_loss": 0.443711519241333, "val_acc": 0.8857142857142857}
{"type": "epoch", "epoch": "23/100", "train_loss": 0.5608021364762232, "train_acc": 0.8730769230769231, "val_loss": 1.0216655731201172, "val_acc": 0.8}
{"type": "epoch", "epoch": "24/100", "train_loss": 0.4795367740667783, "train_acc": 0.9038461538461539, "val_loss": 0.38504448533058167, "val_acc": 0.9714285714285714}
{"type": "epoch", "epoch": "25/100", "train_loss": 0.4213266326830937, "train_acc": 0.9435897435897436, "val_loss": 0.4758601188659668, "val_acc": 0.8857142857142857}
{"type": "epoch", "epoch": "26/100", "train_loss": 0.4890072918855227, "train_acc": 0.9115384615384615, "val_loss": 0.3232470750808716, "val_acc": 1.0}
{"type": "epoch", "epoch": "27/100", "train_loss": 0.3840199663088872, "train_acc": 0.95, "val_loss": 0.4774402379989624, "val_acc": 0.9142857142857143}
{"type": "epoch", "epoch": "28/100", "train_loss": 0.3782881979758923, "train_acc": 0.9448717948717948, "val_loss": 0.327311635017395, "val_acc": 0.9714285714285714}
{"type": "epoch", "epoch": "29/100", "train_loss": 0.3545677730670342, "train_acc": 0.9551282051282052, "val_loss": 0.4269988238811493, "val_acc": 0.9428571428571428}
{"type": "epoch", "epoch": "30/100", "train_loss": 0.3599901313965137, "train_acc": 0.9538461538461539, "val_loss": 0.2785033583641052, "val_acc": 1.0}
{"type": "epoch", "epoch": "31/100", "train_loss": 0.3310485459291018, "train_acc": 0.9756410256410256, "val_loss": 0.37454479932785034, "val_acc": 0.9428571428571428}
{"type": "epoch", "epoch": "32/100", "train_loss": 0.32923616812779355, "train_acc": 0.9705128205128205, "val_loss": 0.2904824912548065, "val_acc": 1.0}
{"type": "epoch", "epoch": "33/100", "train_loss": 0.3554435876699594, "train_acc": 0.967948717948718, "val_loss": 0.2967936396598816, "val_acc": 1.0}
{"type": "epoch", "epoch": "34/100", "train_loss": 0.33354434141745937, "train_acc": 0.9705128205128205, "val_loss": 0.28586336970329285, "val_acc": 1.0}
{"type": "epoch", "epoch": "35/100", "train_loss": 0.31757790079483617, "train_acc": 0.9794871794871794, "val_loss": 0.27308839559555054, "val_acc": 1.0}
{"type": "epoch", "epoch": "36/100", "train_loss": 0.33087580708357006, "train_acc": 0.9807692307692307, "val_loss": 0.31323689222335815, "val_acc": 0.9714285714285714}
{"type": "epoch", "epoch": "37/100", "train_loss": 0.4058787731023935, "train_acc": 0.9448717948717948, "val_loss": 0.3337627947330475, "val_acc": 0.9714285714285714}
{"type": "epoch", "epoch": "38/100", "train_loss": 0.3458513365342067, "train_acc": 0.9615384615384616, "val_loss": 0.28593096137046814, "val_acc": 1.0}
{"type": "epoch", "epoch": "39/100", "train_loss": 0.3555760154357323, "train_acc": 0.967948717948718, "val_loss": 0.37689945101737976, "val_acc": 0.9142857142857143}
{"type": "epoch", "epoch": "40/100", "train_loss": 0.31572269476377046, "train_acc": 0.9807692307692307, "val_loss": 0.289059579372406, "val_acc": 1.0}
{"type": "epoch", "epoch": "41/100", "train_loss": 0.3329791999780215, "train_acc": 0.9807692307692307, "val_loss": 0.2910272181034088, "val_acc": 1.0}
{"type": "epoch", "epoch": "42/100", "train_loss": 0.3291830603892987, "train_acc": 0.9653846153846154, "val_loss": 0.30101269483566284, "val_acc": 1.0}
{"type": "epoch", "epoch": "43/100", "train_loss": 0.3056943141497098, "train_acc": 0.9794871794871794, "val_loss": 0.28041672706604004, "val_acc": 1.0}
{"type": "epoch", "epoch": "44/100", "train_loss": 0.3381052200610821, "train_acc": 0.9769230769230769, "val_loss": 0.28863662481307983, "val_acc": 1.0}
{"type": "epoch", "epoch": "45/100", "train_loss": 0.34415637988310593, "train_acc": 0.9538461538461539, "val_loss": 0.3943423628807068, "val_acc": 0.9142857142857143}
{"type": "epoch", "epoch": "46/100", "train_loss": 0.30765579296992374, "train_acc": 0.9769230769230769, "val_loss": 0.2673283815383911, "val_acc": 1.0}
{"type": "epoch", "epoch": "47/100", "train_loss": 0.29194786227666414, "train_acc": 0.9807692307692307, "val_loss": 0.28163036704063416, "val_acc": 1.0}
{"type": "epoch", "epoch": "48/100", "train_loss": 0.28135763911100536, "train_acc": 0.9871794871794872, "val_loss": 0.27672260999679565, "val_acc": 1.0}
{"type": "epoch", "epoch": "49/100", "train_loss": 0.2884137034416199, "train_acc": 0.9884615384615385, "val_loss": 0.26189088821411133, "val_acc": 1.0}
{"type": "epoch", "epoch": "50/100", "train_loss": 0.2717613772704051, "train_acc": 0.9884615384615385, "val_loss": 0.2536869943141937, "val_acc": 1.0}
{"type": "epoch", "epoch": "51/100", "train_loss": 0.2700785215084369, "train_acc": 0.9910256410256411, "val_loss": 0.2690899968147278, "val_acc": 1.0}
{"type": "epoch", "epoch": "52/100", "train_loss": 0.2906479205076511, "train_acc": 0.9884615384615385, "val_loss": 0.2917698621749878, "val_acc": 1.0}
{"type": "epoch", "epoch": "53/100", "train_loss": 0.2775539251474234, "train_acc": 0.9884615384615385, "val_loss": 0.2547898590564728, "val_acc": 1.0}
{"type": "epoch", "epoch": "54/100", "train_loss": 0.2784698318976622, "train_acc": 0.9923076923076923, "val_loss": 0.2782098054885864, "val_acc": 0.9714285714285714}
{"type": "epoch", "epoch": "55/100", "train_loss": 0.2724163715655987, "train_acc": 0.9897435897435898, "val_loss": 0.2655441164970398, "val_acc": 1.0}
{"type": "epoch", "epoch": "56/100", "train_loss": 0.26511290210943955, "train_acc": 0.9948717948717949, "val_loss": 0.2564762532711029, "val_acc": 1.0}
{"type": "epoch", "epoch": "57/100", "train_loss": 0.26319279349767244, "train_acc": 0.9935897435897436, "val_loss": 0.2529183030128479, "val_acc": 1.0}
{"type": "epoch", "epoch": "58/100", "train_loss": 0.2574354192385307, "train_acc": 0.9961538461538462, "val_loss": 0.2517286539077759, "val_acc": 1.0}
{"type": "epoch", "epoch": "59/100", "train_loss": 0.2581485796433229, "train_acc": 0.9961538461538462, "val_loss": 0.25163620710372925, "val_acc": 1.0}
{"type": "epoch", "epoch": "60/100", "train_loss": 0.25484082332024205, "train_acc": 0.9923076923076923, "val_loss": 0.2552294135093689, "val_acc": 1.0}
{"type": "epoch", "epoch": "61/100", "train_loss": 0.25548894932636845, "train_acc": 0.9961538461538462, "val_loss": 0.25000593066215515, "val_acc": 1.0}
{"type": "epoch", "epoch": "62/100", "train_loss": 0.2632756909498802, "train_acc": 0.9935897435897436, "val_loss": 0.24404092133045197, "val_acc": 1.0}
{"type": "epoch", "epoch": "63/100", "train_loss": 0.2571794746013788, "train_acc": 0.9935897435897436, "val_loss": 0.25176095962524414, "val_acc": 1.0}
{"type": "epoch", "epoch": "64/100", "train_loss": 0.25241260345165545, "train_acc": 0.9935897435897436, "val_loss": 0.25150203704833984, "val_acc": 1.0}
{"type": "epoch", "epoch": "65/100", "train_loss": 0.24947790113779214, "train_acc": 0.9987179487179487, "val_loss": 0.24742761254310608, "val_acc": 1.0}
{"type": "epoch", "epoch": "66/100", "train_loss": 0.26652824878692627, "train_acc": 0.9948717948717949, "val_loss": 0.24740666151046753, "val_acc": 1.0}
{"type": "epoch", "epoch": "67/100", "train_loss": 0.2670646481789075, "train_acc": 0.9935897435897436, "val_loss": 0.25194332003593445, "val_acc": 1.0}
{"type": "epoch", "epoch": "68/100", "train_loss": 0.27043601182790905, "train_acc": 0.9910256410256411, "val_loss": 0.25936949253082275, "val_acc": 1.0}
{"type": "epoch", "epoch": "69/100", "train_loss": 0.2519545578039609, "train_acc": 0.9974358974358974, "val_loss": 0.2469305396080017, "val_acc": 1.0}
{"type": "epoch", "epoch": "70/100", "train_loss": 0.24928033351898193, "train_acc": 0.9974358974358974, "val_loss": 0.24820493161678314, "val_acc": 1.0}
{"type": "epoch", "epoch": "71/100", "train_loss": 0.2507255765107962, "train_acc": 0.9987179487179487, "val_loss": 0.24680426716804504, "val_acc": 1.0}
{"type": "epoch", "epoch": "72/100", "train_loss": 0.24637096661787766, "train_acc": 0.9987179487179487, "val_loss": 0.24706144630908966, "val_acc": 1.0}
{"type": "epoch", "epoch": "73/100", "train_loss": 0.24522285965772775, "train_acc": 0.9987179487179487, "val_loss": 0.24629263579845428, "val_acc": 1.0}
{"type": "epoch", "epoch": "74/100", "train_loss": 0.24447555381518143, "train_acc": 0.9987179487179487, "val_loss": 0.24496842920780182, "val_acc": 1.0}
{"type": "epoch", "epoch": "75/100", "train_loss": 0.2441725513109794, "train_acc": 1.0, "val_loss": 0.24690555036067963, "val_acc": 1.0}
{"type": "epoch", "epoch": "76/100", "train_loss": 0.24801723544414228, "train_acc": 0.9974358974358974, "val_loss": 0.2452707141637802, "val_acc": 1.0}
{"type": "epoch", "epoch": "77/100", "train_loss": 0.2455206158069464, "train_acc": 1.0, "val_loss": 0.24125675857067108, "val_acc": 1.0}
{"type": "epoch", "epoch": "78/100", "train_loss": 0.24155535606237558, "train_acc": 1.0, "val_loss": 0.24082638323307037, "val_acc": 1.0}
{"type": "epoch", "epoch": "79/100", "train_loss": 0.24150036848508394, "train_acc": 0.9987179487179487, "val_loss": 0.23999594151973724, "val_acc": 1.0}
{"type": "epoch", "epoch": "80/100", "train_loss": 0.2433634136731808, "train_acc": 0.9987179487179487, "val_loss": 0.2416856437921524, "val_acc": 1.0}
{"type": "epoch", "epoch": "81/100", "train_loss": 0.24492006347729608, "train_acc": 1.0, "val_loss": 0.2436741590499878, "val_acc": 1.0}
{"type": "epoch", "epoch": "82/100", "train_loss": 0.24174760625912592, "train_acc": 1.0, "val_loss": 0.24332742393016815, "val_acc": 1.0}
{"type": "epoch", "epoch": "83/100", "train_loss": 0.2435901715205266, "train_acc": 1.0, "val_loss": 0.2422388345003128, "val_acc": 1.0}
{"type": "epoch", "epoch": "84/100", "train_loss": 0.24727731599257544, "train_acc": 0.9987179487179487, "val_loss": 0.24235764145851135, "val_acc": 1.0}
{"type": "epoch", "epoch": "85/100", "train_loss": 0.24299317025221312, "train_acc": 1.0, "val_loss": 0.24670733511447906, "val_acc": 1.0}
{"type": "epoch", "epoch": "86/100", "train_loss": 0.24927994035757506, "train_acc": 0.9974358974358974, "val_loss": 0.24428309500217438, "val_acc": 1.0}
{"type": "epoch", "epoch": "87/100", "train_loss": 0.2446341205101747, "train_acc": 0.9987179487179487, "val_loss": 0.2446499466896057, "val_acc": 1.0}
{"type": "epoch", "epoch": "88/100", "train_loss": 0.24480082782415244, "train_acc": 1.0, "val_loss": 0.24297721683979034, "val_acc": 1.0}
{"type": "epoch", "epoch": "89/100", "train_loss": 0.24143361701415136, "train_acc": 0.9987179487179487, "val_loss": 0.24472160637378693, "val_acc": 1.0}
{"type": "epoch", "epoch": "90/100", "train_loss": 0.2428390269096081, "train_acc": 0.9974358974358974, "val_loss": 0.24653463065624237, "val_acc": 1.0}
{"type": "epoch", "epoch": "91/100", "train_loss": 0.23841910637342012, "train_acc": 1.0, "val_loss": 0.2430942952632904, "val_acc": 1.0}
{"type": "epoch", "epoch": "92/100", "train_loss": 0.24019594605152422, "train_acc": 0.9987179487179487, "val_loss": 0.24309220910072327, "val_acc": 1.0}
{"type": "epoch", "epoch": "93/100", "train_loss": 0.23883667702858263, "train_acc": 1.0, "val_loss": 0.24310074746608734, "val_acc": 1.0}
{"type": "epoch", "epoch": "94/100", "train_loss": 0.24179566365021926, "train_acc": 1.0, "val_loss": 0.2431958168745041, "val_acc": 1.0}
{"type": "epoch", "epoch": "95/100", "train_loss": 0.24178734421730042, "train_acc": 0.9987179487179487, "val_loss": 0.24350234866142273, "val_acc": 1.0}
{"type": "epoch", "epoch": "96/100", "train_loss": 0.24421132871737847, "train_acc": 1.0, "val_loss": 0.2431236207485199, "val_acc": 1.0}
{"type": "epoch", "epoch": "97/100", "train_loss": 0.2408430461700146, "train_acc": 1.0, "val_loss": 0.24260371923446655, "val_acc": 1.0}
{"type": "epoch", "epoch": "98/100", "train_loss": 0.23737058501977187, "train_acc": 1.0, "val_loss": 0.2424287497997284, "val_acc": 1.0}
{"type": "epoch", "epoch": "99/100", "train_loss": 0.23894311487674713, "train_acc": 1.0, "val_loss": 0.2420322149991989, "val_acc": 1.0}
{"type": "epoch", "epoch": "100/100", "train_loss": 0.2410580194913424, "train_acc": 0.9987179487179487, "val_loss": 0.243004709482193, "val_acc": 1.0}
[AdvancedEEGPipeline] Done in 202.58s
{"type": "complete", "message": "Training completed successfully for Advanced Transformer on master_physionet!", "final_val_acc": 1.0, "latency_ms": 24.613142013549805}

======================================
Training Model: EEGNet on Dataset: NemarFingers
======================================
{"type": "info", "message": "Selecting top 16 channels based on variance..."}
{"type": "info", "message": "New X shape: (330, 16, 1281)"}
{"type": "info", "message": "No metadata found. Using temporal slice..."}
{"type": "info", "message": "Augmenting training data... Original shape: (260, 16, 1281)"}
{"type": "info", "message": "Augmented shape: (780, 16, 1281)"}
{"type": "progress", "message": "Training EEGNet..."}
{"type": "reset_chart"}
D:\pip_packages\torch\nn\modules\conv.py:549: UserWarning: Using padding='same' with even kernel lengths and odd dilation may require a zero-padded copy of the input be created (Triggered internally at C:\actions-runner\_work\pytorch\pytorch\pytorch\aten\src\ATen\native\Convolution.cpp:1037.)
  return F.conv2d(
{"type": "epoch", "epoch": 1, "total_epochs": 100, "train_loss": 1.6161545967444395, "train_acc": 0.2230769230769231, "val_loss": 1.6805849075317383, "val_acc": 0.17142857142857143}
{"type": "epoch", "epoch": "1/100", "train_loss": 1.6161545967444395, "train_acc": 0.2230769230769231, "val_loss": 1.6805849075317383, "val_acc": 0.17142857142857143}
{"type": "epoch", "epoch": 2, "total_epochs": 100, "train_loss": 1.5714997120392629, "train_acc": 0.26794871794871794, "val_loss": 1.6365846395492554, "val_acc": 0.2857142857142857}
{"type": "epoch", "epoch": "2/100", "train_loss": 1.5714997120392629, "train_acc": 0.26794871794871794, "val_loss": 1.6365846395492554, "val_acc": 0.2857142857142857}
{"type": "epoch", "epoch": 3, "total_epochs": 100, "train_loss": 1.5062883419868274, "train_acc": 0.33974358974358976, "val_loss": 1.5648831129074097, "val_acc": 0.2857142857142857}
{"type": "epoch", "epoch": "3/100", "train_loss": 1.5062883419868274, "train_acc": 0.33974358974358976, "val_loss": 1.5648831129074097, "val_acc": 0.2857142857142857}
{"type": "epoch", "epoch": 4, "total_epochs": 100, "train_loss": 1.4718162334882297, "train_acc": 0.3525641025641026, "val_loss": 1.5400071144104004, "val_acc": 0.3142857142857143}
{"type": "epoch", "epoch": "4/100", "train_loss": 1.4718162334882297, "train_acc": 0.3525641025641026, "val_loss": 1.5400071144104004, "val_acc": 0.3142857142857143}
{"type": "epoch", "epoch": 5, "total_epochs": 100, "train_loss": 1.4211899188848642, "train_acc": 0.382051282051282, "val_loss": 1.487927794456482, "val_acc": 0.2857142857142857}
{"type": "epoch", "epoch": "5/100", "train_loss": 1.4211899188848642, "train_acc": 0.382051282051282, "val_loss": 1.487927794456482, "val_acc": 0.2857142857142857}
{"type": "epoch", "epoch": 6, "total_epochs": 100, "train_loss": 1.3857246979688986, "train_acc": 0.40897435897435896, "val_loss": 1.4889367818832397, "val_acc": 0.3142857142857143}
{"type": "epoch", "epoch": "6/100", "train_loss": 1.3857246979688986, "train_acc": 0.40897435897435896, "val_loss": 1.4889367818832397, "val_acc": 0.3142857142857143}
{"type": "epoch", "epoch": 7, "total_epochs": 100, "train_loss": 1.3438465216220954, "train_acc": 0.4256410256410256, "val_loss": 1.4386324882507324, "val_acc": 0.34285714285714286}
{"type": "epoch", "epoch": "7/100", "train_loss": 1.3438465216220954, "train_acc": 0.4256410256410256, "val_loss": 1.4386324882507324, "val_acc": 0.34285714285714286}
{"type": "epoch", "epoch": 8, "total_epochs": 100, "train_loss": 1.3108115569139138, "train_acc": 0.4858974358974359, "val_loss": 1.4589033126831055, "val_acc": 0.2857142857142857}
{"type": "epoch", "epoch": "8/100", "train_loss": 1.3108115569139138, "train_acc": 0.4858974358974359, "val_loss": 1.4589033126831055, "val_acc": 0.2857142857142857}
{"type": "epoch", "epoch": 9, "total_epochs": 100, "train_loss": 1.2599942332659013, "train_acc": 0.46153846153846156, "val_loss": 1.4691243171691895, "val_acc": 0.2857142857142857}
{"type": "epoch", "epoch": "9/100", "train_loss": 1.2599942332659013, "train_acc": 0.46153846153846156, "val_loss": 1.4691243171691895, "val_acc": 0.2857142857142857}
{"type": "epoch", "epoch": 10, "total_epochs": 100, "train_loss": 1.2410278711563503, "train_acc": 0.517948717948718, "val_loss": 1.3354852199554443, "val_acc": 0.45714285714285713}
{"type": "epoch", "epoch": "10/100", "train_loss": 1.2410278711563503, "train_acc": 0.517948717948718, "val_loss": 1.3354852199554443, "val_acc": 0.45714285714285713}
{"type": "epoch", "epoch": 11, "total_epochs": 100, "train_loss": 1.2010846657630725, "train_acc": 0.48717948717948717, "val_loss": 1.3498786687850952, "val_acc": 0.4}
{"type": "epoch", "epoch": "11/100", "train_loss": 1.2010846657630725, "train_acc": 0.48717948717948717, "val_loss": 1.3498786687850952, "val_acc": 0.4}
{"type": "epoch", "epoch": 12, "total_epochs": 100, "train_loss": 1.2153093979908869, "train_acc": 0.4717948717948718, "val_loss": 1.365235447883606, "val_acc": 0.4}
{"type": "epoch", "epoch": "12/100", "train_loss": 1.2153093979908869, "train_acc": 0.4717948717948718, "val_loss": 1.365235447883606, "val_acc": 0.4}
{"type": "epoch", "epoch": 13, "total_epochs": 100, "train_loss": 1.1536047318042852, "train_acc": 0.532051282051282, "val_loss": 1.2625670433044434, "val_acc": 0.37142857142857144}
{"type": "epoch", "epoch": "13/100", "train_loss": 1.1536047318042852, "train_acc": 0.532051282051282, "val_loss": 1.2625670433044434, "val_acc": 0.37142857142857144}
{"type": "epoch", "epoch": 14, "total_epochs": 100, "train_loss": 1.1887930649977463, "train_acc": 0.4948717948717949, "val_loss": 1.237194538116455, "val_acc": 0.5142857142857142}
{"type": "epoch", "epoch": "14/100", "train_loss": 1.1887930649977463, "train_acc": 0.4948717948717949, "val_loss": 1.237194538116455, "val_acc": 0.5142857142857142}
{"type": "epoch", "epoch": 15, "total_epochs": 100, "train_loss": 1.0897778630256654, "train_acc": 0.5551282051282052, "val_loss": 1.2256312370300293, "val_acc": 0.45714285714285713}
{"type": "epoch", "epoch": "15/100", "train_loss": 1.0897778630256654, "train_acc": 0.5551282051282052, "val_loss": 1.2256312370300293, "val_acc": 0.45714285714285713}
{"type": "epoch", "epoch": 16, "total_epochs": 100, "train_loss": 1.0805732824863532, "train_acc": 0.5512820512820513, "val_loss": 1.3194297552108765, "val_acc": 0.4857142857142857}
{"type": "epoch", "epoch": "16/100", "train_loss": 1.0805732824863532, "train_acc": 0.5512820512820513, "val_loss": 1.3194297552108765, "val_acc": 0.4857142857142857}
{"type": "epoch", "epoch": 17, "total_epochs": 100, "train_loss": 1.1023524846786108, "train_acc": 0.5461538461538461, "val_loss": 1.3516583442687988, "val_acc": 0.5142857142857142}
{"type": "epoch", "epoch": "17/100", "train_loss": 1.1023524846786108, "train_acc": 0.5461538461538461, "val_loss": 1.3516583442687988, "val_acc": 0.5142857142857142}
{"type": "epoch", "epoch": 18, "total_epochs": 100, "train_loss": 1.0208452371450571, "train_acc": 0.5756410256410256, "val_loss": 1.1795570850372314, "val_acc": 0.5428571428571428}
{"type": "epoch", "epoch": "18/100", "train_loss": 1.0208452371450571, "train_acc": 0.5756410256410256, "val_loss": 1.1795570850372314, "val_acc": 0.5428571428571428}
{"type": "epoch", "epoch": 19, "total_epochs": 100, "train_loss": 1.0001169834381496, "train_acc": 0.591025641025641, "val_loss": 1.1242868900299072, "val_acc": 0.6}
{"type": "epoch", "epoch": "19/100", "train_loss": 1.0001169834381496, "train_acc": 0.591025641025641, "val_loss": 1.1242868900299072, "val_acc": 0.6}
{"type": "epoch", "epoch": 20, "total_epochs": 100, "train_loss": 0.9917318197397086, "train_acc": 0.5782051282051283, "val_loss": 1.08214271068573, "val_acc": 0.5428571428571428}
{"type": "epoch", "epoch": "20/100", "train_loss": 0.9917318197397086, "train_acc": 0.5782051282051283, "val_loss": 1.08214271068573, "val_acc": 0.5428571428571428}
{"type": "epoch", "epoch": 21, "total_epochs": 100, "train_loss": 1.0204412215795273, "train_acc": 0.5897435897435898, "val_loss": 1.029832124710083, "val_acc": 0.6}
{"type": "epoch", "epoch": "21/100", "train_loss": 1.0204412215795273, "train_acc": 0.5897435897435898, "val_loss": 1.029832124710083, "val_acc": 0.6}
{"type": "epoch", "epoch": 22, "total_epochs": 100, "train_loss": 0.9906467926807893, "train_acc": 0.6025641025641025, "val_loss": 1.145925521850586, "val_acc": 0.5714285714285714}
{"type": "epoch", "epoch": "22/100", "train_loss": 0.9906467926807893, "train_acc": 0.6025641025641025, "val_loss": 1.145925521850586, "val_acc": 0.5714285714285714}
{"type": "epoch", "epoch": 23, "total_epochs": 100, "train_loss": 0.9577921164341462, "train_acc": 0.6243589743589744, "val_loss": 1.0571800470352173, "val_acc": 0.6285714285714286}
{"type": "epoch", "epoch": "23/100", "train_loss": 0.9577921164341462, "train_acc": 0.6243589743589744, "val_loss": 1.0571800470352173, "val_acc": 0.6285714285714286}
{"type": "epoch", "epoch": 24, "total_epochs": 100, "train_loss": 0.9462293814390134, "train_acc": 0.6205128205128205, "val_loss": 1.0981217622756958, "val_acc": 0.6285714285714286}
{"type": "epoch", "epoch": "24/100", "train_loss": 0.9462293814390134, "train_acc": 0.6205128205128205, "val_loss": 1.0981217622756958, "val_acc": 0.6285714285714286}
{"type": "epoch", "epoch": 25, "total_epochs": 100, "train_loss": 0.9257408921535198, "train_acc": 0.6141025641025641, "val_loss": 1.1491764783859253, "val_acc": 0.5714285714285714}
{"type": "epoch", "epoch": "25/100", "train_loss": 0.9257408921535198, "train_acc": 0.6141025641025641, "val_loss": 1.1491764783859253, "val_acc": 0.5714285714285714}
{"type": "epoch", "epoch": 26, "total_epochs": 100, "train_loss": 0.8927965268110618, "train_acc": 0.6435897435897436, "val_loss": 1.0226560831069946, "val_acc": 0.5714285714285714}
{"type": "epoch", "epoch": "26/100", "train_loss": 0.8927965268110618, "train_acc": 0.6435897435897436, "val_loss": 1.0226560831069946, "val_acc": 0.5714285714285714}
{"type": "epoch", "epoch": 27, "total_epochs": 100, "train_loss": 0.9065907258253831, "train_acc": 0.6166666666666667, "val_loss": 1.0524488687515259, "val_acc": 0.5714285714285714}
{"type": "epoch", "epoch": "27/100", "train_loss": 0.9065907258253831, "train_acc": 0.6166666666666667, "val_loss": 1.0524488687515259, "val_acc": 0.5714285714285714}
{"type": "epoch", "epoch": 28, "total_epochs": 100, "train_loss": 0.8746417601903279, "train_acc": 0.6410256410256411, "val_loss": 1.1013859510421753, "val_acc": 0.5714285714285714}
{"type": "epoch", "epoch": "28/100", "train_loss": 0.8746417601903279, "train_acc": 0.6410256410256411, "val_loss": 1.1013859510421753, "val_acc": 0.5714285714285714}
{"type": "epoch", "epoch": 29, "total_epochs": 100, "train_loss": 0.8566985350388747, "train_acc": 0.6615384615384615, "val_loss": 1.1557412147521973, "val_acc": 0.5714285714285714}
{"type": "epoch", "epoch": "29/100", "train_loss": 0.8566985350388747, "train_acc": 0.6615384615384615, "val_loss": 1.1557412147521973, "val_acc": 0.5714285714285714}
{"type": "epoch", "epoch": 30, "total_epochs": 100, "train_loss": 0.8984084000954261, "train_acc": 0.6256410256410256, "val_loss": 1.3105460405349731, "val_acc": 0.45714285714285713}
{"type": "epoch", "epoch": "30/100", "train_loss": 0.8984084000954261, "train_acc": 0.6256410256410256, "val_loss": 1.3105460405349731, "val_acc": 0.45714285714285713}
{"type": "epoch", "epoch": 31, "total_epochs": 100, "train_loss": 0.8941921674288236, "train_acc": 0.6410256410256411, "val_loss": 1.3727878332138062, "val_acc": 0.45714285714285713}
{"type": "epoch", "epoch": "31/100", "train_loss": 0.8941921674288236, "train_acc": 0.6410256410256411, "val_loss": 1.3727878332138062, "val_acc": 0.45714285714285713}
{"type": "epoch", "epoch": 32, "total_epochs": 100, "train_loss": 0.8404389943832006, "train_acc": 0.6512820512820513, "val_loss": 1.1262264251708984, "val_acc": 0.5428571428571428}
{"type": "epoch", "epoch": "32/100", "train_loss": 0.8404389943832006, "train_acc": 0.6512820512820513, "val_loss": 1.1262264251708984, "val_acc": 0.5428571428571428}
{"type": "epoch", "epoch": 33, "total_epochs": 100, "train_loss": 0.8201832743791434, "train_acc": 0.6782051282051282, "val_loss": 1.1091021299362183, "val_acc": 0.5428571428571428}
{"type": "epoch", "epoch": "33/100", "train_loss": 0.8201832743791434, "train_acc": 0.6782051282051282, "val_loss": 1.1091021299362183, "val_acc": 0.5428571428571428}
{"type": "epoch", "epoch": 34, "total_epochs": 100, "train_loss": 0.8148325751989316, "train_acc": 0.6794871794871795, "val_loss": 1.0019429922103882, "val_acc": 0.5714285714285714}
{"type": "epoch", "epoch": "34/100", "train_loss": 0.8148325751989316, "train_acc": 0.6794871794871795, "val_loss": 1.0019429922103882, "val_acc": 0.5714285714285714}
{"type": "epoch", "epoch": 35, "total_epochs": 100, "train_loss": 0.7784997010842348, "train_acc": 0.6948717948717948, "val_loss": 1.0376468896865845, "val_acc": 0.6285714285714286}
{"type": "epoch", "epoch": "35/100", "train_loss": 0.7784997010842348, "train_acc": 0.6948717948717948, "val_loss": 1.0376468896865845, "val_acc": 0.6285714285714286}
{"type": "epoch", "epoch": 36, "total_epochs": 100, "train_loss": 0.8035009579780774, "train_acc": 0.6717948717948717, "val_loss": 1.1471749544143677, "val_acc": 0.4857142857142857}
{"type": "epoch", "epoch": "36/100", "train_loss": 0.8035009579780774, "train_acc": 0.6717948717948717, "val_loss": 1.1471749544143677, "val_acc": 0.4857142857142857}
{"type": "epoch", "epoch": 37, "total_epochs": 100, "train_loss": 0.7471678223365392, "train_acc": 0.717948717948718, "val_loss": 1.0153117179870605, "val_acc": 0.6285714285714286}
{"type": "epoch", "epoch": "37/100", "train_loss": 0.7471678223365392, "train_acc": 0.717948717948718, "val_loss": 1.0153117179870605, "val_acc": 0.6285714285714286}
{"type": "epoch", "epoch": 38, "total_epochs": 100, "train_loss": 0.7509183345696865, "train_acc": 0.6807692307692308, "val_loss": 0.9564064145088196, "val_acc": 0.6}
{"type": "epoch", "epoch": "38/100", "train_loss": 0.7509183345696865, "train_acc": 0.6807692307692308, "val_loss": 0.9564064145088196, "val_acc": 0.6}
{"type": "epoch", "epoch": 39, "total_epochs": 100, "train_loss": 0.7714362376775497, "train_acc": 0.6923076923076923, "val_loss": 1.1967144012451172, "val_acc": 0.4857142857142857}
{"type": "epoch", "epoch": "39/100", "train_loss": 0.7714362376775497, "train_acc": 0.6923076923076923, "val_loss": 1.1967144012451172, "val_acc": 0.4857142857142857}
{"type": "epoch", "epoch": 40, "total_epochs": 100, "train_loss": 0.7477749216250884, "train_acc": 0.708974358974359, "val_loss": 1.1503610610961914, "val_acc": 0.5714285714285714}
{"type": "epoch", "epoch": "40/100", "train_loss": 0.7477749216250884, "train_acc": 0.708974358974359, "val_loss": 1.1503610610961914, "val_acc": 0.5714285714285714}
{"type": "epoch", "epoch": 41, "total_epochs": 100, "train_loss": 0.7589656783984258, "train_acc": 0.6756410256410257, "val_loss": 1.0265880823135376, "val_acc": 0.5428571428571428}
{"type": "epoch", "epoch": "41/100", "train_loss": 0.7589656783984258, "train_acc": 0.6756410256410257, "val_loss": 1.0265880823135376, "val_acc": 0.5428571428571428}
{"type": "epoch", "epoch": 42, "total_epochs": 100, "train_loss": 0.7241236075376853, "train_acc": 0.6987179487179487, "val_loss": 0.9398090839385986, "val_acc": 0.5714285714285714}
{"type": "epoch", "epoch": "42/100", "train_loss": 0.7241236075376853, "train_acc": 0.6987179487179487, "val_loss": 0.9398090839385986, "val_acc": 0.5714285714285714}
{"type": "epoch", "epoch": 43, "total_epochs": 100, "train_loss": 0.7176386169898205, "train_acc": 0.7153846153846154, "val_loss": 0.8812806010246277, "val_acc": 0.6285714285714286}
{"type": "epoch", "epoch": "43/100", "train_loss": 0.7176386169898205, "train_acc": 0.7153846153846154, "val_loss": 0.8812806010246277, "val_acc": 0.6285714285714286}
{"type": "epoch", "epoch": 44, "total_epochs": 100, "train_loss": 0.7132924400843107, "train_acc": 0.7217948717948718, "val_loss": 0.8580746650695801, "val_acc": 0.6857142857142857}
{"type": "epoch", "epoch": "44/100", "train_loss": 0.7132924400843107, "train_acc": 0.7217948717948718, "val_loss": 0.8580746650695801, "val_acc": 0.6857142857142857}
{"type": "epoch", "epoch": 45, "total_epochs": 100, "train_loss": 0.6832087205006526, "train_acc": 0.717948717948718, "val_loss": 0.9490744471549988, "val_acc": 0.6285714285714286}
{"type": "epoch", "epoch": "45/100", "train_loss": 0.6832087205006526, "train_acc": 0.717948717948718, "val_loss": 0.9490744471549988, "val_acc": 0.6285714285714286}
{"type": "epoch", "epoch": 46, "total_epochs": 100, "train_loss": 0.6668715645105411, "train_acc": 0.7397435897435898, "val_loss": 0.9905784726142883, "val_acc": 0.6285714285714286}
{"type": "epoch", "epoch": "46/100", "train_loss": 0.6668715645105411, "train_acc": 0.7397435897435898, "val_loss": 0.9905784726142883, "val_acc": 0.6285714285714286}
{"type": "epoch", "epoch": 47, "total_epochs": 100, "train_loss": 0.641094481639373, "train_acc": 0.764102564102564, "val_loss": 0.9164116978645325, "val_acc": 0.6285714285714286}
{"type": "epoch", "epoch": "47/100", "train_loss": 0.641094481639373, "train_acc": 0.764102564102564, "val_loss": 0.9164116978645325, "val_acc": 0.6285714285714286}
{"type": "epoch", "epoch": 48, "total_epochs": 100, "train_loss": 0.6345147407971896, "train_acc": 0.7474358974358974, "val_loss": 0.9391262531280518, "val_acc": 0.6285714285714286}
{"type": "epoch", "epoch": "48/100", "train_loss": 0.6345147407971896, "train_acc": 0.7474358974358974, "val_loss": 0.9391262531280518, "val_acc": 0.6285714285714286}
{"type": "epoch", "epoch": 49, "total_epochs": 100, "train_loss": 0.6257150115110935, "train_acc": 0.7487179487179487, "val_loss": 0.9227854013442993, "val_acc": 0.6285714285714286}
{"type": "epoch", "epoch": "49/100", "train_loss": 0.6257150115110935, "train_acc": 0.7487179487179487, "val_loss": 0.9227854013442993, "val_acc": 0.6285714285714286}
{"type": "epoch", "epoch": 50, "total_epochs": 100, "train_loss": 0.6157087714244158, "train_acc": 0.7512820512820513, "val_loss": 0.9051901698112488, "val_acc": 0.6}
{"type": "epoch", "epoch": "50/100", "train_loss": 0.6157087714244158, "train_acc": 0.7512820512820513, "val_loss": 0.9051901698112488, "val_acc": 0.6}
{"type": "epoch", "epoch": 51, "total_epochs": 100, "train_loss": 0.6013239736740406, "train_acc": 0.7615384615384615, "val_loss": 0.8656346201896667, "val_acc": 0.6571428571428571}
{"type": "epoch", "epoch": "51/100", "train_loss": 0.6013239736740406, "train_acc": 0.7615384615384615, "val_loss": 0.8656346201896667, "val_acc": 0.6571428571428571}
{"type": "epoch", "epoch": 52, "total_epochs": 100, "train_loss": 0.5993145745534163, "train_acc": 0.7538461538461538, "val_loss": 0.7869462370872498, "val_acc": 0.7142857142857143}
{"type": "epoch", "epoch": "52/100", "train_loss": 0.5993145745534163, "train_acc": 0.7538461538461538, "val_loss": 0.7869462370872498, "val_acc": 0.7142857142857143}
{"type": "epoch", "epoch": 53, "total_epochs": 100, "train_loss": 0.6413307336660532, "train_acc": 0.7410256410256411, "val_loss": 1.0272883176803589, "val_acc": 0.5428571428571428}
{"type": "epoch", "epoch": "53/100", "train_loss": 0.6413307336660532, "train_acc": 0.7410256410256411, "val_loss": 1.0272883176803589, "val_acc": 0.5428571428571428}
{"type": "epoch", "epoch": 54, "total_epochs": 100, "train_loss": 0.6182826992792961, "train_acc": 0.7525641025641026, "val_loss": 1.1170451641082764, "val_acc": 0.6}
{"type": "epoch", "epoch": "54/100", "train_loss": 0.6182826992792961, "train_acc": 0.7525641025641026, "val_loss": 1.1170451641082764, "val_acc": 0.6}
{"type": "epoch", "epoch": 55, "total_epochs": 100, "train_loss": 0.5700260333525828, "train_acc": 0.7769230769230769, "val_loss": 0.9452531933784485, "val_acc": 0.6571428571428571}
{"type": "epoch", "epoch": "55/100", "train_loss": 0.5700260333525828, "train_acc": 0.7769230769230769, "val_loss": 0.9452531933784485, "val_acc": 0.6571428571428571}
{"type": "epoch", "epoch": 56, "total_epochs": 100, "train_loss": 0.5937540806256808, "train_acc": 0.764102564102564, "val_loss": 0.8141640424728394, "val_acc": 0.7142857142857143}
{"type": "epoch", "epoch": "56/100", "train_loss": 0.5937540806256808, "train_acc": 0.764102564102564, "val_loss": 0.8141640424728394, "val_acc": 0.7142857142857143}
{"type": "epoch", "epoch": 57, "total_epochs": 100, "train_loss": 0.619506141772637, "train_acc": 0.732051282051282, "val_loss": 0.9241154193878174, "val_acc": 0.6285714285714286}
{"type": "epoch", "epoch": "57/100", "train_loss": 0.619506141772637, "train_acc": 0.732051282051282, "val_loss": 0.9241154193878174, "val_acc": 0.6285714285714286}
{"type": "epoch", "epoch": 58, "total_epochs": 100, "train_loss": 0.5529039190365718, "train_acc": 0.7846153846153846, "val_loss": 0.9178364276885986, "val_acc": 0.6285714285714286}
{"type": "epoch", "epoch": "58/100", "train_loss": 0.5529039190365718, "train_acc": 0.7846153846153846, "val_loss": 0.9178364276885986, "val_acc": 0.6285714285714286}
{"type": "epoch", "epoch": 59, "total_epochs": 100, "train_loss": 0.5651413697462816, "train_acc": 0.7743589743589744, "val_loss": 0.7899481654167175, "val_acc": 0.6285714285714286}
{"type": "epoch", "epoch": "59/100", "train_loss": 0.5651413697462816, "train_acc": 0.7743589743589744, "val_loss": 0.7899481654167175, "val_acc": 0.6285714285714286}
{"type": "epoch", "epoch": 60, "total_epochs": 100, "train_loss": 0.5485630185176165, "train_acc": 0.7807692307692308, "val_loss": 0.8679322004318237, "val_acc": 0.6857142857142857}
{"type": "epoch", "epoch": "60/100", "train_loss": 0.5485630185176165, "train_acc": 0.7807692307692308, "val_loss": 0.8679322004318237, "val_acc": 0.6857142857142857}
{"type": "epoch", "epoch": 61, "total_epochs": 100, "train_loss": 0.5702653985757095, "train_acc": 0.7653846153846153, "val_loss": 0.779232382774353, "val_acc": 0.6571428571428571}
{"type": "epoch", "epoch": "61/100", "train_loss": 0.5702653985757095, "train_acc": 0.7653846153846153, "val_loss": 0.779232382774353, "val_acc": 0.6571428571428571}
{"type": "epoch", "epoch": 62, "total_epochs": 100, "train_loss": 0.5355769670926608, "train_acc": 0.7948717948717948, "val_loss": 0.8041966557502747, "val_acc": 0.6857142857142857}
{"type": "epoch", "epoch": "62/100", "train_loss": 0.5355769670926608, "train_acc": 0.7948717948717948, "val_loss": 0.8041966557502747, "val_acc": 0.6857142857142857}
{"type": "epoch", "epoch": 63, "total_epochs": 100, "train_loss": 0.5319291041447566, "train_acc": 0.7756410256410257, "val_loss": 1.036590576171875, "val_acc": 0.5714285714285714}
{"type": "epoch", "epoch": "63/100", "train_loss": 0.5319291041447566, "train_acc": 0.7756410256410257, "val_loss": 1.036590576171875, "val_acc": 0.5714285714285714}
{"type": "epoch", "epoch": 64, "total_epochs": 100, "train_loss": 0.5216743252216242, "train_acc": 0.791025641025641, "val_loss": 0.8252928256988525, "val_acc": 0.6571428571428571}
{"type": "epoch", "epoch": "64/100", "train_loss": 0.5216743252216242, "train_acc": 0.791025641025641, "val_loss": 0.8252928256988525, "val_acc": 0.6571428571428571}
{"type": "epoch", "epoch": 65, "total_epochs": 100, "train_loss": 0.532886150555733, "train_acc": 0.791025641025641, "val_loss": 0.7217524647712708, "val_acc": 0.6857142857142857}
{"type": "epoch", "epoch": "65/100", "train_loss": 0.532886150555733, "train_acc": 0.791025641025641, "val_loss": 0.7217524647712708, "val_acc": 0.6857142857142857}
{"type": "epoch", "epoch": 66, "total_epochs": 100, "train_loss": 0.5197004440503242, "train_acc": 0.8064102564102564, "val_loss": 1.1560745239257812, "val_acc": 0.6}
{"type": "epoch", "epoch": "66/100", "train_loss": 0.5197004440503242, "train_acc": 0.8064102564102564, "val_loss": 1.1560745239257812, "val_acc": 0.6}
{"type": "epoch", "epoch": 67, "total_epochs": 100, "train_loss": 0.5213303886927091, "train_acc": 0.7897435897435897, "val_loss": 1.168064832687378, "val_acc": 0.6285714285714286}
{"type": "epoch", "epoch": "67/100", "train_loss": 0.5213303886927091, "train_acc": 0.7897435897435897, "val_loss": 1.168064832687378, "val_acc": 0.6285714285714286}
{"type": "epoch", "epoch": 68, "total_epochs": 100, "train_loss": 0.5215839749727493, "train_acc": 0.7961538461538461, "val_loss": 0.9703633785247803, "val_acc": 0.6285714285714286}
{"type": "epoch", "epoch": "68/100", "train_loss": 0.5215839749727493, "train_acc": 0.7961538461538461, "val_loss": 0.9703633785247803, "val_acc": 0.6285714285714286}
{"type": "epoch", "epoch": 69, "total_epochs": 100, "train_loss": 0.5116424461205801, "train_acc": 0.7935897435897435, "val_loss": 0.9323460459709167, "val_acc": 0.6571428571428571}
{"type": "epoch", "epoch": "69/100", "train_loss": 0.5116424461205801, "train_acc": 0.7935897435897435, "val_loss": 0.9323460459709167, "val_acc": 0.6571428571428571}
{"type": "epoch", "epoch": 70, "total_epochs": 100, "train_loss": 0.5009441598867759, "train_acc": 0.7961538461538461, "val_loss": 0.8340654969215393, "val_acc": 0.6285714285714286}
{"type": "epoch", "epoch": "70/100", "train_loss": 0.5009441598867759, "train_acc": 0.7961538461538461, "val_loss": 0.8340654969215393, "val_acc": 0.6285714285714286}
{"type": "epoch", "epoch": 71, "total_epochs": 100, "train_loss": 0.49265147814383875, "train_acc": 0.8166666666666667, "val_loss": 0.8079321384429932, "val_acc": 0.6571428571428571}
{"type": "epoch", "epoch": "71/100", "train_loss": 0.49265147814383875, "train_acc": 0.8166666666666667, "val_loss": 0.8079321384429932, "val_acc": 0.6571428571428571}
{"type": "epoch", "epoch": 72, "total_epochs": 100, "train_loss": 0.5080061130034618, "train_acc": 0.8038461538461539, "val_loss": 0.8654438257217407, "val_acc": 0.6571428571428571}
{"type": "epoch", "epoch": "72/100", "train_loss": 0.5080061130034618, "train_acc": 0.8038461538461539, "val_loss": 0.8654438257217407, "val_acc": 0.6571428571428571}
{"type": "epoch", "epoch": 73, "total_epochs": 100, "train_loss": 0.47656053916001934, "train_acc": 0.8102564102564103, "val_loss": 0.9213154315948486, "val_acc": 0.6}
{"type": "epoch", "epoch": "73/100", "train_loss": 0.47656053916001934, "train_acc": 0.8102564102564103, "val_loss": 0.9213154315948486, "val_acc": 0.6}
{"type": "epoch", "epoch": 74, "total_epochs": 100, "train_loss": 0.5042764273973611, "train_acc": 0.8038461538461539, "val_loss": 0.7538785934448242, "val_acc": 0.6571428571428571}
{"type": "epoch", "epoch": "74/100", "train_loss": 0.5042764273973611, "train_acc": 0.8038461538461539, "val_loss": 0.7538785934448242, "val_acc": 0.6571428571428571}
{"type": "epoch", "epoch": 75, "total_epochs": 100, "train_loss": 0.47314667808703886, "train_acc": 0.8179487179487179, "val_loss": 0.9156379699707031, "val_acc": 0.6285714285714286}
{"type": "epoch", "epoch": "75/100", "train_loss": 0.47314667808703886, "train_acc": 0.8179487179487179, "val_loss": 0.9156379699707031, "val_acc": 0.6285714285714286}
{"type": "epoch", "epoch": 76, "total_epochs": 100, "train_loss": 0.4791471893970783, "train_acc": 0.8102564102564103, "val_loss": 1.0372897386550903, "val_acc": 0.6}
{"type": "epoch", "epoch": "76/100", "train_loss": 0.4791471893970783, "train_acc": 0.8102564102564103, "val_loss": 1.0372897386550903, "val_acc": 0.6}
{"type": "epoch", "epoch": 77, "total_epochs": 100, "train_loss": 0.4549881128164438, "train_acc": 0.823076923076923, "val_loss": 0.8808571696281433, "val_acc": 0.6571428571428571}
{"type": "epoch", "epoch": "77/100", "train_loss": 0.4549881128164438, "train_acc": 0.823076923076923, "val_loss": 0.8808571696281433, "val_acc": 0.6571428571428571}
{"type": "epoch", "epoch": 78, "total_epochs": 100, "train_loss": 0.46207841023420676, "train_acc": 0.823076923076923, "val_loss": 1.1244206428527832, "val_acc": 0.6}
{"type": "epoch", "epoch": "78/100", "train_loss": 0.46207841023420676, "train_acc": 0.823076923076923, "val_loss": 1.1244206428527832, "val_acc": 0.6}
{"type": "epoch", "epoch": 79, "total_epochs": 100, "train_loss": 0.45234678448774873, "train_acc": 0.8371794871794872, "val_loss": 0.9858719706535339, "val_acc": 0.6285714285714286}
{"type": "epoch", "epoch": "79/100", "train_loss": 0.45234678448774873, "train_acc": 0.8371794871794872, "val_loss": 0.9858719706535339, "val_acc": 0.6285714285714286}
{"type": "epoch", "epoch": 80, "total_epochs": 100, "train_loss": 0.4480700223873823, "train_acc": 0.8384615384615385, "val_loss": 0.8873618245124817, "val_acc": 0.6571428571428571}
{"type": "epoch", "epoch": "80/100", "train_loss": 0.4480700223873823, "train_acc": 0.8384615384615385, "val_loss": 0.8873618245124817, "val_acc": 0.6571428571428571}
{"type": "epoch", "epoch": 81, "total_epochs": 100, "train_loss": 0.4496220759856395, "train_acc": 0.8307692307692308, "val_loss": 0.8908050060272217, "val_acc": 0.6571428571428571}
{"type": "epoch", "epoch": "81/100", "train_loss": 0.4496220759856395, "train_acc": 0.8307692307692308, "val_loss": 0.8908050060272217, "val_acc": 0.6571428571428571}
{"type": "epoch", "epoch": 82, "total_epochs": 100, "train_loss": 0.44896725637790486, "train_acc": 0.8256410256410256, "val_loss": 1.088702917098999, "val_acc": 0.6}
{"type": "epoch", "epoch": "82/100", "train_loss": 0.44896725637790486, "train_acc": 0.8256410256410256, "val_loss": 1.088702917098999, "val_acc": 0.6}
{"type": "epoch", "epoch": 83, "total_epochs": 100, "train_loss": 0.45799516500570836, "train_acc": 0.8294871794871795, "val_loss": 1.2545558214187622, "val_acc": 0.5142857142857142}
{"type": "epoch", "epoch": "83/100", "train_loss": 0.45799516500570836, "train_acc": 0.8294871794871795, "val_loss": 1.2545558214187622, "val_acc": 0.5142857142857142}
{"type": "epoch", "epoch": 84, "total_epochs": 100, "train_loss": 0.4510401410934253, "train_acc": 0.8243589743589743, "val_loss": 0.9843981862068176, "val_acc": 0.6}
{"type": "epoch", "epoch": "84/100", "train_loss": 0.4510401410934253, "train_acc": 0.8243589743589743, "val_loss": 0.9843981862068176, "val_acc": 0.6}
{"type": "epoch", "epoch": 85, "total_epochs": 100, "train_loss": 0.45163277143087144, "train_acc": 0.8243589743589743, "val_loss": 0.9040873050689697, "val_acc": 0.6285714285714286}
{"type": "epoch", "epoch": "85/100", "train_loss": 0.45163277143087144, "train_acc": 0.8243589743589743, "val_loss": 0.9040873050689697, "val_acc": 0.6285714285714286}
{"type": "epoch", "epoch": 86, "total_epochs": 100, "train_loss": 0.44141351748735475, "train_acc": 0.8358974358974359, "val_loss": 0.7941080331802368, "val_acc": 0.6571428571428571}
{"type": "epoch", "epoch": "86/100", "train_loss": 0.44141351748735475, "train_acc": 0.8358974358974359, "val_loss": 0.7941080331802368, "val_acc": 0.6571428571428571}
{"type": "epoch", "epoch": 87, "total_epochs": 100, "train_loss": 0.4490295064754975, "train_acc": 0.8358974358974359, "val_loss": 0.7356129884719849, "val_acc": 0.7142857142857143}
{"type": "epoch", "epoch": "87/100", "train_loss": 0.4490295064754975, "train_acc": 0.8358974358974359, "val_loss": 0.7356129884719849, "val_acc": 0.7142857142857143}
{"type": "epoch", "epoch": 88, "total_epochs": 100, "train_loss": 0.4363010647969368, "train_acc": 0.8371794871794872, "val_loss": 0.9669905304908752, "val_acc": 0.6}
{"type": "epoch", "epoch": "88/100", "train_loss": 0.4363010647969368, "train_acc": 0.8371794871794872, "val_loss": 0.9669905304908752, "val_acc": 0.6}
{"type": "epoch", "epoch": 89, "total_epochs": 100, "train_loss": 0.43049665123988423, "train_acc": 0.841025641025641, "val_loss": 0.9132855534553528, "val_acc": 0.6285714285714286}
{"type": "epoch", "epoch": "89/100", "train_loss": 0.43049665123988423, "train_acc": 0.841025641025641, "val_loss": 0.9132855534553528, "val_acc": 0.6285714285714286}
{"type": "epoch", "epoch": 90, "total_epochs": 100, "train_loss": 0.4302697631028982, "train_acc": 0.8397435897435898, "val_loss": 0.9399595260620117, "val_acc": 0.6571428571428571}
{"type": "epoch", "epoch": "90/100", "train_loss": 0.4302697631028982, "train_acc": 0.8397435897435898, "val_loss": 0.9399595260620117, "val_acc": 0.6571428571428571}
{"type": "epoch", "epoch": 91, "total_epochs": 100, "train_loss": 0.43290735391470103, "train_acc": 0.8384615384615385, "val_loss": 0.8576282262802124, "val_acc": 0.6571428571428571}
{"type": "epoch", "epoch": "91/100", "train_loss": 0.43290735391470103, "train_acc": 0.8384615384615385, "val_loss": 0.8576282262802124, "val_acc": 0.6571428571428571}
{"type": "epoch", "epoch": 92, "total_epochs": 100, "train_loss": 0.43335398664841285, "train_acc": 0.8358974358974359, "val_loss": 0.7770655155181885, "val_acc": 0.7428571428571429}
{"type": "epoch", "epoch": "92/100", "train_loss": 0.43335398664841285, "train_acc": 0.8358974358974359, "val_loss": 0.7770655155181885, "val_acc": 0.7428571428571429}
{"type": "epoch", "epoch": 93, "total_epochs": 100, "train_loss": 0.43282971473840565, "train_acc": 0.8320512820512821, "val_loss": 0.8996431231498718, "val_acc": 0.6571428571428571}
{"type": "epoch", "epoch": "93/100", "train_loss": 0.43282971473840565, "train_acc": 0.8320512820512821, "val_loss": 0.8996431231498718, "val_acc": 0.6571428571428571}
{"type": "epoch", "epoch": 94, "total_epochs": 100, "train_loss": 0.429129360577999, "train_acc": 0.8397435897435898, "val_loss": 1.0385404825210571, "val_acc": 0.6}
{"type": "epoch", "epoch": "94/100", "train_loss": 0.429129360577999, "train_acc": 0.8397435897435898, "val_loss": 1.0385404825210571, "val_acc": 0.6}
{"type": "epoch", "epoch": 95, "total_epochs": 100, "train_loss": 0.44658314157754947, "train_acc": 0.8320512820512821, "val_loss": 1.266127347946167, "val_acc": 0.6}
{"type": "epoch", "epoch": "95/100", "train_loss": 0.44658314157754947, "train_acc": 0.8320512820512821, "val_loss": 1.266127347946167, "val_acc": 0.6}
{"type": "epoch", "epoch": 96, "total_epochs": 100, "train_loss": 0.425988499323527, "train_acc": 0.841025641025641, "val_loss": 1.0804156064987183, "val_acc": 0.6}
{"type": "epoch", "epoch": "96/100", "train_loss": 0.425988499323527, "train_acc": 0.841025641025641, "val_loss": 1.0804156064987183, "val_acc": 0.6}
{"type": "epoch", "epoch": 97, "total_epochs": 100, "train_loss": 0.42485415385319636, "train_acc": 0.8371794871794872, "val_loss": 0.8282098770141602, "val_acc": 0.6857142857142857}
{"type": "epoch", "epoch": "97/100", "train_loss": 0.42485415385319636, "train_acc": 0.8371794871794872, "val_loss": 0.8282098770141602, "val_acc": 0.6857142857142857}
{"type": "epoch", "epoch": 98, "total_epochs": 100, "train_loss": 0.4225324632265629, "train_acc": 0.8448717948717949, "val_loss": 0.804061233997345, "val_acc": 0.6857142857142857}
{"type": "epoch", "epoch": "98/100", "train_loss": 0.4225324632265629, "train_acc": 0.8448717948717949, "val_loss": 0.804061233997345, "val_acc": 0.6857142857142857}
{"type": "epoch", "epoch": 99, "total_epochs": 100, "train_loss": 0.42526959883861054, "train_acc": 0.8512820512820513, "val_loss": 1.111270785331726, "val_acc": 0.6}
{"type": "epoch", "epoch": "99/100", "train_loss": 0.42526959883861054, "train_acc": 0.8512820512820513, "val_loss": 1.111270785331726, "val_acc": 0.6}
EEGNet Val Preds: [2, 0, 1, 0, 0, 0, 0, 3, 0, 0, 0, 0, 4, 1, 2, 4, 2, 1, 0, 0, 0, 0, 3, 1, 0, 1, 4, 2, 0, 0, 2, 0, 1, 3, 0]
EEGNet Val Truth: [1, 0, 3, 4, 0, 0, 3, 3, 4, 3, 3, 0, 4, 1, 2, 4, 2, 1, 4, 0, 2, 0, 3, 4, 1, 1, 4, 2, 2, 0, 2, 1, 1, 3, 2]
{"type": "epoch", "epoch": 100, "total_epochs": 100, "train_loss": 0.43417819554989157, "train_acc": 0.8448717948717949, "val_loss": 1.189630389213562, "val_acc": 0.6}
{"type": "epoch", "epoch": "100/100", "train_loss": 0.43417819554989157, "train_acc": 0.8448717948717949, "val_loss": 1.189630389213562, "val_acc": 0.6}
{"type": "complete", "message": "Training completed successfully for EEGNet on master_physionet!", "final_val_acc": 0.5428571428571428, "latency_ms": 9.825944900512695}

======================================
Training Model: Shallow ConvNet on Dataset: NemarFingers
======================================
{"type": "info", "message": "Selecting top 16 channels based on variance..."}
{"type": "info", "message": "New X shape: (330, 16, 1281)"}
{"type": "info", "message": "No metadata found. Using temporal slice..."}
{"type": "info", "message": "Augmenting training data... Original shape: (260, 16, 1281)"}
{"type": "info", "message": "Augmented shape: (780, 16, 1281)"}
{"type": "progress", "message": "Training Shallow ConvNet..."}
{"type": "reset_chart"}
{"type": "epoch", "epoch": 1, "total_epochs": 100, "train_loss": 1.7423139058626615, "train_acc": 0.2, "val_loss": 1.619962215423584, "val_acc": 0.2}
{"type": "epoch", "epoch": "1/100", "train_loss": 1.7423139058626615, "train_acc": 0.2, "val_loss": 1.619962215423584, "val_acc": 0.2}
{"type": "epoch", "epoch": 2, "total_epochs": 100, "train_loss": 1.615003833403954, "train_acc": 0.21025641025641026, "val_loss": 1.6040371656417847, "val_acc": 0.2857142857142857}
{"type": "epoch", "epoch": "2/100", "train_loss": 1.615003833403954, "train_acc": 0.21025641025641026, "val_loss": 1.6040371656417847, "val_acc": 0.2857142857142857}
{"type": "epoch", "epoch": 3, "total_epochs": 100, "train_loss": 1.6065903425216674, "train_acc": 0.24487179487179486, "val_loss": 1.6026268005371094, "val_acc": 0.2}
{"type": "epoch", "epoch": "3/100", "train_loss": 1.6065903425216674, "train_acc": 0.24487179487179486, "val_loss": 1.6026268005371094, "val_acc": 0.2}
{"type": "epoch", "epoch": 4, "total_epochs": 100, "train_loss": 1.584200141980098, "train_acc": 0.24358974358974358, "val_loss": 1.6030125617980957, "val_acc": 0.2}
{"type": "epoch", "epoch": "4/100", "train_loss": 1.584200141980098, "train_acc": 0.24358974358974358, "val_loss": 1.6030125617980957, "val_acc": 0.2}
{"type": "epoch", "epoch": 5, "total_epochs": 100, "train_loss": 1.585979000116006, "train_acc": 0.22692307692307692, "val_loss": 1.5826488733291626, "val_acc": 0.22857142857142856}
{"type": "epoch", "epoch": "5/100", "train_loss": 1.585979000116006, "train_acc": 0.22692307692307692, "val_loss": 1.5826488733291626, "val_acc": 0.22857142857142856}
{"type": "epoch", "epoch": 6, "total_epochs": 100, "train_loss": 1.5780543425144293, "train_acc": 0.2358974358974359, "val_loss": 1.591931939125061, "val_acc": 0.2571428571428571}
{"type": "epoch", "epoch": "6/100", "train_loss": 1.5780543425144293, "train_acc": 0.2358974358974359, "val_loss": 1.591931939125061, "val_acc": 0.2571428571428571}
{"type": "epoch", "epoch": 7, "total_epochs": 100, "train_loss": 1.5710777912384424, "train_acc": 0.258974358974359, "val_loss": 1.5871936082839966, "val_acc": 0.2}
{"type": "epoch", "epoch": "7/100", "train_loss": 1.5710777912384424, "train_acc": 0.258974358974359, "val_loss": 1.5871936082839966, "val_acc": 0.2}
{"type": "epoch", "epoch": 8, "total_epochs": 100, "train_loss": 1.580646030108134, "train_acc": 0.23333333333333334, "val_loss": 1.5814927816390991, "val_acc": 0.2571428571428571}
{"type": "epoch", "epoch": "8/100", "train_loss": 1.580646030108134, "train_acc": 0.23333333333333334, "val_loss": 1.5814927816390991, "val_acc": 0.2571428571428571}
{"type": "epoch", "epoch": 9, "total_epochs": 100, "train_loss": 1.5801619089566745, "train_acc": 0.23205128205128206, "val_loss": 1.573333978652954, "val_acc": 0.22857142857142856}
{"type": "epoch", "epoch": "9/100", "train_loss": 1.5801619089566745, "train_acc": 0.23205128205128206, "val_loss": 1.573333978652954, "val_acc": 0.22857142857142856}
{"type": "epoch", "epoch": 10, "total_epochs": 100, "train_loss": 1.561177122898591, "train_acc": 0.2948717948717949, "val_loss": 1.5739266872406006, "val_acc": 0.22857142857142856}
{"type": "epoch", "epoch": "10/100", "train_loss": 1.561177122898591, "train_acc": 0.2948717948717949, "val_loss": 1.5739266872406006, "val_acc": 0.22857142857142856}
{"type": "epoch", "epoch": 11, "total_epochs": 100, "train_loss": 1.5655402678709764, "train_acc": 0.2551282051282051, "val_loss": 1.5833587646484375, "val_acc": 0.22857142857142856}
{"type": "epoch", "epoch": "11/100", "train_loss": 1.5655402678709764, "train_acc": 0.2551282051282051, "val_loss": 1.5833587646484375, "val_acc": 0.22857142857142856}
{"type": "epoch", "epoch": 12, "total_epochs": 100, "train_loss": 1.560828991425343, "train_acc": 0.3038461538461538, "val_loss": 1.5567256212234497, "val_acc": 0.22857142857142856}
{"type": "epoch", "epoch": "12/100", "train_loss": 1.560828991425343, "train_acc": 0.3038461538461538, "val_loss": 1.5567256212234497, "val_acc": 0.22857142857142856}
{"type": "epoch", "epoch": 13, "total_epochs": 100, "train_loss": 1.5474939321860288, "train_acc": 0.308974358974359, "val_loss": 1.5831376314163208, "val_acc": 0.2857142857142857}
{"type": "epoch", "epoch": "13/100", "train_loss": 1.5474939321860288, "train_acc": 0.308974358974359, "val_loss": 1.5831376314163208, "val_acc": 0.2857142857142857}
{"type": "epoch", "epoch": 14, "total_epochs": 100, "train_loss": 1.5696170953603892, "train_acc": 0.28717948717948716, "val_loss": 1.5886344909667969, "val_acc": 0.22857142857142856}
{"type": "epoch", "epoch": "14/100", "train_loss": 1.5696170953603892, "train_acc": 0.28717948717948716, "val_loss": 1.5886344909667969, "val_acc": 0.22857142857142856}
{"type": "epoch", "epoch": 15, "total_epochs": 100, "train_loss": 1.565268706664061, "train_acc": 0.28076923076923077, "val_loss": 1.5805890560150146, "val_acc": 0.2857142857142857}
{"type": "epoch", "epoch": "15/100", "train_loss": 1.565268706664061, "train_acc": 0.28076923076923077, "val_loss": 1.5805890560150146, "val_acc": 0.2857142857142857}
{"type": "epoch", "epoch": 16, "total_epochs": 100, "train_loss": 1.5546509644924067, "train_acc": 0.2692307692307692, "val_loss": 1.5584583282470703, "val_acc": 0.22857142857142856}
{"type": "epoch", "epoch": "16/100", "train_loss": 1.5546509644924067, "train_acc": 0.2692307692307692, "val_loss": 1.5584583282470703, "val_acc": 0.22857142857142856}
{"type": "epoch", "epoch": 17, "total_epochs": 100, "train_loss": 1.54428758254418, "train_acc": 0.24358974358974358, "val_loss": 1.5536531209945679, "val_acc": 0.3142857142857143}
{"type": "epoch", "epoch": "17/100", "train_loss": 1.54428758254418, "train_acc": 0.24358974358974358, "val_loss": 1.5536531209945679, "val_acc": 0.3142857142857143}
{"type": "epoch", "epoch": 18, "total_epochs": 100, "train_loss": 1.5366190616901105, "train_acc": 0.31794871794871793, "val_loss": 1.5692471265792847, "val_acc": 0.2857142857142857}
{"type": "epoch", "epoch": "18/100", "train_loss": 1.5366190616901105, "train_acc": 0.31794871794871793, "val_loss": 1.5692471265792847, "val_acc": 0.2857142857142857}
{"type": "epoch", "epoch": 19, "total_epochs": 100, "train_loss": 1.5497883338194627, "train_acc": 0.3, "val_loss": 1.6007542610168457, "val_acc": 0.2571428571428571}
{"type": "epoch", "epoch": "19/100", "train_loss": 1.5497883338194627, "train_acc": 0.3, "val_loss": 1.6007542610168457, "val_acc": 0.2571428571428571}
{"type": "epoch", "epoch": 20, "total_epochs": 100, "train_loss": 1.5397826133630215, "train_acc": 0.2846153846153846, "val_loss": 1.5806611776351929, "val_acc": 0.2571428571428571}
{"type": "epoch", "epoch": "20/100", "train_loss": 1.5397826133630215, "train_acc": 0.2846153846153846, "val_loss": 1.5806611776351929, "val_acc": 0.2571428571428571}
{"type": "epoch", "epoch": 21, "total_epochs": 100, "train_loss": 1.5202982340103541, "train_acc": 0.3371794871794872, "val_loss": 1.5487877130508423, "val_acc": 0.3142857142857143}
{"type": "epoch", "epoch": "21/100", "train_loss": 1.5202982340103541, "train_acc": 0.3371794871794872, "val_loss": 1.5487877130508423, "val_acc": 0.3142857142857143}
{"type": "epoch", "epoch": 22, "total_epochs": 100, "train_loss": 1.5010125154103988, "train_acc": 0.35384615384615387, "val_loss": 1.528038740158081, "val_acc": 0.2857142857142857}
{"type": "epoch", "epoch": "22/100", "train_loss": 1.5010125154103988, "train_acc": 0.35384615384615387, "val_loss": 1.528038740158081, "val_acc": 0.2857142857142857}
{"type": "epoch", "epoch": 23, "total_epochs": 100, "train_loss": 1.5261112347627297, "train_acc": 0.31025641025641026, "val_loss": 1.5489060878753662, "val_acc": 0.2571428571428571}
{"type": "epoch", "epoch": "23/100", "train_loss": 1.5261112347627297, "train_acc": 0.31025641025641026, "val_loss": 1.5489060878753662, "val_acc": 0.2571428571428571}
{"type": "epoch", "epoch": 24, "total_epochs": 100, "train_loss": 1.5159419023073637, "train_acc": 0.3294871794871795, "val_loss": 1.5620687007904053, "val_acc": 0.2571428571428571}
{"type": "epoch", "epoch": "24/100", "train_loss": 1.5159419023073637, "train_acc": 0.3294871794871795, "val_loss": 1.5620687007904053, "val_acc": 0.2571428571428571}
{"type": "epoch", "epoch": 25, "total_epochs": 100, "train_loss": 1.5167058535111255, "train_acc": 0.3141025641025641, "val_loss": 1.5900994539260864, "val_acc": 0.22857142857142856}
{"type": "epoch", "epoch": "25/100", "train_loss": 1.5167058535111255, "train_acc": 0.3141025641025641, "val_loss": 1.5900994539260864, "val_acc": 0.22857142857142856}
{"type": "epoch", "epoch": 26, "total_epochs": 100, "train_loss": 1.5317392813853727, "train_acc": 0.30641025641025643, "val_loss": 1.5645138025283813, "val_acc": 0.2571428571428571}
{"type": "epoch", "epoch": "26/100", "train_loss": 1.5317392813853727, "train_acc": 0.30641025641025643, "val_loss": 1.5645138025283813, "val_acc": 0.2571428571428571}
{"type": "epoch", "epoch": 27, "total_epochs": 100, "train_loss": 1.501383379789499, "train_acc": 0.3217948717948718, "val_loss": 1.5498454570770264, "val_acc": 0.2857142857142857}
{"type": "epoch", "epoch": "27/100", "train_loss": 1.501383379789499, "train_acc": 0.3217948717948718, "val_loss": 1.5498454570770264, "val_acc": 0.2857142857142857}
{"type": "epoch", "epoch": 28, "total_epochs": 100, "train_loss": 1.483746235187237, "train_acc": 0.3371794871794872, "val_loss": 1.5369079113006592, "val_acc": 0.2857142857142857}
{"type": "epoch", "epoch": "28/100", "train_loss": 1.483746235187237, "train_acc": 0.3371794871794872, "val_loss": 1.5369079113006592, "val_acc": 0.2857142857142857}
{"type": "epoch", "epoch": 29, "total_epochs": 100, "train_loss": 1.466622720620571, "train_acc": 0.36025641025641025, "val_loss": 1.532206654548645, "val_acc": 0.3142857142857143}
{"type": "epoch", "epoch": "29/100", "train_loss": 1.466622720620571, "train_acc": 0.36025641025641025, "val_loss": 1.532206654548645, "val_acc": 0.3142857142857143}
{"type": "epoch", "epoch": 30, "total_epochs": 100, "train_loss": 1.5222562068547958, "train_acc": 0.31025641025641026, "val_loss": 1.5559780597686768, "val_acc": 0.22857142857142856}
{"type": "epoch", "epoch": "30/100", "train_loss": 1.5222562068547958, "train_acc": 0.31025641025641026, "val_loss": 1.5559780597686768, "val_acc": 0.22857142857142856}
{"type": "epoch", "epoch": 31, "total_epochs": 100, "train_loss": 1.4665069029881403, "train_acc": 0.37051282051282053, "val_loss": 1.5187830924987793, "val_acc": 0.3142857142857143}
{"type": "epoch", "epoch": "31/100", "train_loss": 1.4665069029881403, "train_acc": 0.37051282051282053, "val_loss": 1.5187830924987793, "val_acc": 0.3142857142857143}
{"type": "epoch", "epoch": 32, "total_epochs": 100, "train_loss": 1.463172818452884, "train_acc": 0.3730769230769231, "val_loss": 1.5726046562194824, "val_acc": 0.34285714285714286}
{"type": "epoch", "epoch": "32/100", "train_loss": 1.463172818452884, "train_acc": 0.3730769230769231, "val_loss": 1.5726046562194824, "val_acc": 0.34285714285714286}
{"type": "epoch", "epoch": 33, "total_epochs": 100, "train_loss": 1.4709533899258345, "train_acc": 0.34615384615384615, "val_loss": 1.5700360536575317, "val_acc": 0.22857142857142856}
{"type": "epoch", "epoch": "33/100", "train_loss": 1.4709533899258345, "train_acc": 0.34615384615384615, "val_loss": 1.5700360536575317, "val_acc": 0.22857142857142856}
{"type": "epoch", "epoch": 34, "total_epochs": 100, "train_loss": 1.452129024725694, "train_acc": 0.36153846153846153, "val_loss": 1.5893555879592896, "val_acc": 0.2}
{"type": "epoch", "epoch": "34/100", "train_loss": 1.452129024725694, "train_acc": 0.36153846153846153, "val_loss": 1.5893555879592896, "val_acc": 0.2}
{"type": "epoch", "epoch": 35, "total_epochs": 100, "train_loss": 1.4565699155514056, "train_acc": 0.3564102564102564, "val_loss": 1.5778201818466187, "val_acc": 0.22857142857142856}
{"type": "epoch", "epoch": "35/100", "train_loss": 1.4565699155514056, "train_acc": 0.3564102564102564, "val_loss": 1.5778201818466187, "val_acc": 0.22857142857142856}
{"type": "epoch", "epoch": 36, "total_epochs": 100, "train_loss": 1.4161685644051967, "train_acc": 0.4064102564102564, "val_loss": 1.5271483659744263, "val_acc": 0.2571428571428571}
{"type": "epoch", "epoch": "36/100", "train_loss": 1.4161685644051967, "train_acc": 0.4064102564102564, "val_loss": 1.5271483659744263, "val_acc": 0.2571428571428571}
{"type": "epoch", "epoch": 37, "total_epochs": 100, "train_loss": 1.4576800138522417, "train_acc": 0.33974358974358976, "val_loss": 1.5404971837997437, "val_acc": 0.2}
{"type": "epoch", "epoch": "37/100", "train_loss": 1.4576800138522417, "train_acc": 0.33974358974358976, "val_loss": 1.5404971837997437, "val_acc": 0.2}
{"type": "epoch", "epoch": 38, "total_epochs": 100, "train_loss": 1.42112530317062, "train_acc": 0.40384615384615385, "val_loss": 1.5414741039276123, "val_acc": 0.2571428571428571}
{"type": "epoch", "epoch": "38/100", "train_loss": 1.42112530317062, "train_acc": 0.40384615384615385, "val_loss": 1.5414741039276123, "val_acc": 0.2571428571428571}
{"type": "epoch", "epoch": 39, "total_epochs": 100, "train_loss": 1.3968930195539426, "train_acc": 0.38974358974358975, "val_loss": 1.5549566745758057, "val_acc": 0.3142857142857143}
{"type": "epoch", "epoch": "39/100", "train_loss": 1.3968930195539426, "train_acc": 0.38974358974358975, "val_loss": 1.5549566745758057, "val_acc": 0.3142857142857143}
{"type": "epoch", "epoch": 40, "total_epochs": 100, "train_loss": 1.3828583332208486, "train_acc": 0.45, "val_loss": 1.5290210247039795, "val_acc": 0.22857142857142856}
{"type": "epoch", "epoch": "40/100", "train_loss": 1.3828583332208486, "train_acc": 0.45, "val_loss": 1.5290210247039795, "val_acc": 0.22857142857142856}
{"type": "epoch", "epoch": 41, "total_epochs": 100, "train_loss": 1.4169657890613263, "train_acc": 0.38333333333333336, "val_loss": 1.5293810367584229, "val_acc": 0.22857142857142856}
{"type": "epoch", "epoch": "41/100", "train_loss": 1.4169657890613263, "train_acc": 0.38333333333333336, "val_loss": 1.5293810367584229, "val_acc": 0.22857142857142856}
{"type": "epoch", "epoch": 42, "total_epochs": 100, "train_loss": 1.4214226196973752, "train_acc": 0.37051282051282053, "val_loss": 1.5269346237182617, "val_acc": 0.2571428571428571}
{"type": "epoch", "epoch": "42/100", "train_loss": 1.4214226196973752, "train_acc": 0.37051282051282053, "val_loss": 1.5269346237182617, "val_acc": 0.2571428571428571}
{"type": "epoch", "epoch": 43, "total_epochs": 100, "train_loss": 1.4021630849593725, "train_acc": 0.4256410256410256, "val_loss": 1.5660631656646729, "val_acc": 0.3142857142857143}
{"type": "epoch", "epoch": "43/100", "train_loss": 1.4021630849593725, "train_acc": 0.4256410256410256, "val_loss": 1.5660631656646729, "val_acc": 0.3142857142857143}
{"type": "epoch", "epoch": 44, "total_epochs": 100, "train_loss": 1.4026487992360042, "train_acc": 0.3923076923076923, "val_loss": 1.518852710723877, "val_acc": 0.3142857142857143}
{"type": "epoch", "epoch": "44/100", "train_loss": 1.4026487992360042, "train_acc": 0.3923076923076923, "val_loss": 1.518852710723877, "val_acc": 0.3142857142857143}
{"type": "epoch", "epoch": 45, "total_epochs": 100, "train_loss": 1.43425537500626, "train_acc": 0.3858974358974359, "val_loss": 1.5093332529067993, "val_acc": 0.2857142857142857}
{"type": "epoch", "epoch": "45/100", "train_loss": 1.43425537500626, "train_acc": 0.3858974358974359, "val_loss": 1.5093332529067993, "val_acc": 0.2857142857142857}
{"type": "epoch", "epoch": 46, "total_epochs": 100, "train_loss": 1.3844898651807735, "train_acc": 0.4282051282051282, "val_loss": 1.4905030727386475, "val_acc": 0.2857142857142857}
{"type": "epoch", "epoch": "46/100", "train_loss": 1.3844898651807735, "train_acc": 0.4282051282051282, "val_loss": 1.4905030727386475, "val_acc": 0.2857142857142857}
{"type": "epoch", "epoch": 47, "total_epochs": 100, "train_loss": 1.3685873771325137, "train_acc": 0.45, "val_loss": 1.5309500694274902, "val_acc": 0.2857142857142857}
{"type": "epoch", "epoch": "47/100", "train_loss": 1.3685873771325137, "train_acc": 0.45, "val_loss": 1.5309500694274902, "val_acc": 0.2857142857142857}
{"type": "epoch", "epoch": 48, "total_epochs": 100, "train_loss": 1.389685367926573, "train_acc": 0.40897435897435896, "val_loss": 1.4287042617797852, "val_acc": 0.3142857142857143}
{"type": "epoch", "epoch": "48/100", "train_loss": 1.389685367926573, "train_acc": 0.40897435897435896, "val_loss": 1.4287042617797852, "val_acc": 0.3142857142857143}
{"type": "epoch", "epoch": 49, "total_epochs": 100, "train_loss": 1.3833250797711887, "train_acc": 0.43205128205128207, "val_loss": 1.4434715509414673, "val_acc": 0.2571428571428571}
{"type": "epoch", "epoch": "49/100", "train_loss": 1.3833250797711887, "train_acc": 0.43205128205128207, "val_loss": 1.4434715509414673, "val_acc": 0.2571428571428571}
{"type": "epoch", "epoch": 50, "total_epochs": 100, "train_loss": 1.3428015672243558, "train_acc": 0.4423076923076923, "val_loss": 1.5119465589523315, "val_acc": 0.4}
{"type": "epoch", "epoch": "50/100", "train_loss": 1.3428015672243558, "train_acc": 0.4423076923076923, "val_loss": 1.5119465589523315, "val_acc": 0.4}
{"type": "epoch", "epoch": 51, "total_epochs": 100, "train_loss": 1.3704785487590692, "train_acc": 0.43205128205128207, "val_loss": 1.455952763557434, "val_acc": 0.2857142857142857}
{"type": "epoch", "epoch": "51/100", "train_loss": 1.3704785487590692, "train_acc": 0.43205128205128207, "val_loss": 1.455952763557434, "val_acc": 0.2857142857142857}
{"type": "epoch", "epoch": 52, "total_epochs": 100, "train_loss": 1.352544234960507, "train_acc": 0.43333333333333335, "val_loss": 1.4500317573547363, "val_acc": 0.3142857142857143}
{"type": "epoch", "epoch": "52/100", "train_loss": 1.352544234960507, "train_acc": 0.43333333333333335, "val_loss": 1.4500317573547363, "val_acc": 0.3142857142857143}
{"type": "epoch", "epoch": 53, "total_epochs": 100, "train_loss": 1.3321869171582736, "train_acc": 0.46153846153846156, "val_loss": 1.4700831174850464, "val_acc": 0.34285714285714286}
{"type": "epoch", "epoch": "53/100", "train_loss": 1.3321869171582736, "train_acc": 0.46153846153846156, "val_loss": 1.4700831174850464, "val_acc": 0.34285714285714286}
{"type": "epoch", "epoch": 54, "total_epochs": 100, "train_loss": 1.3377914844415126, "train_acc": 0.4371794871794872, "val_loss": 1.438942790031433, "val_acc": 0.34285714285714286}
{"type": "epoch", "epoch": "54/100", "train_loss": 1.3377914844415126, "train_acc": 0.4371794871794872, "val_loss": 1.438942790031433, "val_acc": 0.34285714285714286}
{"type": "epoch", "epoch": 55, "total_epochs": 100, "train_loss": 1.3078431312854473, "train_acc": 0.4782051282051282, "val_loss": 1.482311725616455, "val_acc": 0.3142857142857143}
{"type": "epoch", "epoch": "55/100", "train_loss": 1.3078431312854473, "train_acc": 0.4782051282051282, "val_loss": 1.482311725616455, "val_acc": 0.3142857142857143}
{"type": "epoch", "epoch": 56, "total_epochs": 100, "train_loss": 1.285118007659912, "train_acc": 0.49743589743589745, "val_loss": 1.4695930480957031, "val_acc": 0.3142857142857143}
{"type": "epoch", "epoch": "56/100", "train_loss": 1.285118007659912, "train_acc": 0.49743589743589745, "val_loss": 1.4695930480957031, "val_acc": 0.3142857142857143}
{"type": "epoch", "epoch": 57, "total_epochs": 100, "train_loss": 1.3100857380108955, "train_acc": 0.48846153846153845, "val_loss": 1.5093551874160767, "val_acc": 0.22857142857142856}
{"type": "epoch", "epoch": "57/100", "train_loss": 1.3100857380108955, "train_acc": 0.48846153846153845, "val_loss": 1.5093551874160767, "val_acc": 0.22857142857142856}
{"type": "epoch", "epoch": 58, "total_epochs": 100, "train_loss": 1.2725198953579633, "train_acc": 0.4756410256410256, "val_loss": 1.4388256072998047, "val_acc": 0.3142857142857143}
{"type": "epoch", "epoch": "58/100", "train_loss": 1.2725198953579633, "train_acc": 0.4756410256410256, "val_loss": 1.4388256072998047, "val_acc": 0.3142857142857143}
{"type": "epoch", "epoch": 59, "total_epochs": 100, "train_loss": 1.239228274883368, "train_acc": 0.5166666666666667, "val_loss": 1.507007122039795, "val_acc": 0.37142857142857144}
{"type": "epoch", "epoch": "59/100", "train_loss": 1.239228274883368, "train_acc": 0.5166666666666667, "val_loss": 1.507007122039795, "val_acc": 0.37142857142857144}
{"type": "epoch", "epoch": 60, "total_epochs": 100, "train_loss": 1.2944177829302275, "train_acc": 0.4858974358974359, "val_loss": 1.4193590879440308, "val_acc": 0.3142857142857143}
{"type": "epoch", "epoch": "60/100", "train_loss": 1.2944177829302275, "train_acc": 0.4858974358974359, "val_loss": 1.4193590879440308, "val_acc": 0.3142857142857143}
{"type": "epoch", "epoch": 61, "total_epochs": 100, "train_loss": 1.3437648602021046, "train_acc": 0.45, "val_loss": 1.4226053953170776, "val_acc": 0.3142857142857143}
{"type": "epoch", "epoch": "61/100", "train_loss": 1.3437648602021046, "train_acc": 0.45, "val_loss": 1.4226053953170776, "val_acc": 0.3142857142857143}
{"type": "epoch", "epoch": 62, "total_epochs": 100, "train_loss": 1.226830713565533, "train_acc": 0.5384615384615384, "val_loss": 1.4788923263549805, "val_acc": 0.22857142857142856}
{"type": "epoch", "epoch": "62/100", "train_loss": 1.226830713565533, "train_acc": 0.5384615384615384, "val_loss": 1.4788923263549805, "val_acc": 0.22857142857142856}
{"type": "epoch", "epoch": 63, "total_epochs": 100, "train_loss": 1.2266297242580315, "train_acc": 0.5397435897435897, "val_loss": 1.4554376602172852, "val_acc": 0.3142857142857143}
{"type": "epoch", "epoch": "63/100", "train_loss": 1.2266297242580315, "train_acc": 0.5397435897435897, "val_loss": 1.4554376602172852, "val_acc": 0.3142857142857143}
{"type": "epoch", "epoch": 64, "total_epochs": 100, "train_loss": 1.2426658758750329, "train_acc": 0.5166666666666667, "val_loss": 1.41651451587677, "val_acc": 0.37142857142857144}
{"type": "epoch", "epoch": "64/100", "train_loss": 1.2426658758750329, "train_acc": 0.5166666666666667, "val_loss": 1.41651451587677, "val_acc": 0.37142857142857144}
{"type": "epoch", "epoch": 65, "total_epochs": 100, "train_loss": 1.2322719855186266, "train_acc": 0.5358974358974359, "val_loss": 1.4269880056381226, "val_acc": 0.4}
{"type": "epoch", "epoch": "65/100", "train_loss": 1.2322719855186266, "train_acc": 0.5358974358974359, "val_loss": 1.4269880056381226, "val_acc": 0.4}
{"type": "epoch", "epoch": 66, "total_epochs": 100, "train_loss": 1.2746496530679556, "train_acc": 0.5115384615384615, "val_loss": 1.4097634553909302, "val_acc": 0.2857142857142857}
{"type": "epoch", "epoch": "66/100", "train_loss": 1.2746496530679556, "train_acc": 0.5115384615384615, "val_loss": 1.4097634553909302, "val_acc": 0.2857142857142857}
{"type": "epoch", "epoch": 67, "total_epochs": 100, "train_loss": 1.2843724929369413, "train_acc": 0.47307692307692306, "val_loss": 1.4091482162475586, "val_acc": 0.4}
{"type": "epoch", "epoch": "67/100", "train_loss": 1.2843724929369413, "train_acc": 0.47307692307692306, "val_loss": 1.4091482162475586, "val_acc": 0.4}
{"type": "epoch", "epoch": 68, "total_epochs": 100, "train_loss": 1.2426574034568592, "train_acc": 0.5192307692307693, "val_loss": 1.3967126607894897, "val_acc": 0.3142857142857143}
{"type": "epoch", "epoch": "68/100", "train_loss": 1.2426574034568592, "train_acc": 0.5192307692307693, "val_loss": 1.3967126607894897, "val_acc": 0.3142857142857143}
{"type": "epoch", "epoch": 69, "total_epochs": 100, "train_loss": 1.2453530702835474, "train_acc": 0.5153846153846153, "val_loss": 1.3702583312988281, "val_acc": 0.2857142857142857}
{"type": "epoch", "epoch": "69/100", "train_loss": 1.2453530702835474, "train_acc": 0.5153846153846153, "val_loss": 1.3702583312988281, "val_acc": 0.2857142857142857}
{"type": "epoch", "epoch": 70, "total_epochs": 100, "train_loss": 1.2103787220441378, "train_acc": 0.558974358974359, "val_loss": 1.3911380767822266, "val_acc": 0.2857142857142857}
{"type": "epoch", "epoch": "70/100", "train_loss": 1.2103787220441378, "train_acc": 0.558974358974359, "val_loss": 1.3911380767822266, "val_acc": 0.2857142857142857}
{"type": "epoch", "epoch": 71, "total_epochs": 100, "train_loss": 1.1948549075004382, "train_acc": 0.5576923076923077, "val_loss": 1.364672064781189, "val_acc": 0.42857142857142855}
{"type": "epoch", "epoch": "71/100", "train_loss": 1.1948549075004382, "train_acc": 0.5576923076923077, "val_loss": 1.364672064781189, "val_acc": 0.42857142857142855}
{"type": "epoch", "epoch": 72, "total_epochs": 100, "train_loss": 1.2204959838818281, "train_acc": 0.5576923076923077, "val_loss": 1.3995906114578247, "val_acc": 0.37142857142857144}
{"type": "epoch", "epoch": "72/100", "train_loss": 1.2204959838818281, "train_acc": 0.5576923076923077, "val_loss": 1.3995906114578247, "val_acc": 0.37142857142857144}
{"type": "epoch", "epoch": 73, "total_epochs": 100, "train_loss": 1.1922753982054881, "train_acc": 0.5564102564102564, "val_loss": 1.4346550703048706, "val_acc": 0.3142857142857143}
{"type": "epoch", "epoch": "73/100", "train_loss": 1.1922753982054881, "train_acc": 0.5564102564102564, "val_loss": 1.4346550703048706, "val_acc": 0.3142857142857143}
{"type": "epoch", "epoch": 74, "total_epochs": 100, "train_loss": 1.207654254253094, "train_acc": 0.5564102564102564, "val_loss": 1.3941417932510376, "val_acc": 0.37142857142857144}
{"type": "epoch", "epoch": "74/100", "train_loss": 1.207654254253094, "train_acc": 0.5564102564102564, "val_loss": 1.3941417932510376, "val_acc": 0.37142857142857144}
{"type": "epoch", "epoch": 75, "total_epochs": 100, "train_loss": 1.273701489277375, "train_acc": 0.5102564102564102, "val_loss": 1.4066650867462158, "val_acc": 0.3142857142857143}
{"type": "epoch", "epoch": "75/100", "train_loss": 1.273701489277375, "train_acc": 0.5102564102564102, "val_loss": 1.4066650867462158, "val_acc": 0.3142857142857143}
{"type": "epoch", "epoch": 76, "total_epochs": 100, "train_loss": 1.1929694890975953, "train_acc": 0.5705128205128205, "val_loss": 1.4300100803375244, "val_acc": 0.4}
{"type": "epoch", "epoch": "76/100", "train_loss": 1.1929694890975953, "train_acc": 0.5705128205128205, "val_loss": 1.4300100803375244, "val_acc": 0.4}
{"type": "epoch", "epoch": 77, "total_epochs": 100, "train_loss": 1.2057688285142947, "train_acc": 0.5358974358974359, "val_loss": 1.38654363155365, "val_acc": 0.4}
{"type": "epoch", "epoch": "77/100", "train_loss": 1.2057688285142947, "train_acc": 0.5358974358974359, "val_loss": 1.38654363155365, "val_acc": 0.4}
{"type": "epoch", "epoch": 78, "total_epochs": 100, "train_loss": 1.1640956212312747, "train_acc": 0.5884615384615385, "val_loss": 1.3733659982681274, "val_acc": 0.4}
{"type": "epoch", "epoch": "78/100", "train_loss": 1.1640956212312747, "train_acc": 0.5884615384615385, "val_loss": 1.3733659982681274, "val_acc": 0.4}
{"type": "epoch", "epoch": 79, "total_epochs": 100, "train_loss": 1.2173728710565812, "train_acc": 0.5653846153846154, "val_loss": 1.3715523481369019, "val_acc": 0.37142857142857144}
{"type": "epoch", "epoch": "79/100", "train_loss": 1.2173728710565812, "train_acc": 0.5653846153846154, "val_loss": 1.3715523481369019, "val_acc": 0.37142857142857144}
{"type": "epoch", "epoch": 80, "total_epochs": 100, "train_loss": 1.1318848805549817, "train_acc": 0.6064102564102564, "val_loss": 1.3600716590881348, "val_acc": 0.37142857142857144}
{"type": "epoch", "epoch": "80/100", "train_loss": 1.1318848805549817, "train_acc": 0.6064102564102564, "val_loss": 1.3600716590881348, "val_acc": 0.37142857142857144}
{"type": "epoch", "epoch": 81, "total_epochs": 100, "train_loss": 1.1970711420743894, "train_acc": 0.5474358974358975, "val_loss": 1.3836123943328857, "val_acc": 0.3142857142857143}
{"type": "epoch", "epoch": "81/100", "train_loss": 1.1970711420743894, "train_acc": 0.5474358974358975, "val_loss": 1.3836123943328857, "val_acc": 0.3142857142857143}
{"type": "epoch", "epoch": 82, "total_epochs": 100, "train_loss": 1.1540433064485207, "train_acc": 0.6089743589743589, "val_loss": 1.374951958656311, "val_acc": 0.34285714285714286}
{"type": "epoch", "epoch": "82/100", "train_loss": 1.1540433064485207, "train_acc": 0.6089743589743589, "val_loss": 1.374951958656311, "val_acc": 0.34285714285714286}
{"type": "epoch", "epoch": 83, "total_epochs": 100, "train_loss": 1.2164420635272295, "train_acc": 0.5538461538461539, "val_loss": 1.3688437938690186, "val_acc": 0.4}
{"type": "epoch", "epoch": "83/100", "train_loss": 1.2164420635272295, "train_acc": 0.5538461538461539, "val_loss": 1.3688437938690186, "val_acc": 0.4}
{"type": "epoch", "epoch": 84, "total_epochs": 100, "train_loss": 1.1836987605461708, "train_acc": 0.541025641025641, "val_loss": 1.3591548204421997, "val_acc": 0.37142857142857144}
{"type": "epoch", "epoch": "84/100", "train_loss": 1.1836987605461708, "train_acc": 0.541025641025641, "val_loss": 1.3591548204421997, "val_acc": 0.37142857142857144}
{"type": "epoch", "epoch": 85, "total_epochs": 100, "train_loss": 1.1821458675922492, "train_acc": 0.5846153846153846, "val_loss": 1.3614758253097534, "val_acc": 0.3142857142857143}
{"type": "epoch", "epoch": "85/100", "train_loss": 1.1821458675922492, "train_acc": 0.5846153846153846, "val_loss": 1.3614758253097534, "val_acc": 0.3142857142857143}
{"type": "epoch", "epoch": 86, "total_epochs": 100, "train_loss": 1.1567650195879815, "train_acc": 0.5884615384615385, "val_loss": 1.3648608922958374, "val_acc": 0.34285714285714286}
{"type": "epoch", "epoch": "86/100", "train_loss": 1.1567650195879815, "train_acc": 0.5884615384615385, "val_loss": 1.3648608922958374, "val_acc": 0.34285714285714286}
{"type": "epoch", "epoch": 87, "total_epochs": 100, "train_loss": 1.1882942780470236, "train_acc": 0.5628205128205128, "val_loss": 1.3797340393066406, "val_acc": 0.34285714285714286}
{"type": "epoch", "epoch": "87/100", "train_loss": 1.1882942780470236, "train_acc": 0.5628205128205128, "val_loss": 1.3797340393066406, "val_acc": 0.34285714285714286}
{"type": "epoch", "epoch": 88, "total_epochs": 100, "train_loss": 1.1553402277139517, "train_acc": 0.5923076923076923, "val_loss": 1.380189299583435, "val_acc": 0.2857142857142857}
{"type": "epoch", "epoch": "88/100", "train_loss": 1.1553402277139517, "train_acc": 0.5923076923076923, "val_loss": 1.380189299583435, "val_acc": 0.2857142857142857}
{"type": "epoch", "epoch": 89, "total_epochs": 100, "train_loss": 1.1345547040303547, "train_acc": 0.6064102564102564, "val_loss": 1.3540542125701904, "val_acc": 0.34285714285714286}
{"type": "epoch", "epoch": "89/100", "train_loss": 1.1345547040303547, "train_acc": 0.6064102564102564, "val_loss": 1.3540542125701904, "val_acc": 0.34285714285714286}
{"type": "epoch", "epoch": 90, "total_epochs": 100, "train_loss": 1.197165620021331, "train_acc": 0.5564102564102564, "val_loss": 1.352623701095581, "val_acc": 0.37142857142857144}
{"type": "epoch", "epoch": "90/100", "train_loss": 1.197165620021331, "train_acc": 0.5564102564102564, "val_loss": 1.352623701095581, "val_acc": 0.37142857142857144}
{"type": "epoch", "epoch": 91, "total_epochs": 100, "train_loss": 1.1670412387603368, "train_acc": 0.5833333333333334, "val_loss": 1.3436849117279053, "val_acc": 0.37142857142857144}
{"type": "epoch", "epoch": "91/100", "train_loss": 1.1670412387603368, "train_acc": 0.5833333333333334, "val_loss": 1.3436849117279053, "val_acc": 0.37142857142857144}
{"type": "epoch", "epoch": 92, "total_epochs": 100, "train_loss": 1.1388725244081936, "train_acc": 0.6, "val_loss": 1.3492563962936401, "val_acc": 0.3142857142857143}
{"type": "epoch", "epoch": "92/100", "train_loss": 1.1388725244081936, "train_acc": 0.6, "val_loss": 1.3492563962936401, "val_acc": 0.3142857142857143}
{"type": "epoch", "epoch": 93, "total_epochs": 100, "train_loss": 1.1858317081744854, "train_acc": 0.5756410256410256, "val_loss": 1.4085774421691895, "val_acc": 0.37142857142857144}
{"type": "epoch", "epoch": "93/100", "train_loss": 1.1858317081744854, "train_acc": 0.5756410256410256, "val_loss": 1.4085774421691895, "val_acc": 0.37142857142857144}
{"type": "epoch", "epoch": 94, "total_epochs": 100, "train_loss": 1.1157531591562124, "train_acc": 0.6153846153846154, "val_loss": 1.34136962890625, "val_acc": 0.37142857142857144}
{"type": "epoch", "epoch": "94/100", "train_loss": 1.1157531591562124, "train_acc": 0.6153846153846154, "val_loss": 1.34136962890625, "val_acc": 0.37142857142857144}
{"type": "epoch", "epoch": 95, "total_epochs": 100, "train_loss": 1.1792170292291886, "train_acc": 0.5525641025641026, "val_loss": 1.3380978107452393, "val_acc": 0.37142857142857144}
{"type": "epoch", "epoch": "95/100", "train_loss": 1.1792170292291886, "train_acc": 0.5525641025641026, "val_loss": 1.3380978107452393, "val_acc": 0.37142857142857144}
{"type": "epoch", "epoch": 96, "total_epochs": 100, "train_loss": 1.1955338227443206, "train_acc": 0.5512820512820513, "val_loss": 1.3481342792510986, "val_acc": 0.34285714285714286}
{"type": "epoch", "epoch": "96/100", "train_loss": 1.1955338227443206, "train_acc": 0.5512820512820513, "val_loss": 1.3481342792510986, "val_acc": 0.34285714285714286}
{"type": "epoch", "epoch": 97, "total_epochs": 100, "train_loss": 1.2091741788081634, "train_acc": 0.5512820512820513, "val_loss": 1.3483409881591797, "val_acc": 0.37142857142857144}
{"type": "epoch", "epoch": "97/100", "train_loss": 1.2091741788081634, "train_acc": 0.5512820512820513, "val_loss": 1.3483409881591797, "val_acc": 0.37142857142857144}
{"type": "epoch", "epoch": 98, "total_epochs": 100, "train_loss": 1.1581489489628718, "train_acc": 0.5782051282051283, "val_loss": 1.3660492897033691, "val_acc": 0.37142857142857144}
{"type": "epoch", "epoch": "98/100", "train_loss": 1.1581489489628718, "train_acc": 0.5782051282051283, "val_loss": 1.3660492897033691, "val_acc": 0.37142857142857144}
{"type": "epoch", "epoch": 99, "total_epochs": 100, "train_loss": 1.1076065595333393, "train_acc": 0.6538461538461539, "val_loss": 1.350417971611023, "val_acc": 0.34285714285714286}
{"type": "epoch", "epoch": "99/100", "train_loss": 1.1076065595333393, "train_acc": 0.6538461538461539, "val_loss": 1.350417971611023, "val_acc": 0.34285714285714286}
{"type": "epoch", "epoch": 100, "total_epochs": 100, "train_loss": 1.1883725270246848, "train_acc": 0.5705128205128205, "val_loss": 1.3510501384735107, "val_acc": 0.4}
{"type": "epoch", "epoch": "100/100", "train_loss": 1.1883725270246848, "train_acc": 0.5705128205128205, "val_loss": 1.3510501384735107, "val_acc": 0.4}
{"type": "complete", "message": "Training completed successfully for Shallow ConvNet on master_physionet!", "final_val_acc": 0.4, "latency_ms": 11.733531951904297}

======================================
Training Model: MiniRocket on Dataset: Dreamer
======================================
{"type": "progress", "message": "Extracting DREAMER data for subjects 1 to 5..."}
Loading DREAMER from D:\eeg-minirocket-project\dataset\DREAMER.mat...
DREAMER loaded -> X shape: (74200, 14, 128), y shape: (74200,)
{"type": "info", "message": "Dataset already has exactly 14 channels. Keeping original spatial order."}
{"type": "info", "message": "No metadata found. Using temporal slice..."}
{"type": "info", "message": "Augmenting training data... Original shape: (59359, 14, 128)"}
{"type": "info", "message": "Augmented shape: (59359, 14, 128)"}
{"type": "progress", "message": "Training GPU-Accelerated MiniRocket..."}
[MiniRocketPipeline] Using device: cuda
[MiniRocketPipeline] Extracting PPV features on GPU...
[MiniRocketPipeline] Training GPU MLP Head...
[MiniRocketPipeline] Done in 1056.29s
{"type": "chart_update", "epoch": 100, "train_loss": 0.0, "train_acc": 0.3617985478192018, "val_loss": 0.0, "val_acc": 0.2918183043536865}
{"type": "complete", "message": "Training completed successfully for MiniRocket on master_dreamer!", "final_val_acc": 0.3146052277014282, "latency_ms": 277.2383689880371}

======================================
Training Model: CNN-LSTM on Dataset: Dreamer
======================================
{"type": "info", "message": "Dataset already has exactly 14 channels. Keeping original spatial order."}
{"type": "info", "message": "No metadata found. Using temporal slice..."}
{"type": "info", "message": "Augmenting training data... Original shape: (59359, 14, 128)"}
{"type": "info", "message": "Augmented shape: (59359, 14, 128)"}
{"type": "progress", "message": "Training CNN-LSTM Baseline..."}
{"type": "reset_chart"}
{"type": "epoch", "epoch": "1/100", "train_loss": 0.9384577702738112, "train_acc": 0.5224818477400226, "val_loss": 1.5837101936340332, "val_acc": 0.2198409489149481}
{"type": "epoch", "epoch": "2/100", "train_loss": 0.83401835478871, "train_acc": 0.5951245809397059, "val_loss": 1.484509825706482, "val_acc": 0.24477692411376195}
{"type": "epoch", "epoch": "3/100", "train_loss": 0.7759460955208051, "train_acc": 0.6270152799070066, "val_loss": 1.5035215616226196, "val_acc": 0.26378218088691197}
{"type": "epoch", "epoch": "4/100", "train_loss": 0.7379221575323905, "train_acc": 0.6510891355986456, "val_loss": 1.5561165809631348, "val_acc": 0.26297344655613963}
{"type": "epoch", "epoch": "5/100", "train_loss": 0.7091670082556486, "train_acc": 0.667480921174548, "val_loss": 1.7995399236679077, "val_acc": 0.2260412454508694}
{"type": "epoch", "epoch": "6/100", "train_loss": 0.6781972402245748, "train_acc": 0.6831314543708621, "val_loss": 1.6303597688674927, "val_acc": 0.23156759671114704}
{"type": "epoch", "epoch": "7/100", "train_loss": 0.6567218379261909, "train_acc": 0.6989336073720919, "val_loss": 1.7950161695480347, "val_acc": 0.25003369726378216}
{"type": "epoch", "epoch": "8/100", "train_loss": 0.6302298005414191, "train_acc": 0.7114169713101636, "val_loss": 1.905076026916504, "val_acc": 0.2736217819113088}
{"type": "epoch", "epoch": "9/100", "train_loss": 0.6082855603326156, "train_acc": 0.7249785205276369, "val_loss": 2.030811309814453, "val_acc": 0.22294109718290875}
{"type": "epoch", "epoch": "10/100", "train_loss": 0.5811382931596087, "train_acc": 0.7379504371704375, "val_loss": 2.0215659141540527, "val_acc": 0.24221593206631623}
{"type": "epoch", "epoch": "11/100", "train_loss": 0.563866564916788, "train_acc": 0.7510908202631446, "val_loss": 1.9529139995574951, "val_acc": 0.272543469470279}
{"type": "epoch", "epoch": "12/100", "train_loss": 0.5442298410436223, "train_acc": 0.757425158779629, "val_loss": 1.7330764532089233, "val_acc": 0.2579862515163769}
{"type": "epoch", "epoch": "13/100", "train_loss": 0.5271266445583562, "train_acc": 0.7663370339796829, "val_loss": 2.1714158058166504, "val_acc": 0.21943658174956193}
{"type": "epoch", "epoch": "14/100", "train_loss": 0.5110204471927116, "train_acc": 0.7737327111305784, "val_loss": 2.3493757247924805, "val_acc": 0.255964415689446}
{"type": "epoch", "epoch": "15/100", "train_loss": 0.497918285987402, "train_acc": 0.7806398355767449, "val_loss": 2.332303524017334, "val_acc": 0.23534169025475132}
{"type": "epoch", "epoch": "16/100", "train_loss": 0.4850104944040701, "train_acc": 0.7867888609983322, "val_loss": 2.2899630069732666, "val_acc": 0.23102844049063215}
{"type": "epoch", "epoch": "17/100", "train_loss": 0.469898744946403, "train_acc": 0.795077410333732, "val_loss": 2.55533504486084, "val_acc": 0.22455856584445344}
{"type": "epoch", "epoch": "18/100", "train_loss": 0.4560843507181062, "train_acc": 0.8013949022052258, "val_loss": 2.700357675552368, "val_acc": 0.23965494001887047}
{"type": "epoch", "epoch": "19/100", "train_loss": 0.4461462200983296, "train_acc": 0.8058929564177294, "val_loss": 2.6230430603027344, "val_acc": 0.25636878285483217}
{"type": "epoch", "epoch": "20/100", "train_loss": 0.4339428235422591, "train_acc": 0.811839822099429, "val_loss": 2.6859829425811768, "val_acc": 0.24464213505863325}
{"type": "epoch", "epoch": "21/100", "train_loss": 0.4238345065729648, "train_acc": 0.8176350679762125, "val_loss": 2.9705560207366943, "val_acc": 0.25111200970481196}
{"type": "epoch", "epoch": "22/100", "train_loss": 0.4113420540868466, "train_acc": 0.8207685439444734, "val_loss": 2.7638814449310303, "val_acc": 0.253538212697129}
{"type": "epoch", "epoch": "23/100", "train_loss": 0.4015701575774798, "train_acc": 0.8252497515119864, "val_loss": 2.920330047607422, "val_acc": 0.22159320663162152}
{"type": "epoch", "epoch": "24/100", "train_loss": 0.3940946544911088, "train_acc": 0.8301689718492562, "val_loss": 2.9006922245025635, "val_acc": 0.20528373096104596}
{"type": "epoch", "epoch": "25/100", "train_loss": 0.38096369234333405, "train_acc": 0.8351724254114793, "val_loss": 3.3259966373443604, "val_acc": 0.25394257986251517}
{"type": "epoch", "epoch": "26/100", "train_loss": 0.37927944338581354, "train_acc": 0.8371940228103573, "val_loss": 2.9179697036743164, "val_acc": 0.22752392505728536}
{"type": "epoch", "epoch": "27/100", "train_loss": 0.36944762458306674, "train_acc": 0.8427871089472532, "val_loss": 3.3405685424804688, "val_acc": 0.22199757379700769}
{"type": "epoch", "epoch": "28/100", "train_loss": 0.3569711812896009, "train_acc": 0.8484981215990836, "val_loss": 3.3053078651428223, "val_acc": 0.21714516781237364}
{"type": "epoch", "epoch": "29/100", "train_loss": 0.3528242455321736, "train_acc": 0.8497110800384103, "val_loss": 3.679732084274292, "val_acc": 0.2357460574201375}
{"type": "epoch", "epoch": "30/100", "train_loss": 0.34531194538670806, "train_acc": 0.8529287892316245, "val_loss": 3.925018310546875, "val_acc": 0.2043402075751449}
{"type": "epoch", "epoch": "31/100", "train_loss": 0.33218469311219445, "train_acc": 0.8591957411681463, "val_loss": 3.771502733230591, "val_acc": 0.17495619355708317}
{"type": "epoch", "epoch": "32/100", "train_loss": 0.32666612943891793, "train_acc": 0.8621270573965195, "val_loss": 3.5411057472229004, "val_acc": 0.23722873702655345}
{"type": "epoch", "epoch": "33/100", "train_loss": 0.31873428035574475, "train_acc": 0.8648899071749862, "val_loss": 4.098446369171143, "val_acc": 0.19193961450330232}
{"type": "epoch", "epoch": "34/100", "train_loss": 0.3134203982699839, "train_acc": 0.8675179837935275, "val_loss": 3.7175087928771973, "val_acc": 0.26189513411510984}
{"type": "epoch", "epoch": "35/100", "train_loss": 0.3076604338358326, "train_acc": 0.8700449805421251, "val_loss": 4.438742637634277, "val_acc": 0.20474457474053107}
{"type": "epoch", "epoch": "36/100", "train_loss": 0.30075951297460024, "train_acc": 0.8735322360551896, "val_loss": 4.117491245269775, "val_acc": 0.26162555600485243}
{"type": "epoch", "epoch": "37/100", "train_loss": 0.292382249399932, "train_acc": 0.8770700315032262, "val_loss": 3.82822847366333, "val_acc": 0.24720312710607897}
{"type": "epoch", "epoch": "38/100", "train_loss": 0.28815192596500167, "train_acc": 0.8797991879917114, "val_loss": 4.142545223236084, "val_acc": 0.21054050411106617}
{"type": "epoch", "epoch": "39/100", "train_loss": 0.2798449697183867, "train_acc": 0.8841287757543085, "val_loss": 3.635986089706421, "val_acc": 0.24693354899582154}
{"type": "epoch", "epoch": "40/100", "train_loss": 0.27264308889077, "train_acc": 0.8856281271584764, "val_loss": 4.741034030914307, "val_acc": 0.22927618277395875}
{"type": "epoch", "epoch": "41/100", "train_loss": 0.2695798211453765, "train_acc": 0.8889300695766438, "val_loss": 4.225022792816162, "val_acc": 0.20703598867771936}
{"type": "epoch", "epoch": "42/100", "train_loss": 0.26667427723855874, "train_acc": 0.8889637628666252, "val_loss": 4.382556915283203, "val_acc": 0.20730556678797682}
{"type": "epoch", "epoch": "43/100", "train_loss": 0.2591022589949999, "train_acc": 0.8934618170791286, "val_loss": 4.88572359085083, "val_acc": 0.21835826930853214}
{"type": "epoch", "epoch": "44/100", "train_loss": 0.25454656607631676, "train_acc": 0.8940682962987921, "val_loss": 5.176696300506592, "val_acc": 0.22509772206496834}
{"type": "epoch", "epoch": "45/100", "train_loss": 0.25106922477254306, "train_acc": 0.8957529607978572, "val_loss": 4.961430549621582, "val_acc": 0.2048793637956598}
{"type": "epoch", "epoch": "46/100", "train_loss": 0.24684020018496844, "train_acc": 0.8984147307063798, "val_loss": 4.732382774353027, "val_acc": 0.23884620568809814}
{"type": "epoch", "epoch": "47/100", "train_loss": 0.23872659449251268, "train_acc": 0.9015987466096127, "val_loss": 4.679574966430664, "val_acc": 0.23331985442782047}
{"type": "epoch", "epoch": "48/100", "train_loss": 0.23598602408834335, "train_acc": 0.9022726124092387, "val_loss": 4.964073657989502, "val_acc": 0.21202318371748213}
{"type": "epoch", "epoch": "49/100", "train_loss": 0.226219506640104, "train_acc": 0.9068043599117236, "val_loss": 5.117407321929932, "val_acc": 0.23668958080603855}
{"type": "epoch", "epoch": "50/100", "train_loss": 0.22525707342998444, "train_acc": 0.9071075995215553, "val_loss": 5.174529075622559, "val_acc": 0.23264590915217684}
{"type": "epoch", "epoch": "51/100", "train_loss": 0.22197598035411575, "train_acc": 0.9089775771155174, "val_loss": 5.116245746612549, "val_acc": 0.23480253403423643}
{"type": "epoch", "epoch": "52/100", "train_loss": 0.22277626748933238, "train_acc": 0.9092808167253491, "val_loss": 5.144033432006836, "val_acc": 0.21081008222132364}
{"type": "epoch", "epoch": "53/100", "train_loss": 0.21271504867110813, "train_acc": 0.9137283310028808, "val_loss": 5.060998439788818, "val_acc": 0.20177921552769915}
{"type": "epoch", "epoch": "54/100", "train_loss": 0.21361199136965942, "train_acc": 0.9131555450731986, "val_loss": 6.057565689086914, "val_acc": 0.21781911308801724}
{"type": "epoch", "epoch": "55/100", "train_loss": 0.20380033630191216, "train_acc": 0.916171094526525, "val_loss": 5.585632801055908, "val_acc": 0.20366626229950127}
{"type": "epoch", "epoch": "56/100", "train_loss": 0.20257706178585416, "train_acc": 0.9179399922505433, "val_loss": 5.462245464324951, "val_acc": 0.22941097182908748}
{"type": "epoch", "epoch": "57/100", "train_loss": 0.1964494671202081, "train_acc": 0.9202142893242811, "val_loss": 5.699252605438232, "val_acc": 0.18493058363660872}
{"type": "epoch", "epoch": "58/100", "train_loss": 0.1961731390649794, "train_acc": 0.9209218484138884, "val_loss": 5.816393852233887, "val_acc": 0.21269712899312576}
{"type": "complete", "message": "Training completed successfully for CNN-LSTM on master_dreamer!", "final_val_acc": 0.36769064942064134, "latency_ms": 59.07917022705078}

======================================
Training Model: Advanced Transformer on Dataset: Dreamer
======================================
{"type": "info", "message": "Dataset already has exactly 14 channels. Keeping original spatial order."}
{"type": "info", "message": "No metadata found. Using temporal slice..."}
{"type": "info", "message": "Augmenting training data... Original shape: (59359, 14, 128)"}
{"type": "info", "message": "Augmented shape: (59359, 14, 128)"}
{"type": "progress", "message": "Training Advanced Transformer (Conformer)..."}
{"type": "reset_chart"}
[AdvancedEEGPipeline] Using device: cuda
D:\pip_packages\torch\nn\modules\conv.py:549: UserWarning: Using padding='same' with even kernel lengths and odd dilation may require a zero-padded copy of the input be created (Triggered internally at C:\actions-runner\_work\pytorch\pytorch\pytorch\aten\src\ATen\native\Convolution.cpp:1037.)
  return F.conv2d(
{"type": "epoch", "epoch": "1/100", "train_loss": 1.0597613620860824, "train_acc": 0.418605434727674, "val_loss": 1.1819033874368263, "val_acc": 0.2730826256907939}
{"type": "epoch", "epoch": "2/100", "train_loss": 1.01330127856084, "train_acc": 0.4646978554220927, "val_loss": 1.2399149389822282, "val_acc": 0.30718425663836096}
{"type": "epoch", "epoch": "3/100", "train_loss": 0.9890227071170149, "train_acc": 0.4905911487727219, "val_loss": 1.306659773669003, "val_acc": 0.2674214853753875}
{"type": "epoch", "epoch": "4/100", "train_loss": 0.9688320594743408, "train_acc": 0.5101669502518573, "val_loss": 1.2932449944788338, "val_acc": 0.2329154872624343}
{"type": "epoch", "epoch": "5/100", "train_loss": 0.9508542941947435, "train_acc": 0.5294226654761705, "val_loss": 1.3448224240902187, "val_acc": 0.2575818843509907}
{"type": "epoch", "epoch": "6/100", "train_loss": 0.927210555957823, "train_acc": 0.5530753550430432, "val_loss": 1.4198682594209335, "val_acc": 0.2133710742687694}
{"type": "epoch", "epoch": "7/100", "train_loss": 0.9044215448586077, "train_acc": 0.5729543961320103, "val_loss": 1.4250921883308625, "val_acc": 0.20744035584310555}
{"type": "epoch", "epoch": "8/100", "train_loss": 0.878953203173547, "train_acc": 0.5918057918765478, "val_loss": 1.391146925569368, "val_acc": 0.26688232915487264}
{"type": "epoch", "epoch": "9/100", "train_loss": 0.8524080660707992, "train_acc": 0.6144139894540003, "val_loss": 1.538803972537859, "val_acc": 0.23143280765601834}
{"type": "epoch", "epoch": "10/100", "train_loss": 0.8290498277236675, "train_acc": 0.6320187334692297, "val_loss": 1.527463397723932, "val_acc": 0.2826526486049333}
{"type": "epoch", "epoch": "11/100", "train_loss": 0.8039691974890644, "train_acc": 0.64783773311545, "val_loss": 1.4525833017888103, "val_acc": 0.31810217010378755}
{"type": "epoch", "epoch": "12/100", "train_loss": 0.779114658847965, "train_acc": 0.6651055442308664, "val_loss": 1.480063794115223, "val_acc": 0.20690119962259065}
{"type": "epoch", "epoch": "13/100", "train_loss": 0.7526343684515049, "train_acc": 0.68255866844118, "val_loss": 1.749868072192774, "val_acc": 0.22995012804960238}
{"type": "epoch", "epoch": "14/100", "train_loss": 0.731910964474082, "train_acc": 0.6971815562930642, "val_loss": 1.8896525926804635, "val_acc": 0.23048928427011728}
{"type": "epoch", "epoch": "15/100", "train_loss": 0.7093423325247292, "train_acc": 0.7101534729358648, "val_loss": 1.8849625682907938, "val_acc": 0.29680549939344925}
{"type": "epoch", "epoch": "16/100", "train_loss": 0.6897871347850767, "train_acc": 0.7226199902289459, "val_loss": 1.8545029038029357, "val_acc": 0.30300579592937055}
{"type": "epoch", "epoch": "17/100", "train_loss": 0.6750053690810656, "train_acc": 0.732677437288364, "val_loss": 1.949486011571199, "val_acc": 0.29855775711012267}
{"type": "epoch", "epoch": "18/100", "train_loss": 0.6595884815886103, "train_acc": 0.7424484913829411, "val_loss": 2.2119141298896428, "val_acc": 0.20002695781102575}
{"type": "epoch", "epoch": "19/100", "train_loss": 0.6478758757163224, "train_acc": 0.7505685742684345, "val_loss": 2.0396382987041295, "val_acc": 0.23278069820730557}
{"type": "epoch", "epoch": "20/100", "train_loss": 0.6335958048765515, "train_acc": 0.7575093920045823, "val_loss": 2.1466479272208683, "val_acc": 0.24288987734195983}
{"type": "epoch", "epoch": "21/100", "train_loss": 0.6287346788649929, "train_acc": 0.7627486985966745, "val_loss": 2.2297379215670845, "val_acc": 0.2186278474187896}
{"type": "epoch", "epoch": "22/100", "train_loss": 0.6177044021415299, "train_acc": 0.7670445930692903, "val_loss": 2.2708618728952885, "val_acc": 0.25636878285483217}
{"type": "epoch", "epoch": "23/100", "train_loss": 0.6074861590268796, "train_acc": 0.773699017840597, "val_loss": 2.1854873036804796, "val_acc": 0.2804960237228737}
{"type": "epoch", "epoch": "24/100", "train_loss": 0.6008425005551042, "train_acc": 0.7781802254081099, "val_loss": 2.4835520256945895, "val_acc": 0.22455856584445344}
{"type": "epoch", "epoch": "25/100", "train_loss": 0.5922069015495223, "train_acc": 0.7839417779949123, "val_loss": 2.1185780186298997, "val_acc": 0.280361234667745}
{"type": "epoch", "epoch": "26/100", "train_loss": 0.5847137310574281, "train_acc": 0.786654087838407, "val_loss": 2.379286095048077, "val_acc": 0.26984768836770456}
{"type": "epoch", "epoch": "27/100", "train_loss": 0.5778457060905879, "train_acc": 0.7920113209454337, "val_loss": 2.2966813400020207, "val_acc": 0.21525812104057152}
{"type": "epoch", "epoch": "28/100", "train_loss": 0.572239131056543, "train_acc": 0.795515423103489, "val_loss": 2.6876709169415327, "val_acc": 0.2249629330098396}
{"type": "epoch", "epoch": "29/100", "train_loss": 0.563302848295405, "train_acc": 0.7991206051314881, "val_loss": 2.455520233514737, "val_acc": 0.20932740261490768}
{"type": "epoch", "epoch": "30/100", "train_loss": 0.5559260011168903, "train_acc": 0.8045789181084587, "val_loss": 2.603301409457729, "val_acc": 0.22577166734061194}
{"type": "epoch", "epoch": "31/100", "train_loss": 0.5502444663695221, "train_acc": 0.8067858286022339, "val_loss": 2.492074193811783, "val_acc": 0.2507076425394258}
{"type": "epoch", "epoch": "32/100", "train_loss": 0.5429869025688747, "train_acc": 0.8133897134385687, "val_loss": 2.672560395666139, "val_acc": 0.23668958080603855}
{"type": "epoch", "epoch": "33/100", "train_loss": 0.5399556971508367, "train_acc": 0.8136929530484004, "val_loss": 2.745842813015434, "val_acc": 0.23588084647526622}
{"type": "epoch", "epoch": "34/100", "train_loss": 0.5308000360904582, "train_acc": 0.8192354992503244, "val_loss": 2.4854037386015877, "val_acc": 0.2462596037201779}
{"type": "epoch", "epoch": "35/100", "train_loss": 0.5201230573243109, "train_acc": 0.826664869691201, "val_loss": 2.9450692157729934, "val_acc": 0.18668284135328211}
{"type": "epoch", "epoch": "36/100", "train_loss": 0.5176892856392881, "train_acc": 0.8275072019407335, "val_loss": 2.743308225689045, "val_acc": 0.24073325245990027}
{"type": "epoch", "epoch": "37/100", "train_loss": 0.5165615013383072, "train_acc": 0.8287370070250509, "val_loss": 2.8084722269672415, "val_acc": 0.21377544143415556}
{"type": "epoch", "epoch": "38/100", "train_loss": 0.509228204344881, "train_acc": 0.8318704829933119, "val_loss": 2.5362340286906346, "val_acc": 0.26310823561126834}
{"type": "epoch", "epoch": "39/100", "train_loss": 0.50444664809339, "train_acc": 0.8342627065819842, "val_loss": 2.6313418312075325, "val_acc": 0.22401940962393854}
{"type": "epoch", "epoch": "40/100", "train_loss": 0.4949014988438836, "train_acc": 0.8388618406644317, "val_loss": 2.8331470748198484, "val_acc": 0.2653996495484567}
{"type": "epoch", "epoch": "41/100", "train_loss": 0.4929209004059948, "train_acc": 0.8437810610017015, "val_loss": 2.7086561115013974, "val_acc": 0.220380105135463}
{"type": "epoch", "epoch": "42/100", "train_loss": 0.4874870029502901, "train_acc": 0.8435283613268417, "val_loss": 2.7968254851305128, "val_acc": 0.243294244507346}
{"type": "epoch", "epoch": "43/100", "train_loss": 0.48151477297832224, "train_acc": 0.8476220960595697, "val_loss": 2.883576730268473, "val_acc": 0.26297344655613963}
{"type": "epoch", "epoch": "44/100", "train_loss": 0.48256671399777307, "train_acc": 0.847605249414579, "val_loss": 2.6365290902537915, "val_acc": 0.2538077908073864}
{"type": "epoch", "epoch": "45/100", "train_loss": 0.47051290310276994, "train_acc": 0.852709782846746, "val_loss": 2.834588608759114, "val_acc": 0.24693354899582154}
{"type": "epoch", "epoch": "46/100", "train_loss": 0.4657989947189545, "train_acc": 0.8549672332754932, "val_loss": 2.9169334024893883, "val_acc": 0.19719638765332256}
{"type": "epoch", "epoch": "47/100", "train_loss": 0.4625763618226709, "train_acc": 0.8581512491787261, "val_loss": 3.085230378195802, "val_acc": 0.2484162286022375}
{"type": "epoch", "epoch": "48/100", "train_loss": 0.4571195097704386, "train_acc": 0.8605434727673984, "val_loss": 2.7094480740379687, "val_acc": 0.27618277395875457}
{"type": "epoch", "epoch": "49/100", "train_loss": 0.45043085640745945, "train_acc": 0.862632456746239, "val_loss": 2.736266425427505, "val_acc": 0.22348025340342365}
{"type": "epoch", "epoch": "50/100", "train_loss": 0.4437935779449241, "train_acc": 0.868073923078219, "val_loss": 2.594118145537643, "val_acc": 0.262299501280496}
{"type": "epoch", "epoch": "51/100", "train_loss": 0.43371236415836834, "train_acc": 0.8732963830253205, "val_loss": 3.0085376834817965, "val_acc": 0.24545086938940558}
{"type": "epoch", "epoch": "52/100", "train_loss": 0.4354001526592364, "train_acc": 0.8730605299954514, "val_loss": 2.898323616099046, "val_acc": 0.2643213371074269}
{"type": "epoch", "epoch": "53/100", "train_loss": 0.4254000837882531, "train_acc": 0.8776933573678802, "val_loss": 3.2043649143150095, "val_acc": 0.24167677584580133}
{"type": "epoch", "epoch": "54/100", "train_loss": 0.4202446787907132, "train_acc": 0.8810458397210196, "val_loss": 2.897919868712702, "val_acc": 0.2362852136406524}
{"type": "epoch", "epoch": "55/100", "train_loss": 0.41576963810828227, "train_acc": 0.8831348236998602, "val_loss": 2.9229076133293033, "val_acc": 0.25003369726378216}
{"type": "epoch", "epoch": "56/100", "train_loss": 0.41264718668214206, "train_acc": 0.884347782139187, "val_loss": 3.03520708120099, "val_acc": 0.22374983151368108}
{"type": "epoch", "epoch": "57/100", "train_loss": 0.40880740080671063, "train_acc": 0.8865883859229434, "val_loss": 2.97167864419778, "val_acc": 0.23588084647526622}
{"type": "epoch", "epoch": "58/100", "train_loss": 0.40211290103415476, "train_acc": 0.8898060951161576, "val_loss": 3.1767431414180374, "val_acc": 0.22523251112009704}
{"type": "epoch", "epoch": "59/100", "train_loss": 0.3942037577227015, "train_acc": 0.893781903333951, "val_loss": 3.145547453549564, "val_acc": 0.2507076425394258}
{"type": "epoch", "epoch": "60/100", "train_loss": 0.38982348185803356, "train_acc": 0.8956181876379319, "val_loss": 2.9788171903096305, "val_acc": 0.2653996495484567}
{"type": "epoch", "epoch": "61/100", "train_loss": 0.38888702621876164, "train_acc": 0.8974713185869034, "val_loss": 3.1609704727463876, "val_acc": 0.2346677449791077}
{"type": "epoch", "epoch": "62/100", "train_loss": 0.38196295183473106, "train_acc": 0.900621641200155, "val_loss": 3.2800142726481707, "val_acc": 0.23143280765601834}
{"type": "epoch", "epoch": "63/100", "train_loss": 0.37516955381002404, "train_acc": 0.9042605165181354, "val_loss": 3.0784677803267333, "val_acc": 0.24706833805095027}
{"type": "epoch", "epoch": "64/100", "train_loss": 0.36962396131250363, "train_acc": 0.9069391330716488, "val_loss": 2.986236238948803, "val_acc": 0.24235072112144493}
{"type": "epoch", "epoch": "65/100", "train_loss": 0.3639809710840727, "train_acc": 0.9114034939941711, "val_loss": 2.9034683429290222, "val_acc": 0.24922496293300983}
{"type": "epoch", "epoch": "66/100", "train_loss": 0.3593883284624538, "train_acc": 0.9128859987533483, "val_loss": 3.1611759822666525, "val_acc": 0.2397897290739992}
{"type": "epoch", "epoch": "67/100", "train_loss": 0.35586996365274337, "train_acc": 0.9145875098974039, "val_loss": 3.1210566789478222, "val_acc": 0.24720312710607897}
{"type": "epoch", "epoch": "68/100", "train_loss": 0.3520073963907258, "train_acc": 0.9149581360871982, "val_loss": 3.182239250603961, "val_acc": 0.23749831513681088}
{"type": "epoch", "epoch": "69/100", "train_loss": 0.3419910931381686, "train_acc": 0.9213093212486734, "val_loss": 2.8741551791421327, "val_acc": 0.2548861032484162}
{"type": "epoch", "epoch": "70/100", "train_loss": 0.3399874111958619, "train_acc": 0.9230276790377197, "val_loss": 3.0621093080152733, "val_acc": 0.2484162286022375}
{"type": "epoch", "epoch": "71/100", "train_loss": 0.3353966446272258, "train_acc": 0.9253019761114574, "val_loss": 3.1586643507063172, "val_acc": 0.22873702655344386}
{"type": "epoch", "epoch": "72/100", "train_loss": 0.3317705495764726, "train_acc": 0.9271382604154382, "val_loss": 3.0178130459698695, "val_acc": 0.23682436986116728}
{"type": "epoch", "epoch": "73/100", "train_loss": 0.3267310235071285, "train_acc": 0.9300358833538301, "val_loss": 3.122008057967208, "val_acc": 0.24140719773554387}
{"type": "epoch", "epoch": "74/100", "train_loss": 0.32082090823879017, "train_acc": 0.931922707592783, "val_loss": 3.176995915340789, "val_acc": 0.23170238576627578}
{"type": "epoch", "epoch": "75/100", "train_loss": 0.31599676320008163, "train_acc": 0.9347192506612308, "val_loss": 3.12552446351088, "val_acc": 0.22819787033292896}
{"type": "epoch", "epoch": "76/100", "train_loss": 0.3154799070787327, "train_acc": 0.935814282585623, "val_loss": 3.1434022403017243, "val_acc": 0.24491171316889068}
{"type": "epoch", "epoch": "77/100", "train_loss": 0.3080573285897744, "train_acc": 0.9394700045485942, "val_loss": 3.154590313253674, "val_acc": 0.23911578379835557}
{"type": "epoch", "epoch": "78/100", "train_loss": 0.3077052725832267, "train_acc": 0.9394026179686316, "val_loss": 3.2868812561742153, "val_acc": 0.23331985442782047}
{"type": "epoch", "epoch": "79/100", "train_loss": 0.30352845966237885, "train_acc": 0.9416600683973787, "val_loss": 3.201417065000965, "val_acc": 0.24774228332659387}
{"type": "epoch", "epoch": "80/100", "train_loss": 0.30190902792623847, "train_acc": 0.942317087552014, "val_loss": 3.304753953707734, "val_acc": 0.23331985442782047}
{"type": "epoch", "epoch": "81/100", "train_loss": 0.29885814878447303, "train_acc": 0.944338684950892, "val_loss": 3.074311818214002, "val_acc": 0.23668958080603855}
{"type": "epoch", "epoch": "82/100", "train_loss": 0.2937142599117139, "train_acc": 0.9447935443656396, "val_loss": 3.249432183160408, "val_acc": 0.23655479175090982}
{"type": "epoch", "epoch": "83/100", "train_loss": 0.29036979268080204, "train_acc": 0.9473036944692464, "val_loss": 3.308188054259213, "val_acc": 0.22482814395471087}
{"type": "epoch", "epoch": "84/100", "train_loss": 0.28750239062155114, "train_acc": 0.947994406913863, "val_loss": 3.3035238589667166, "val_acc": 0.2387114166329694}
{"type": "epoch", "epoch": "85/100", "train_loss": 0.28801613814871885, "train_acc": 0.9481460267187789, "val_loss": 3.1846256666804345, "val_acc": 0.24194635395605876}
